image_path,IMAGE,MEDICINE_NAME,GENERIC_NAME,source,source_split,raw_text,match_method,match_score,label
D:\ediprjcursor\data\datasetHand\Training\training_words\1709.png,1709.png,Leptic,Clonazepam,datasetHand,training,,,,42
D:\ediprjcursor\data\datasetHand\Training\training_words\2597.png,2597.png,Provair,Montelukast Sodium,datasetHand,training,,,,64
D:\ediprjcursor\data\datasetHand\Training\training_words\2752.png,2752.png,Rivotril,Clonazepam,datasetHand,training,,,,68
D:\ediprjcursor\data\datasetHand\Training\training_words\2319.png,2319.png,Nexum,Esomeprazole,datasetHand,training,,,,57
D:\ediprjcursor\data\datasetHand\Training\training_words\1931.png,1931.png,Metro,Metronidazole,datasetHand,training,,,,48
D:\ediprjcursor\data\datasetHand\Training\training_words\2993.png,2993.png,Tridosil,Azithromycin Dihydrate,datasetHand,training,,,,74
D:\ediprjcursor\data\datasetHand\Training\training_words\20.png,20.png,Aceta,Paracetamol,datasetHand,training,,,,1
D:\ediprjcursor\data\datasetHand\Training\training_words\1932.png,1932.png,Metro,Metronidazole,datasetHand,training,,,,48
D:\ediprjcursor\data\datasetHand\Training\training_words\3026.png,3026.png,Trilock,Montelukast Sodium,datasetHand,training,,,,75
D:\ediprjcursor\data\datasetHand\Training\training_words\2388.png,2388.png,Nizoder,Ketoconazole (Cream),datasetHand,training,,,,59
D:\ediprjcursor\data\datasetHand\Training\training_words\1302.png,1302.png,Filmet,Metronidazole,datasetHand,training,,,,32
D:\ediprjcursor\data\RxHandBD-ML\Train_Set\P5377.jpg,P5377.jpg,Filmet,Metronidazole,RxHandBD-ML,train,filmet,exact_clean,100.0,32
D:\ediprjcursor\data\datasetHand\Training\training_words\3076.png,3076.png,Vifas,Fexofenadine Hydrochloride,datasetHand,training,,,,76
D:\ediprjcursor\data\datasetHand\Training\training_words\675.png,675.png,Canazole,Fluconazole,datasetHand,training,,,,16
D:\ediprjcursor\data\datasetHand\Training\training_words\1432.png,1432.png,Flexibac,Baclofen,datasetHand,training,,,,35
D:\ediprjcursor\data\datasetHand\Training\training_words\651.png,651.png,Canazole,Fluconazole,datasetHand,training,,,,16
D:\ediprjcursor\data\datasetHand\Training\training_words\113.png,113.png,Alatrol,Cetirizine Hydrochloride,datasetHand,training,,,,2
D:\ediprjcursor\data\datasetHand\Training\training_words\2899.png,2899.png,Tamen,Paracetamol,datasetHand,training,,,,72
D:\ediprjcursor\data\datasetHand\Training\training_words\2446.png,2446.png,Omastin,Fluconazole,datasetHand,training,,,,61
D:\ediprjcursor\data\datasetHand\Training\training_words\78.png,78.png,Ace,Paracetamol,datasetHand,training,,,,0
D:\ediprjcursor\data\datasetHand\Training\training_words\1419.png,1419.png,Flexibac,Baclofen,datasetHand,training,,,,35
D:\ediprjcursor\data\datasetHand\Training\training_words\1356.png,1356.png,Fixal,Fexofenadine Hydrochloride,datasetHand,training,,,,33
D:\ediprjcursor\data\datasetHand\Training\training_words\856.png,856.png,Denixil,Clonazepam,datasetHand,training,,,,21
D:\ediprjcursor\data\datasetHand\Training\training_words\2632.png,2632.png,Renova,Paracetamol,datasetHand,training,,,,65
D:\ediprjcursor\data\datasetHand\Training\training_words\1390.png,1390.png,Flamyd,Metronidazole,datasetHand,training,,,,34
D:\ediprjcursor\data\datasetHand\Training\training_words\638.png,638.png,Bicozin,Vitamin B Complex + Zinc,datasetHand,training,,,,15
D:\ediprjcursor\data\datasetHand\Training\training_words\385.png,385.png,Bacaid,Baclofen,datasetHand,training,,,,9
D:\ediprjcursor\data\datasetHand\Training\training_words\2475.png,2475.png,Omastin,Fluconazole,datasetHand,training,,,,61
D:\ediprjcursor\data\RxHandBD-ML\Train_Set\P3666.jpg,P3666.jpg,Fexo,Fexofenadine Hydrochloride,RxHandBD-ML,train,Fexo,exact_clean,100.0,30
D:\ediprjcursor\data\datasetHand\Training\training_words\2664.png,2664.png,Rhinil,Cetirizine Hydrochloride,datasetHand,training,,,,66
D:\ediprjcursor\data\datasetHand\Training\training_words\2602.png,2602.png,Renova,Paracetamol,datasetHand,training,,,,65
D:\ediprjcursor\data\datasetHand\Training\training_words\1304.png,1304.png,Filmet,Metronidazole,datasetHand,training,,,,32
D:\ediprjcursor\data\datasetHand\Training\training_words\2658.png,2658.png,Rhinil,Cetirizine Hydrochloride,datasetHand,training,,,,66
D:\ediprjcursor\data\datasetHand\Training\training_words\1690.png,1690.png,Leptic,Clonazepam,datasetHand,training,,,,42
D:\ediprjcursor\data\datasetHand\Training\training_words\2572.png,2572.png,Provair,Montelukast Sodium,datasetHand,training,,,,64
D:\ediprjcursor\data\datasetHand\Training\training_words\277.png,277.png,Azithrocin,Azithromycin Dihydrate,datasetHand,training,,,,7
D:\ediprjcursor\data\datasetHand\Training\training_words\1033.png,1033.png,Esonix,Esomeprazole,datasetHand,training,,,,25
D:\ediprjcursor\data\datasetHand\Training\training_words\2267.png,2267.png,Nexcap,Esomeprazole,datasetHand,training,,,,56
D:\ediprjcursor\data\datasetHand\Training\training_words\2204.png,2204.png,Napa,Paracetamol,datasetHand,training,,,,54
D:\ediprjcursor\data\datasetHand\Training\training_words\714.png,714.png,Candinil,Fluconazole,datasetHand,training,,,,17
D:\ediprjcursor\data\datasetHand\Training\training_words\2451.png,2451.png,Omastin,Fluconazole,datasetHand,training,,,,61
D:\ediprjcursor\data\RxHandBD-ML\Train_Set\P3797.jpg,P3797.jpg,Napa Extend,Paracetamol,RxHandBD-ML,train,Napa,exact_clean,100.0,55
D:\ediprjcursor\data\datasetHand\Training\training_words\1295.png,1295.png,Filmet,Metronidazole,datasetHand,training,,,,32
D:\ediprjcursor\data\datasetHand\Training\training_words\240.png,240.png,Azithrocin,Azithromycin Dihydrate,datasetHand,training,,,,7
D:\ediprjcursor\data\RxHandBD-ML\Train_Set\P2894.jpg,P2894.jpg,Flugal,Fluconazole,RxHandBD-ML,train,Flugal,exact_clean,100.0,37
D:\ediprjcursor\data\datasetHand\Training\training_words\454.png,454.png,Baclofen,Baclofen,datasetHand,training,,,,11
D:\ediprjcursor\data\datasetHand\Training\training_words\617.png,617.png,Bicozin,Vitamin B Complex + Zinc,datasetHand,training,,,,15
D:\ediprjcursor\data\RxHandBD-ML\Train_Set\P4004.jpg,P4004.jpg,Napa Extend,Paracetamol,RxHandBD-ML,train,Napa,exact_clean,100.0,55
D:\ediprjcursor\data\datasetHand\Training\training_words\1540.png,1540.png,Ketocon,Ketoconazole (Shampoo),datasetHand,training,,,,38
D:\ediprjcursor\data\datasetHand\Training\training_words\1263.png,1263.png,Fexo,Fexofenadine Hydrochloride,datasetHand,training,,,,30
D:\ediprjcursor\data\datasetHand\Training\training_words\1939.png,1939.png,Metro,Metronidazole,datasetHand,training,,,,48
D:\ediprjcursor\data\datasetHand\Training\training_words\2971.png,2971.png,Tridosil,Azithromycin Dihydrate,datasetHand,training,,,,74
D:\ediprjcursor\data\datasetHand\Training\training_words\325.png,325.png,Az,Azithromycin Dihydrate,datasetHand,training,,,,6
D:\ediprjcursor\data\datasetHand\Training\training_words\564.png,564.png,Beklo,Baclofen,datasetHand,training,,,,14
D:\ediprjcursor\data\datasetHand\Training\training_words\2975.png,2975.png,Tridosil,Azithromycin Dihydrate,datasetHand,training,,,,74
D:\ediprjcursor\data\datasetHand\Training\training_words\2119.png,2119.png,Montene,Montelukast Sodium,datasetHand,training,,,,52
D:\ediprjcursor\data\datasetHand\Training\training_words\2083.png,2083.png,Montene,Montelukast Sodium,datasetHand,training,,,,52
D:\ediprjcursor\data\datasetHand\Training\training_words\2543.png,2543.png,Progut,Esomeprazole,datasetHand,training,,,,63
D:\ediprjcursor\data\datasetHand\Training\training_words\1439.png,1439.png,Flexibac,Baclofen,datasetHand,training,,,,35
D:\ediprjcursor\data\datasetHand\Training\training_words\2131.png,2131.png,Montex,Montelukast Sodium,datasetHand,training,,,,53
D:\ediprjcursor\data\datasetHand\Training\training_words\1872.png,1872.png,Maxima,Esomeprazole,datasetHand,training,,,,46
D:\ediprjcursor\data\datasetHand\Training\training_words\2648.png,2648.png,Rhinil,Cetirizine Hydrochloride,datasetHand,training,,,,66
D:\ediprjcursor\data\datasetHand\Training\training_words\1306.png,1306.png,Filmet,Metronidazole,datasetHand,training,,,,32
D:\ediprjcursor\data\RxHandBD-ML\Train_Set\P1624.jpg,P1624.jpg,Nexum,Esomeprazole,RxHandBD-ML,train,Nexum,exact_clean,100.0,57
D:\ediprjcursor\data\datasetHand\Training\training_words\2374.png,2374.png,Nizoder,Ketoconazole (Cream),datasetHand,training,,,,59
D:\ediprjcursor\data\datasetHand\Training\training_words\136.png,136.png,Amodis,Metronidazole,datasetHand,training,,,,3
D:\ediprjcursor\data\datasetHand\Training\training_words\1708.png,1708.png,Leptic,Clonazepam,datasetHand,training,,,,42
D:\ediprjcursor\data\datasetHand\Training\training_words\2762.png,2762.png,Romycin,Azithromycin Dihydrate (Ophthalmic),datasetHand,training,,,,69
D:\ediprjcursor\data\datasetHand\Training\training_words\3027.png,3027.png,Trilock,Montelukast Sodium,datasetHand,training,,,,75
D:\ediprjcursor\data\datasetHand\Training\training_words\1219.png,1219.png,Fexofast,Fexofenadine Hydrochloride,datasetHand,training,,,,31
D:\ediprjcursor\data\datasetHand\Training\training_words\1143.png,1143.png,Exium,Esomeprazole,datasetHand,training,,,,28
D:\ediprjcursor\data\datasetHand\Training\training_words\2006.png,2006.png,Monas,Montelukast Sodium,datasetHand,training,,,,50
D:\ediprjcursor\data\datasetHand\Training\training_words\2894.png,2894.png,Tamen,Paracetamol,datasetHand,training,,,,72
D:\ediprjcursor\data\datasetHand\Training\training_words\583.png,583.png,Beklo,Baclofen,datasetHand,training,,,,14
D:\ediprjcursor\data\datasetHand\Training\training_words\2494.png,2494.png,Opton,Esomeprazole,datasetHand,training,,,,62
D:\ediprjcursor\data\datasetHand\Training\training_words\224.png,224.png,Axodin,Fexofenadine Hydrochloride,datasetHand,training,,,,5
D:\ediprjcursor\data\datasetHand\Training\training_words\964.png,964.png,Disopan,Clonazepam,datasetHand,training,,,,24
D:\ediprjcursor\data\datasetHand\Training\training_words\2918.png,2918.png,Tamen,Paracetamol,datasetHand,training,,,,72
D:\ediprjcursor\data\datasetHand\Training\training_words\2801.png,2801.png,Rozith,Azithromycin Dihydrate,datasetHand,training,,,,70
D:\ediprjcursor\data\datasetHand\Training\training_words\1681.png,1681.png,Leptic,Clonazepam,datasetHand,training,,,,42
D:\ediprjcursor\data\datasetHand\Training\training_words\117.png,117.png,Alatrol,Cetirizine Hydrochloride,datasetHand,training,,,,2
D:\ediprjcursor\data\RxHandBD-ML\Train_Set\P3578.jpg,P3578.jpg,Napa Extend,Paracetamol,RxHandBD-ML,train,Napa,exact_clean,100.0,55
D:\ediprjcursor\data\datasetHand\Training\training_words\2859.png,2859.png,Sergel,Esomeprazole,datasetHand,training,,,,71
D:\ediprjcursor\data\datasetHand\Training\training_words\10.png,10.png,Aceta,Paracetamol,datasetHand,training,,,,1
D:\ediprjcursor\data\datasetHand\Training\training_words\39.png,39.png,Aceta,Paracetamol,datasetHand,training,,,,1
D:\ediprjcursor\data\datasetHand\Training\training_words\2684.png,2684.png,Ritch,Fexofenadine Hydrochloride,datasetHand,training,,,,67
D:\ediprjcursor\data\datasetHand\Training\training_words\1393.png,1393.png,Flamyd,Metronidazole,datasetHand,training,,,,34
D:\ediprjcursor\data\datasetHand\Training\training_words\2574.png,2574.png,Provair,Montelukast Sodium,datasetHand,training,,,,64
D:\ediprjcursor\data\datasetHand\Training\training_words\2447.png,2447.png,Omastin,Fluconazole,datasetHand,training,,,,61
D:\ediprjcursor\data\datasetHand\Training\training_words\1745.png,1745.png,Lucan-R,Fluconazole,datasetHand,training,,,,43
D:\ediprjcursor\data\RxHandBD-ML\Train_Set\P5323.jpg,P5323.jpg,Flamyd,Metronidazole,RxHandBD-ML,train,flamyd,exact_clean,100.0,34
D:\ediprjcursor\data\datasetHand\Training\training_words\2220.png,2220.png,Napa,Paracetamol,datasetHand,training,,,,54
D:\ediprjcursor\data\datasetHand\Training\training_words\2478.png,2478.png,Omastin,Fluconazole,datasetHand,training,,,,61
D:\ediprjcursor\data\datasetHand\Training\training_words\1624.png,1624.png,Ketotab,Ketoconazole (Tablet),datasetHand,training,,,,40
D:\ediprjcursor\data\datasetHand\Training\training_words\2559.png,2559.png,Progut,Esomeprazole,datasetHand,training,,,,63
D:\ediprjcursor\data\datasetHand\Training\training_words\1733.png,1733.png,Lucan-R,Fluconazole,datasetHand,training,,,,43
D:\ediprjcursor\data\datasetHand\Training\training_words\925.png,925.png,Dinafex,Fexofenadine Hydrochloride,datasetHand,training,,,,23
D:\ediprjcursor\data\datasetHand\Training\training_words\485.png,485.png,Baclon,Baclofen,datasetHand,training,,,,12
D:\ediprjcursor\data\datasetHand\Training\training_words\2955.png,2955.png,Telfast,Fexofenadine Hydrochloride,datasetHand,training,,,,73
D:\ediprjcursor\data\RxHandBD-ML\Train_Set\P4528.jpg,P4528.jpg,Fexofast,Fexofenadine Hydrochloride,RxHandBD-ML,train,Fexofast,exact_clean,100.0,31
D:\ediprjcursor\data\datasetHand\Training\training_words\1558.png,1558.png,Ketocon,Ketoconazole (Shampoo),datasetHand,training,,,,38
D:\ediprjcursor\data\datasetHand\Training\training_words\927.png,927.png,Dinafex,Fexofenadine Hydrochloride,datasetHand,training,,,,23
D:\ediprjcursor\data\datasetHand\Training\training_words\296.png,296.png,Azyth,Azithromycin Dihydrate,datasetHand,training,,,,8
D:\ediprjcursor\data\RxHandBD-ML\Train_Set\P4058.jpg,P4058.jpg,Metro,Metronidazole,RxHandBD-ML,train,Metro,exact_clean,100.0,48
D:\ediprjcursor\data\datasetHand\Training\training_words\73.png,73.png,Ace,Paracetamol,datasetHand,training,,,,0
D:\ediprjcursor\data\datasetHand\Training\training_words\1792.png,1792.png,Lumona,Montelukast Sodium,datasetHand,training,,,,44
D:\ediprjcursor\data\datasetHand\Training\training_words\1864.png,1864.png,Maxima,Esomeprazole,datasetHand,training,,,,46
D:\ediprjcursor\data\datasetHand\Training\training_words\1043.png,1043.png,Esoral,Esomeprazole,datasetHand,training,,,,26
D:\ediprjcursor\data\datasetHand\Training\training_words\1956.png,1956.png,Metro,Metronidazole,datasetHand,training,,,,48
D:\ediprjcursor\data\datasetHand\Training\training_words\591.png,591.png,Beklo,Baclofen,datasetHand,training,,,,14
D:\ediprjcursor\data\datasetHand\Training\training_words\1845.png,1845.png,Maxima,Esomeprazole,datasetHand,training,,,,46
D:\ediprjcursor\data\datasetHand\Training\training_words\1724.png,1724.png,Lucan-R,Fluconazole,datasetHand,training,,,,43
D:\ediprjcursor\data\datasetHand\Training\training_words\2328.png,2328.png,Nidazyl,Metronidazole,datasetHand,training,,,,58
D:\ediprjcursor\data\datasetHand\Training\training_words\1972.png,1972.png,Metsina,Metronidazole,datasetHand,training,,,,49
D:\ediprjcursor\data\RxHandBD-ML\Train_Set\P4612.jpg,P4612.jpg,Napa Extend,Paracetamol,RxHandBD-ML,train,napa,exact_clean,100.0,55
D:\ediprjcursor\data\datasetHand\Training\training_words\968.png,968.png,Disopan,Clonazepam,datasetHand,training,,,,24
D:\ediprjcursor\data\datasetHand\Training\training_words\1926.png,1926.png,Metro,Metronidazole,datasetHand,training,,,,48
D:\ediprjcursor\data\datasetHand\Training\training_words\1407.png,1407.png,Flexibac,Baclofen,datasetHand,training,,,,35
D:\ediprjcursor\data\datasetHand\Training\training_words\1786.png,1786.png,Lumona,Montelukast Sodium,datasetHand,training,,,,44
D:\ediprjcursor\data\datasetHand\Training\training_words\2787.png,2787.png,Romycin,Azithromycin Dihydrate (Ophthalmic),datasetHand,training,,,,69
D:\ediprjcursor\data\datasetHand\Training\training_words\2287.png,2287.png,Nexum,Esomeprazole,datasetHand,training,,,,57
D:\ediprjcursor\data\datasetHand\Training\training_words\858.png,858.png,Denixil,Clonazepam,datasetHand,training,,,,21
D:\ediprjcursor\data\datasetHand\Training\training_words\373.png,373.png,Bacaid,Baclofen,datasetHand,training,,,,9
D:\ediprjcursor\data\datasetHand\Training\training_words\3008.png,3008.png,Trilock,Montelukast Sodium,datasetHand,training,,,,75
D:\ediprjcursor\data\datasetHand\Training\training_words\765.png,765.png,Conaz,Fluconazole,datasetHand,training,,,,19
D:\ediprjcursor\data\datasetHand\Training\training_words\3092.png,3092.png,Zithrin,Azithromycin Dihydrate,datasetHand,training,,,,77
D:\ediprjcursor\data\datasetHand\Training\training_words\2845.png,2845.png,Sergel,Esomeprazole,datasetHand,training,,,,71
D:\ediprjcursor\data\datasetHand\Training\training_words\847.png,847.png,Denixil,Clonazepam,datasetHand,training,,,,21
D:\ediprjcursor\data\datasetHand\Training\training_words\2136.png,2136.png,Montex,Montelukast Sodium,datasetHand,training,,,,53
D:\ediprjcursor\data\RxHandBD-ML\Train_Set\P5064.jpg,P5064.jpg,Exium,Esomeprazole,RxHandBD-ML,train,exium,exact_clean,100.0,28
D:\ediprjcursor\data\datasetHand\Training\training_words\81.png,81.png,Alatrol,Cetirizine Hydrochloride,datasetHand,training,,,,2
D:\ediprjcursor\data\RxHandBD-ML\Train_Set\P3031.jpg,P3031.jpg,Ace,Paracetamol,RxHandBD-ML,train,Ace,exact_clean,100.0,0
D:\ediprjcursor\data\datasetHand\Training\training_words\632.png,632.png,Bicozin,Vitamin B Complex + Zinc,datasetHand,training,,,,15
D:\ediprjcursor\data\datasetHand\Training\training_words\2628.png,2628.png,Renova,Paracetamol,datasetHand,training,,,,65
D:\ediprjcursor\data\datasetHand\Training\training_words\3022.png,3022.png,Trilock,Montelukast Sodium,datasetHand,training,,,,75
D:\ediprjcursor\data\RxHandBD-ML\Train_Set\P4986.jpg,P4986.jpg,Napa Extend,Paracetamol,RxHandBD-ML,train,napa,exact_clean,100.0,55
D:\ediprjcursor\data\datasetHand\Training\training_words\2729.png,2729.png,Rivotril,Clonazepam,datasetHand,training,,,,68
D:\ediprjcursor\data\datasetHand\Training\training_words\3087.png,3087.png,Zithrin,Azithromycin Dihydrate,datasetHand,training,,,,77
D:\ediprjcursor\data\datasetHand\Training\training_words\1547.png,1547.png,Ketocon,Ketoconazole (Shampoo),datasetHand,training,,,,38
D:\ediprjcursor\data\datasetHand\Training\training_words\3107.png,3107.png,Zithrin,Azithromycin Dihydrate,datasetHand,training,,,,77
D:\ediprjcursor\data\datasetHand\Training\training_words\1827.png,1827.png,M-Kast,Montelukast Sodium,datasetHand,training,,,,45
D:\ediprjcursor\data\datasetHand\Training\training_words\1950.png,1950.png,Metro,Metronidazole,datasetHand,training,,,,48
D:\ediprjcursor\data\datasetHand\Training\training_words\1187.png,1187.png,Fenadin,Fexofenadine Hydrochloride,datasetHand,training,,,,29
D:\ediprjcursor\data\datasetHand\Training\training_words\2329.png,2329.png,Nidazyl,Metronidazole,datasetHand,training,,,,58
D:\ediprjcursor\data\datasetHand\Training\training_words\2069.png,2069.png,Montair,Montelukast Sodium,datasetHand,training,,,,51
D:\ediprjcursor\data\datasetHand\Training\training_words\1790.png,1790.png,Lumona,Montelukast Sodium,datasetHand,training,,,,44
D:\ediprjcursor\data\datasetHand\Training\training_words\2137.png,2137.png,Montex,Montelukast Sodium,datasetHand,training,,,,53
D:\ediprjcursor\data\RxHandBD-ML\Train_Set\P4134.jpg,P4134.jpg,Maxima,Esomeprazole,RxHandBD-ML,train,Maxima,exact_clean,100.0,46
D:\ediprjcursor\data\RxHandBD-ML\Train_Set\P1628.jpg,P1628.jpg,Flugal,Fluconazole,RxHandBD-ML,train,Flugal,exact_clean,100.0,37
D:\ediprjcursor\data\datasetHand\Training\training_words\2821.png,2821.png,Rozith,Azithromycin Dihydrate,datasetHand,training,,,,70
D:\ediprjcursor\data\datasetHand\Training\training_words\2190.png,2190.png,Napa Extend,Paracetamol,datasetHand,training,,,,55
D:\ediprjcursor\data\datasetHand\Training\training_words\243.png,243.png,Azithrocin,Azithromycin Dihydrate,datasetHand,training,,,,7
D:\ediprjcursor\data\datasetHand\Training\training_words\1676.png,1676.png,Ketozol,Ketoconazole (Shampoo),datasetHand,training,,,,41
D:\ediprjcursor\data\datasetHand\Training\training_words\517.png,517.png,Baclon,Baclofen,datasetHand,training,,,,12
D:\ediprjcursor\data\datasetHand\Training\training_words\1815.png,1815.png,M-Kast,Montelukast Sodium,datasetHand,training,,,,45
D:\ediprjcursor\data\RxHandBD-ML\Train_Set\P5148.jpg,P5148.jpg,Fexo,Fexofenadine Hydrochloride,RxHandBD-ML,train,fexo,exact_clean,100.0,30
D:\ediprjcursor\data\datasetHand\Training\training_words\811.png,811.png,Dancel,Ketoconazole (Shampoo),datasetHand,training,,,,20
D:\ediprjcursor\data\RxHandBD-ML\Train_Set\P4215.jpg,P4215.jpg,Fexo,Fexofenadine Hydrochloride,RxHandBD-ML,train,Fexo,exact_clean,100.0,30
D:\ediprjcursor\data\RxHandBD-ML\Train_Set\P5202.jpg,P5202.jpg,Flamyd,Metronidazole,RxHandBD-ML,train,flamyd,exact_clean,100.0,34
D:\ediprjcursor\data\datasetHand\Training\training_words\2945.png,2945.png,Telfast,Fexofenadine Hydrochloride,datasetHand,training,,,,73
D:\ediprjcursor\data\datasetHand\Training\training_words\2869.png,2869.png,Sergel,Esomeprazole,datasetHand,training,,,,71
D:\ediprjcursor\data\datasetHand\Training\training_words\1475.png,1475.png,Flexilax,Baclofen,datasetHand,training,,,,36
D:\ediprjcursor\data\datasetHand\Training\training_words\690.png,690.png,Candinil,Fluconazole,datasetHand,training,,,,17
D:\ediprjcursor\data\datasetHand\Training\training_words\2984.png,2984.png,Tridosil,Azithromycin Dihydrate,datasetHand,training,,,,74
D:\ediprjcursor\data\datasetHand\Training\training_words\1772.png,1772.png,Lumona,Montelukast Sodium,datasetHand,training,,,,44
D:\ediprjcursor\data\datasetHand\Training\training_words\206.png,206.png,Axodin,Fexofenadine Hydrochloride,datasetHand,training,,,,5
D:\ediprjcursor\data\datasetHand\Training\training_words\2661.png,2661.png,Rhinil,Cetirizine Hydrochloride,datasetHand,training,,,,66
D:\ediprjcursor\data\datasetHand\Training\training_words\568.png,568.png,Beklo,Baclofen,datasetHand,training,,,,14
D:\ediprjcursor\data\datasetHand\Training\training_words\447.png,447.png,Baclofen,Baclofen,datasetHand,training,,,,11
D:\ediprjcursor\data\datasetHand\Training\training_words\1644.png,1644.png,Ketozol,Ketoconazole (Shampoo),datasetHand,training,,,,41
D:\ediprjcursor\data\datasetHand\Training\training_words\704.png,704.png,Candinil,Fluconazole,datasetHand,training,,,,17
D:\ediprjcursor\data\datasetHand\Training\training_words\1195.png,1195.png,Fenadin,Fexofenadine Hydrochloride,datasetHand,training,,,,29
D:\ediprjcursor\data\datasetHand\Training\training_words\1490.png,1490.png,Flugal,Fluconazole,datasetHand,training,,,,37
D:\ediprjcursor\data\datasetHand\Training\training_words\2967.png,2967.png,Tridosil,Azithromycin Dihydrate,datasetHand,training,,,,74
D:\ediprjcursor\data\RxHandBD-ML\Train_Set\P5386.jpg,P5386.jpg,Filmet,Metronidazole,RxHandBD-ML,train,filmet,exact_clean,100.0,32
D:\ediprjcursor\data\datasetHand\Training\training_words\2527.png,2527.png,Progut,Esomeprazole,datasetHand,training,,,,63
D:\ediprjcursor\data\RxHandBD-ML\Train_Set\P4035.jpg,P4035.jpg,Napa Extend,Paracetamol,RxHandBD-ML,train,Napa,exact_clean,100.0,55
D:\ediprjcursor\data\datasetHand\Training\training_words\842.png,842.png,Denixil,Clonazepam,datasetHand,training,,,,21
D:\ediprjcursor\data\datasetHand\Training\training_words\2665.png,2665.png,Rhinil,Cetirizine Hydrochloride,datasetHand,training,,,,66
D:\ediprjcursor\data\datasetHand\Training\training_words\793.png,793.png,Conaz,Fluconazole,datasetHand,training,,,,19
D:\ediprjcursor\data\datasetHand\Training\training_words\1936.png,1936.png,Metro,Metronidazole,datasetHand,training,,,,48
D:\ediprjcursor\data\datasetHand\Training\training_words\2491.png,2491.png,Opton,Esomeprazole,datasetHand,training,,,,62
D:\ediprjcursor\data\datasetHand\Training\training_words\2061.png,2061.png,Montair,Montelukast Sodium,datasetHand,training,,,,51
D:\ediprjcursor\data\datasetHand\Training\training_words\1307.png,1307.png,Filmet,Metronidazole,datasetHand,training,,,,32
D:\ediprjcursor\data\datasetHand\Training\training_words\1074.png,1074.png,Esoral,Esomeprazole,datasetHand,training,,,,26
D:\ediprjcursor\data\datasetHand\Training\training_words\38.png,38.png,Aceta,Paracetamol,datasetHand,training,,,,1
D:\ediprjcursor\data\datasetHand\Training\training_words\1344.png,1344.png,Fixal,Fexofenadine Hydrochloride,datasetHand,training,,,,33
D:\ediprjcursor\data\datasetHand\Training\training_words\1670.png,1670.png,Ketozol,Ketoconazole (Shampoo),datasetHand,training,,,,41
D:\ediprjcursor\data\datasetHand\Training\training_words\3099.png,3099.png,Zithrin,Azithromycin Dihydrate,datasetHand,training,,,,77
D:\ediprjcursor\data\datasetHand\Training\training_words\28.png,28.png,Aceta,Paracetamol,datasetHand,training,,,,1
D:\ediprjcursor\data\datasetHand\Training\training_words\1256.png,1256.png,Fexo,Fexofenadine Hydrochloride,datasetHand,training,,,,30
D:\ediprjcursor\data\datasetHand\Training\training_words\2346.png,2346.png,Nidazyl,Metronidazole,datasetHand,training,,,,58
D:\ediprjcursor\data\RxHandBD-ML\Train_Set\P5319.jpg,P5319.jpg,Fexo,Fexofenadine Hydrochloride,RxHandBD-ML,train,fexo,exact_clean,100.0,30
D:\ediprjcursor\data\RxHandBD-ML\Train_Set\P5337.jpg,P5337.jpg,Napa Extend,Paracetamol,RxHandBD-ML,train,napa,exact_clean,100.0,55
D:\ediprjcursor\data\datasetHand\Training\training_words\300.png,300.png,Azyth,Azithromycin Dihydrate,datasetHand,training,,,,8
D:\ediprjcursor\data\RxHandBD-ML\Train_Set\P3200.jpg,P3200.jpg,Napa Extend,Paracetamol,RxHandBD-ML,train,Napa,exact_clean,100.0,55
D:\ediprjcursor\data\datasetHand\Training\training_words\2714.png,2714.png,Ritch,Fexofenadine Hydrochloride,datasetHand,training,,,,67
D:\ediprjcursor\data\datasetHand\Training\training_words\938.png,938.png,Dinafex,Fexofenadine Hydrochloride,datasetHand,training,,,,23
D:\ediprjcursor\data\datasetHand\Training\training_words\2227.png,2227.png,Napa,Paracetamol,datasetHand,training,,,,54
D:\ediprjcursor\data\datasetHand\Training\training_words\2366.png,2366.png,Nizoder,Ketoconazole (Cream),datasetHand,training,,,,59
D:\ediprjcursor\data\datasetHand\Training\training_words\1610.png,1610.png,Ketotab,Ketoconazole (Tablet),datasetHand,training,,,,40
D:\ediprjcursor\data\datasetHand\Training\training_words\191.png,191.png,Atrizin,Cetirizine Hydrochloride,datasetHand,training,,,,4
D:\ediprjcursor\data\datasetHand\Training\training_words\356.png,356.png,Az,Azithromycin Dihydrate,datasetHand,training,,,,6
D:\ediprjcursor\data\datasetHand\Training\training_words\61.png,61.png,Ace,Paracetamol,datasetHand,training,,,,0
D:\ediprjcursor\data\datasetHand\Training\training_words\1560.png,1560.png,Ketoral,Ketoconazole (Tablet),datasetHand,training,,,,39
D:\ediprjcursor\data\datasetHand\Training\training_words\974.png,974.png,Disopan,Clonazepam,datasetHand,training,,,,24
D:\ediprjcursor\data\RxHandBD-ML\Train_Set\P3242.jpg,P3242.jpg,Napa Extend,Paracetamol,RxHandBD-ML,train,Napa,exact_clean,100.0,55
D:\ediprjcursor\data\datasetHand\Training\training_words\996.png,996.png,Disopan,Clonazepam,datasetHand,training,,,,24
D:\ediprjcursor\data\datasetHand\Training\training_words\1616.png,1616.png,Ketotab,Ketoconazole (Tablet),datasetHand,training,,,,40
D:\ediprjcursor\data\datasetHand\Training\training_words\2609.png,2609.png,Renova,Paracetamol,datasetHand,training,,,,65
D:\ediprjcursor\data\datasetHand\Training\training_words\577.png,577.png,Beklo,Baclofen,datasetHand,training,,,,14
D:\ediprjcursor\data\datasetHand\Training\training_words\581.png,581.png,Beklo,Baclofen,datasetHand,training,,,,14
D:\ediprjcursor\data\datasetHand\Training\training_words\1290.png,1290.png,Filmet,Metronidazole,datasetHand,training,,,,32
D:\ediprjcursor\data\datasetHand\Training\training_words\783.png,783.png,Conaz,Fluconazole,datasetHand,training,,,,19
D:\ediprjcursor\data\datasetHand\Training\training_words\2302.png,2302.png,Nexum,Esomeprazole,datasetHand,training,,,,57
D:\ediprjcursor\data\datasetHand\Training\training_words\2804.png,2804.png,Rozith,Azithromycin Dihydrate,datasetHand,training,,,,70
D:\ediprjcursor\data\datasetHand\Training\training_words\835.png,835.png,Dancel,Ketoconazole (Shampoo),datasetHand,training,,,,20
D:\ediprjcursor\data\datasetHand\Training\training_words\2794.png,2794.png,Romycin,Azithromycin Dihydrate (Ophthalmic),datasetHand,training,,,,69
D:\ediprjcursor\data\datasetHand\Training\training_words\2748.png,2748.png,Rivotril,Clonazepam,datasetHand,training,,,,68
D:\ediprjcursor\data\datasetHand\Training\training_words\1636.png,1636.png,Ketotab,Ketoconazole (Tablet),datasetHand,training,,,,40
D:\ediprjcursor\data\datasetHand\Training\training_words\496.png,496.png,Baclon,Baclofen,datasetHand,training,,,,12
D:\ediprjcursor\data\datasetHand\Training\training_words\443.png,443.png,Baclofen,Baclofen,datasetHand,training,,,,11
D:\ediprjcursor\data\datasetHand\Training\training_words\592.png,592.png,Beklo,Baclofen,datasetHand,training,,,,14
D:\ediprjcursor\data\datasetHand\Training\training_words\1284.png,1284.png,Filmet,Metronidazole,datasetHand,training,,,,32
D:\ediprjcursor\data\datasetHand\Training\training_words\288.png,288.png,Azyth,Azithromycin Dihydrate,datasetHand,training,,,,8
D:\ediprjcursor\data\datasetHand\Training\training_words\1660.png,1660.png,Ketozol,Ketoconazole (Shampoo),datasetHand,training,,,,41
D:\ediprjcursor\data\datasetHand\Training\training_words\21.png,21.png,Aceta,Paracetamol,datasetHand,training,,,,1
D:\ediprjcursor\data\datasetHand\Training\training_words\80.png,80.png,Alatrol,Cetirizine Hydrochloride,datasetHand,training,,,,2
D:\ediprjcursor\data\datasetHand\Training\training_words\733.png,733.png,Cetisoft,Cetirizine Hydrochloride,datasetHand,training,,,,18
D:\ediprjcursor\data\datasetHand\Training\training_words\933.png,933.png,Dinafex,Fexofenadine Hydrochloride,datasetHand,training,,,,23
D:\ediprjcursor\data\datasetHand\Training\training_words\1752.png,1752.png,Lucan-R,Fluconazole,datasetHand,training,,,,43
D:\ediprjcursor\data\datasetHand\Training\training_words\173.png,173.png,Atrizin,Cetirizine Hydrochloride,datasetHand,training,,,,4
D:\ediprjcursor\data\datasetHand\Training\training_words\147.png,147.png,Amodis,Metronidazole,datasetHand,training,,,,3
D:\ediprjcursor\data\datasetHand\Training\training_words\2842.png,2842.png,Sergel,Esomeprazole,datasetHand,training,,,,71
D:\ediprjcursor\data\datasetHand\Training\training_words\1568.png,1568.png,Ketoral,Ketoconazole (Tablet),datasetHand,training,,,,39
D:\ediprjcursor\data\datasetHand\Training\training_words\902.png,902.png,Diflu,Fluconazole,datasetHand,training,,,,22
D:\ediprjcursor\data\datasetHand\Training\training_words\2653.png,2653.png,Rhinil,Cetirizine Hydrochloride,datasetHand,training,,,,66
D:\ediprjcursor\data\datasetHand\Training\training_words\1923.png,1923.png,Metro,Metronidazole,datasetHand,training,,,,48
D:\ediprjcursor\data\RxHandBD-ML\Train_Set\P2902.jpg,P2902.jpg,Montene,Montelukast Sodium,RxHandBD-ML,train,Montene,exact_clean,100.0,52
D:\ediprjcursor\data\datasetHand\Training\training_words\1638.png,1638.png,Ketotab,Ketoconazole (Tablet),datasetHand,training,,,,40
D:\ediprjcursor\data\datasetHand\Training\training_words\2219.png,2219.png,Napa,Paracetamol,datasetHand,training,,,,54
D:\ediprjcursor\data\RxHandBD-ML\Train_Set\P4797.jpg,P4797.jpg,Napa Extend,Paracetamol,RxHandBD-ML,train,napa,exact_clean,100.0,55
D:\ediprjcursor\data\datasetHand\Training\training_words\368.png,368.png,Bacaid,Baclofen,datasetHand,training,,,,9
D:\ediprjcursor\data\datasetHand\Training\training_words\1748.png,1748.png,Lucan-R,Fluconazole,datasetHand,training,,,,43
D:\ediprjcursor\data\datasetHand\Training\training_words\2605.png,2605.png,Renova,Paracetamol,datasetHand,training,,,,65
D:\ediprjcursor\data\datasetHand\Training\training_words\489.png,489.png,Baclon,Baclofen,datasetHand,training,,,,12
D:\ediprjcursor\data\datasetHand\Training\training_words\2147.png,2147.png,Montex,Montelukast Sodium,datasetHand,training,,,,53
D:\ediprjcursor\data\datasetHand\Training\training_words\1460.png,1460.png,Flexilax,Baclofen,datasetHand,training,,,,36
D:\ediprjcursor\data\datasetHand\Training\training_words\2214.png,2214.png,Napa,Paracetamol,datasetHand,training,,,,54
D:\ediprjcursor\data\datasetHand\Training\training_words\305.png,305.png,Azyth,Azithromycin Dihydrate,datasetHand,training,,,,8
D:\ediprjcursor\data\datasetHand\Training\training_words\203.png,203.png,Axodin,Fexofenadine Hydrochloride,datasetHand,training,,,,5
D:\ediprjcursor\data\datasetHand\Training\training_words\2372.png,2372.png,Nizoder,Ketoconazole (Cream),datasetHand,training,,,,59
D:\ediprjcursor\data\datasetHand\Training\training_words\1353.png,1353.png,Fixal,Fexofenadine Hydrochloride,datasetHand,training,,,,33
D:\ediprjcursor\data\datasetHand\Training\training_words\2901.png,2901.png,Tamen,Paracetamol,datasetHand,training,,,,72
D:\ediprjcursor\data\datasetHand\Training\training_words\2103.png,2103.png,Montene,Montelukast Sodium,datasetHand,training,,,,52
D:\ediprjcursor\data\datasetHand\Training\training_words\1954.png,1954.png,Metro,Metronidazole,datasetHand,training,,,,48
D:\ediprjcursor\data\datasetHand\Training\training_words\2886.png,2886.png,Tamen,Paracetamol,datasetHand,training,,,,72
D:\ediprjcursor\data\datasetHand\Training\training_words\237.png,237.png,Axodin,Fexofenadine Hydrochloride,datasetHand,training,,,,5
D:\ediprjcursor\data\datasetHand\Training\training_words\850.png,850.png,Denixil,Clonazepam,datasetHand,training,,,,21
D:\ediprjcursor\data\datasetHand\Training\training_words\1946.png,1946.png,Metro,Metronidazole,datasetHand,training,,,,48
D:\ediprjcursor\data\datasetHand\Training\training_words\1732.png,1732.png,Lucan-R,Fluconazole,datasetHand,training,,,,43
D:\ediprjcursor\data\datasetHand\Training\training_words\3058.png,3058.png,Vifas,Fexofenadine Hydrochloride,datasetHand,training,,,,76
D:\ediprjcursor\data\datasetHand\Training\training_words\2189.png,2189.png,Napa Extend,Paracetamol,datasetHand,training,,,,55
D:\ediprjcursor\data\datasetHand\Training\training_words\1617.png,1617.png,Ketotab,Ketoconazole (Tablet),datasetHand,training,,,,40
D:\ediprjcursor\data\datasetHand\Training\training_words\2210.png,2210.png,Napa,Paracetamol,datasetHand,training,,,,54
D:\ediprjcursor\data\RxHandBD-ML\Train_Set\P3817.jpg,P3817.jpg,Napa Extend,Paracetamol,RxHandBD-ML,train,Napa,exact_clean,100.0,55
D:\ediprjcursor\data\datasetHand\Training\training_words\2865.png,2865.png,Sergel,Esomeprazole,datasetHand,training,,,,71
D:\ediprjcursor\data\datasetHand\Training\training_words\1601.png,1601.png,Ketotab,Ketoconazole (Tablet),datasetHand,training,,,,40
D:\ediprjcursor\data\datasetHand\Training\training_words\2595.png,2595.png,Provair,Montelukast Sodium,datasetHand,training,,,,64
D:\ediprjcursor\data\datasetHand\Training\training_words\1593.png,1593.png,Ketoral,Ketoconazole (Tablet),datasetHand,training,,,,39
D:\ediprjcursor\data\datasetHand\Training\training_words\346.png,346.png,Az,Azithromycin Dihydrate,datasetHand,training,,,,6
D:\ediprjcursor\data\RxHandBD-ML\Train_Set\P2621.jpg,P2621.jpg,Rivotril,Clonazepam,RxHandBD-ML,train,Rivotril,exact_clean,100.0,68
D:\ediprjcursor\data\RxHandBD-ML\Train_Set\P3093.jpg,P3093.jpg,Nexum,Esomeprazole,RxHandBD-ML,train,Nexum,exact_clean,100.0,57
D:\ediprjcursor\data\datasetHand\Training\training_words\2283.png,2283.png,Nexum,Esomeprazole,datasetHand,training,,,,57
D:\ediprjcursor\data\datasetHand\Training\training_words\2416.png,2416.png,Odmon,Montelukast Sodium,datasetHand,training,,,,60
D:\ediprjcursor\data\datasetHand\Training\training_words\101.png,101.png,Alatrol,Cetirizine Hydrochloride,datasetHand,training,,,,2
D:\ediprjcursor\data\datasetHand\Training\training_words\1555.png,1555.png,Ketocon,Ketoconazole (Shampoo),datasetHand,training,,,,38
D:\ediprjcursor\data\datasetHand\Training\training_words\1122.png,1122.png,Exium,Esomeprazole,datasetHand,training,,,,28
D:\ediprjcursor\data\RxHandBD-ML\Train_Set\P4957.jpg,P4957.jpg,Napa Extend,Paracetamol,RxHandBD-ML,train,napa,exact_clean,100.0,55
D:\ediprjcursor\data\datasetHand\Training\training_words\2934.png,2934.png,Telfast,Fexofenadine Hydrochloride,datasetHand,training,,,,73
D:\ediprjcursor\data\datasetHand\Training\training_words\1499.png,1499.png,Flugal,Fluconazole,datasetHand,training,,,,37
D:\ediprjcursor\data\datasetHand\Training\training_words\1689.png,1689.png,Leptic,Clonazepam,datasetHand,training,,,,42
D:\ediprjcursor\data\RxHandBD-ML\Train_Set\P3126.jpg,P3126.jpg,Fexofast,Fexofenadine Hydrochloride,RxHandBD-ML,train,Fexofast,exact_clean,100.0,31
D:\ediprjcursor\data\datasetHand\Training\training_words\1246.png,1246.png,Fexo,Fexofenadine Hydrochloride,datasetHand,training,,,,30
D:\ediprjcursor\data\datasetHand\Training\training_words\1944.png,1944.png,Metro,Metronidazole,datasetHand,training,,,,48
D:\ediprjcursor\data\datasetHand\Training\training_words\421.png,421.png,Backtone,Baclofen,datasetHand,training,,,,10
D:\ediprjcursor\data\datasetHand\Training\training_words\2933.png,2933.png,Telfast,Fexofenadine Hydrochloride,datasetHand,training,,,,73
D:\ediprjcursor\data\datasetHand\Training\training_words\966.png,966.png,Disopan,Clonazepam,datasetHand,training,,,,24
D:\ediprjcursor\data\datasetHand\Training\training_words\249.png,249.png,Azithrocin,Azithromycin Dihydrate,datasetHand,training,,,,7
D:\ediprjcursor\data\datasetHand\Training\training_words\403.png,403.png,Backtone,Baclofen,datasetHand,training,,,,10
D:\ediprjcursor\data\datasetHand\Training\training_words\2266.png,2266.png,Nexcap,Esomeprazole,datasetHand,training,,,,56
D:\ediprjcursor\data\datasetHand\Training\training_words\72.png,72.png,Ace,Paracetamol,datasetHand,training,,,,0
D:\ediprjcursor\data\datasetHand\Training\training_words\742.png,742.png,Cetisoft,Cetirizine Hydrochloride,datasetHand,training,,,,18
D:\ediprjcursor\data\datasetHand\Training\training_words\345.png,345.png,Az,Azithromycin Dihydrate,datasetHand,training,,,,6
D:\ediprjcursor\data\datasetHand\Training\training_words\1661.png,1661.png,Ketozol,Ketoconazole (Shampoo),datasetHand,training,,,,41
D:\ediprjcursor\data\RxHandBD-ML\Train_Set\P3586.jpg,P3586.jpg,Napa Extend,Paracetamol,RxHandBD-ML,train,Napa,exact_clean,100.0,55
D:\ediprjcursor\data\datasetHand\Training\training_words\11.png,11.png,Aceta,Paracetamol,datasetHand,training,,,,1
D:\ediprjcursor\data\datasetHand\Training\training_words\1225.png,1225.png,Fexofast,Fexofenadine Hydrochloride,datasetHand,training,,,,31
D:\ediprjcursor\data\datasetHand\Training\training_words\637.png,637.png,Bicozin,Vitamin B Complex + Zinc,datasetHand,training,,,,15
D:\ediprjcursor\data\datasetHand\Training\training_words\190.png,190.png,Atrizin,Cetirizine Hydrochloride,datasetHand,training,,,,4
D:\ediprjcursor\data\RxHandBD-ML\Train_Set\P4153.jpg,P4153.jpg,Maxima,Esomeprazole,RxHandBD-ML,train,Maxima,exact_clean,100.0,46
D:\ediprjcursor\data\datasetHand\Training\training_words\1204.png,1204.png,Fexofast,Fexofenadine Hydrochloride,datasetHand,training,,,,31
D:\ediprjcursor\data\datasetHand\Training\training_words\1160.png,1160.png,Fenadin,Fexofenadine Hydrochloride,datasetHand,training,,,,29
D:\ediprjcursor\data\datasetHand\Training\training_words\911.png,911.png,Diflu,Fluconazole,datasetHand,training,,,,22
D:\ediprjcursor\data\datasetHand\Training\training_words\547.png,547.png,Bacmax,Baclofen,datasetHand,training,,,,13
D:\ediprjcursor\data\datasetHand\Training\training_words\2582.png,2582.png,Provair,Montelukast Sodium,datasetHand,training,,,,64
D:\ediprjcursor\data\datasetHand\Training\training_words\2157.png,2157.png,Montex,Montelukast Sodium,datasetHand,training,,,,53
D:\ediprjcursor\data\datasetHand\Training\training_words\2970.png,2970.png,Tridosil,Azithromycin Dihydrate,datasetHand,training,,,,74
D:\ediprjcursor\data\datasetHand\Training\training_words\2938.png,2938.png,Telfast,Fexofenadine Hydrochloride,datasetHand,training,,,,73
D:\ediprjcursor\data\datasetHand\Training\training_words\900.png,900.png,Diflu,Fluconazole,datasetHand,training,,,,22
D:\ediprjcursor\data\datasetHand\Training\training_words\1131.png,1131.png,Exium,Esomeprazole,datasetHand,training,,,,28
D:\ediprjcursor\data\datasetHand\Training\training_words\639.png,639.png,Bicozin,Vitamin B Complex + Zinc,datasetHand,training,,,,15
D:\ediprjcursor\data\datasetHand\Training\training_words\693.png,693.png,Candinil,Fluconazole,datasetHand,training,,,,17
D:\ediprjcursor\data\datasetHand\Training\training_words\2529.png,2529.png,Progut,Esomeprazole,datasetHand,training,,,,63
D:\ediprjcursor\data\datasetHand\Training\training_words\65.png,65.png,Ace,Paracetamol,datasetHand,training,,,,0
D:\ediprjcursor\data\datasetHand\Training\training_words\2470.png,2470.png,Omastin,Fluconazole,datasetHand,training,,,,61
D:\ediprjcursor\data\datasetHand\Training\training_words\1319.png,1319.png,Filmet,Metronidazole,datasetHand,training,,,,32
D:\ediprjcursor\data\datasetHand\Training\training_words\2226.png,2226.png,Napa,Paracetamol,datasetHand,training,,,,54
D:\ediprjcursor\data\datasetHand\Training\training_words\1446.png,1446.png,Flexilax,Baclofen,datasetHand,training,,,,36
D:\ediprjcursor\data\datasetHand\Training\training_words\1970.png,1970.png,Metsina,Metronidazole,datasetHand,training,,,,49
D:\ediprjcursor\data\datasetHand\Training\training_words\1017.png,1017.png,Esonix,Esomeprazole,datasetHand,training,,,,25
D:\ediprjcursor\data\datasetHand\Training\training_words\1434.png,1434.png,Flexibac,Baclofen,datasetHand,training,,,,35
D:\ediprjcursor\data\datasetHand\Training\training_words\1602.png,1602.png,Ketotab,Ketoconazole (Tablet),datasetHand,training,,,,40
D:\ediprjcursor\data\RxHandBD-ML\Train_Set\P3127.jpg,P3127.jpg,Monas,Montelukast Sodium,RxHandBD-ML,train,Monas,exact_clean,100.0,50
D:\ediprjcursor\data\datasetHand\Training\training_words\214.png,214.png,Axodin,Fexofenadine Hydrochloride,datasetHand,training,,,,5
D:\ediprjcursor\data\datasetHand\Training\training_words\1966.png,1966.png,Metsina,Metronidazole,datasetHand,training,,,,49
D:\ediprjcursor\data\datasetHand\Training\training_words\1042.png,1042.png,Esoral,Esomeprazole,datasetHand,training,,,,26
D:\ediprjcursor\data\datasetHand\Training\training_words\1518.png,1518.png,Flugal,Fluconazole,datasetHand,training,,,,37
D:\ediprjcursor\data\RxHandBD-ML\Train_Set\P3864.jpg,P3864.jpg,Napa Extend,Paracetamol,RxHandBD-ML,train,Napa,exact_clean,100.0,55
D:\ediprjcursor\data\datasetHand\Training\training_words\124.png,124.png,Amodis,Metronidazole,datasetHand,training,,,,3
D:\ediprjcursor\data\datasetHand\Training\training_words\2946.png,2946.png,Telfast,Fexofenadine Hydrochloride,datasetHand,training,,,,73
D:\ediprjcursor\data\datasetHand\Training\training_words\1012.png,1012.png,Esonix,Esomeprazole,datasetHand,training,,,,25
D:\ediprjcursor\data\datasetHand\Training\training_words\2402.png,2402.png,Odmon,Montelukast Sodium,datasetHand,training,,,,60
D:\ediprjcursor\data\datasetHand\Training\training_words\69.png,69.png,Ace,Paracetamol,datasetHand,training,,,,0
D:\ediprjcursor\data\datasetHand\Training\training_words\576.png,576.png,Beklo,Baclofen,datasetHand,training,,,,14
D:\ediprjcursor\data\datasetHand\Training\training_words\2355.png,2355.png,Nidazyl,Metronidazole,datasetHand,training,,,,58
D:\ediprjcursor\data\datasetHand\Training\training_words\1194.png,1194.png,Fenadin,Fexofenadine Hydrochloride,datasetHand,training,,,,29
D:\ediprjcursor\data\datasetHand\Training\training_words\2864.png,2864.png,Sergel,Esomeprazole,datasetHand,training,,,,71
D:\ediprjcursor\data\datasetHand\Training\training_words\785.png,785.png,Conaz,Fluconazole,datasetHand,training,,,,19
D:\ediprjcursor\data\datasetHand\Training\training_words\2057.png,2057.png,Montair,Montelukast Sodium,datasetHand,training,,,,51
D:\ediprjcursor\data\datasetHand\Training\training_words\212.png,212.png,Axodin,Fexofenadine Hydrochloride,datasetHand,training,,,,5
D:\ediprjcursor\data\datasetHand\Training\training_words\1787.png,1787.png,Lumona,Montelukast Sodium,datasetHand,training,,,,44
D:\ediprjcursor\data\datasetHand\Training\training_words\1442.png,1442.png,Flexilax,Baclofen,datasetHand,training,,,,36
D:\ediprjcursor\data\RxHandBD-ML\Train_Set\P1888.jpg,P1888.jpg,Nexum,Esomeprazole,RxHandBD-ML,train,Nexum,exact_clean,100.0,57
D:\ediprjcursor\data\datasetHand\Training\training_words\896.png,896.png,Diflu,Fluconazole,datasetHand,training,,,,22
D:\ediprjcursor\data\datasetHand\Training\training_words\2029.png,2029.png,Monas,Montelukast Sodium,datasetHand,training,,,,50
D:\ediprjcursor\data\datasetHand\Training\training_words\1311.png,1311.png,Filmet,Metronidazole,datasetHand,training,,,,32
D:\ediprjcursor\data\datasetHand\Training\training_words\380.png,380.png,Bacaid,Baclofen,datasetHand,training,,,,9
D:\ediprjcursor\data\datasetHand\Training\training_words\269.png,269.png,Azithrocin,Azithromycin Dihydrate,datasetHand,training,,,,7
D:\ediprjcursor\data\datasetHand\Training\training_words\1468.png,1468.png,Flexilax,Baclofen,datasetHand,training,,,,36
D:\ediprjcursor\data\RxHandBD-ML\Train_Set\P4247.jpg,P4247.jpg,Fexofast,Fexofenadine Hydrochloride,RxHandBD-ML,train,Fexofast,exact_clean,100.0,31
D:\ediprjcursor\data\datasetHand\Training\training_words\1206.png,1206.png,Fexofast,Fexofenadine Hydrochloride,datasetHand,training,,,,31
D:\ediprjcursor\data\datasetHand\Training\training_words\2835.png,2835.png,Rozith,Azithromycin Dihydrate,datasetHand,training,,,,70
D:\ediprjcursor\data\datasetHand\Training\training_words\2216.png,2216.png,Napa,Paracetamol,datasetHand,training,,,,54
D:\ediprjcursor\data\datasetHand\Training\training_words\1782.png,1782.png,Lumona,Montelukast Sodium,datasetHand,training,,,,44
D:\ediprjcursor\data\datasetHand\Training\training_words\2112.png,2112.png,Montene,Montelukast Sodium,datasetHand,training,,,,52
D:\ediprjcursor\data\datasetHand\Training\training_words\103.png,103.png,Alatrol,Cetirizine Hydrochloride,datasetHand,training,,,,2
D:\ediprjcursor\data\datasetHand\Training\training_words\844.png,844.png,Denixil,Clonazepam,datasetHand,training,,,,21
D:\ediprjcursor\data\RxHandBD-ML\Train_Set\P3704.jpg,P3704.jpg,Flugal,Fluconazole,RxHandBD-ML,train,Flugal,exact_clean,100.0,37
D:\ediprjcursor\data\datasetHand\Training\training_words\1416.png,1416.png,Flexibac,Baclofen,datasetHand,training,,,,35
D:\ediprjcursor\data\RxHandBD-ML\Train_Set\P4961.jpg,P4961.jpg,Maxpro,Esomeprazole,RxHandBD-ML,train,maxpro,exact_clean,100.0,47
D:\ediprjcursor\data\datasetHand\Training\training_words\1327.png,1327.png,Fixal,Fexofenadine Hydrochloride,datasetHand,training,,,,33
D:\ediprjcursor\data\datasetHand\Training\training_words\2277.png,2277.png,Nexcap,Esomeprazole,datasetHand,training,,,,56
D:\ediprjcursor\data\datasetHand\Training\training_words\309.png,309.png,Azyth,Azithromycin Dihydrate,datasetHand,training,,,,8
D:\ediprjcursor\data\datasetHand\Training\training_words\77.png,77.png,Ace,Paracetamol,datasetHand,training,,,,0
D:\ediprjcursor\data\datasetHand\Training\training_words\1693.png,1693.png,Leptic,Clonazepam,datasetHand,training,,,,42
D:\ediprjcursor\data\datasetHand\Training\training_words\1665.png,1665.png,Ketozol,Ketoconazole (Shampoo),datasetHand,training,,,,41
D:\ediprjcursor\data\datasetHand\Training\training_words\2228.png,2228.png,Napa,Paracetamol,datasetHand,training,,,,54
D:\ediprjcursor\data\datasetHand\Training\training_words\406.png,406.png,Backtone,Baclofen,datasetHand,training,,,,10
D:\ediprjcursor\data\datasetHand\Training\training_words\655.png,655.png,Canazole,Fluconazole,datasetHand,training,,,,16
D:\ediprjcursor\data\datasetHand\Training\training_words\450.png,450.png,Baclofen,Baclofen,datasetHand,training,,,,11
D:\ediprjcursor\data\datasetHand\Training\training_words\526.png,526.png,Bacmax,Baclofen,datasetHand,training,,,,13
D:\ediprjcursor\data\RxHandBD-ML\Train_Set\P3417.jpg,P3417.jpg,Napa Extend,Paracetamol,RxHandBD-ML,train,Napa,exact_clean,100.0,55
D:\ediprjcursor\data\datasetHand\Training\training_words\805.png,805.png,Dancel,Ketoconazole (Shampoo),datasetHand,training,,,,20
D:\ediprjcursor\data\datasetHand\Training\training_words\2085.png,2085.png,Montene,Montelukast Sodium,datasetHand,training,,,,52
D:\ediprjcursor\data\RxHandBD-ML\Train_Set\P2822.jpg,P2822.jpg,Ace,Paracetamol,RxHandBD-ML,train,Ace XR,exact_clean,100.0,0
D:\ediprjcursor\data\datasetHand\Training\training_words\2481.png,2481.png,Opton,Esomeprazole,datasetHand,training,,,,62
D:\ediprjcursor\data\datasetHand\Training\training_words\2339.png,2339.png,Nidazyl,Metronidazole,datasetHand,training,,,,58
D:\ediprjcursor\data\datasetHand\Training\training_words\2604.png,2604.png,Renova,Paracetamol,datasetHand,training,,,,65
D:\ediprjcursor\data\datasetHand\Training\training_words\2381.png,2381.png,Nizoder,Ketoconazole (Cream),datasetHand,training,,,,59
D:\ediprjcursor\data\datasetHand\Training\training_words\1152.png,1152.png,Exium,Esomeprazole,datasetHand,training,,,,28
D:\ediprjcursor\data\datasetHand\Training\training_words\505.png,505.png,Baclon,Baclofen,datasetHand,training,,,,12
D:\ediprjcursor\data\datasetHand\Training\training_words\62.png,62.png,Ace,Paracetamol,datasetHand,training,,,,0
D:\ediprjcursor\data\datasetHand\Training\training_words\2028.png,2028.png,Monas,Montelukast Sodium,datasetHand,training,,,,50
D:\ediprjcursor\data\datasetHand\Training\training_words\1929.png,1929.png,Metro,Metronidazole,datasetHand,training,,,,48
D:\ediprjcursor\data\datasetHand\Training\training_words\1498.png,1498.png,Flugal,Fluconazole,datasetHand,training,,,,37
D:\ediprjcursor\data\datasetHand\Training\training_words\2386.png,2386.png,Nizoder,Ketoconazole (Cream),datasetHand,training,,,,59
D:\ediprjcursor\data\datasetHand\Training\training_words\2735.png,2735.png,Rivotril,Clonazepam,datasetHand,training,,,,68
D:\ediprjcursor\data\datasetHand\Training\training_words\1341.png,1341.png,Fixal,Fexofenadine Hydrochloride,datasetHand,training,,,,33
D:\ediprjcursor\data\datasetHand\Training\training_words\2117.png,2117.png,Montene,Montelukast Sodium,datasetHand,training,,,,52
D:\ediprjcursor\data\datasetHand\Training\training_words\735.png,735.png,Cetisoft,Cetirizine Hydrochloride,datasetHand,training,,,,18
D:\ediprjcursor\data\datasetHand\Training\training_words\91.png,91.png,Alatrol,Cetirizine Hydrochloride,datasetHand,training,,,,2
D:\ediprjcursor\data\datasetHand\Training\training_words\1177.png,1177.png,Fenadin,Fexofenadine Hydrochloride,datasetHand,training,,,,29
D:\ediprjcursor\data\RxHandBD-ML\Train_Set\P4324.jpg,P4324.jpg,Napa Extend,Paracetamol,RxHandBD-ML,train,Napa,exact_clean,100.0,55
D:\ediprjcursor\data\RxHandBD-ML\Train_Set\P4973.jpg,P4973.jpg,Metro,Metronidazole,RxHandBD-ML,train,metro,exact_clean,100.0,48
D:\ediprjcursor\data\datasetHand\Training\training_words\1557.png,1557.png,Ketocon,Ketoconazole (Shampoo),datasetHand,training,,,,38
D:\ediprjcursor\data\datasetHand\Training\training_words\397.png,397.png,Bacaid,Baclofen,datasetHand,training,,,,9
D:\ediprjcursor\data\datasetHand\Training\training_words\2615.png,2615.png,Renova,Paracetamol,datasetHand,training,,,,65
D:\ediprjcursor\data\datasetHand\Training\training_words\129.png,129.png,Amodis,Metronidazole,datasetHand,training,,,,3
D:\ediprjcursor\data\datasetHand\Training\training_words\14.png,14.png,Aceta,Paracetamol,datasetHand,training,,,,1
D:\ediprjcursor\data\datasetHand\Training\training_words\1312.png,1312.png,Filmet,Metronidazole,datasetHand,training,,,,32
D:\ediprjcursor\data\datasetHand\Training\training_words\1174.png,1174.png,Fenadin,Fexofenadine Hydrochloride,datasetHand,training,,,,29
D:\ediprjcursor\data\datasetHand\Training\training_words\2926.png,2926.png,Telfast,Fexofenadine Hydrochloride,datasetHand,training,,,,73
D:\ediprjcursor\data\datasetHand\Training\training_words\1714.png,1714.png,Leptic,Clonazepam,datasetHand,training,,,,42
D:\ediprjcursor\data\datasetHand\Training\training_words\658.png,658.png,Canazole,Fluconazole,datasetHand,training,,,,16
D:\ediprjcursor\data\datasetHand\Training\training_words\382.png,382.png,Bacaid,Baclofen,datasetHand,training,,,,9
D:\ediprjcursor\data\datasetHand\Training\training_words\646.png,646.png,Canazole,Fluconazole,datasetHand,training,,,,16
D:\ediprjcursor\data\datasetHand\Training\training_words\3114.png,3114.png,Zithrin,Azithromycin Dihydrate,datasetHand,training,,,,77
D:\ediprjcursor\data\datasetHand\Training\training_words\1715.png,1715.png,Leptic,Clonazepam,datasetHand,training,,,,42
D:\ediprjcursor\data\datasetHand\Training\training_words\2911.png,2911.png,Tamen,Paracetamol,datasetHand,training,,,,72
D:\ediprjcursor\data\datasetHand\Training\training_words\888.png,888.png,Diflu,Fluconazole,datasetHand,training,,,,22
D:\ediprjcursor\data\datasetHand\Training\training_words\2585.png,2585.png,Provair,Montelukast Sodium,datasetHand,training,,,,64
D:\ediprjcursor\data\datasetHand\Training\training_words\2743.png,2743.png,Rivotril,Clonazepam,datasetHand,training,,,,68
D:\ediprjcursor\data\datasetHand\Training\training_words\2058.png,2058.png,Montair,Montelukast Sodium,datasetHand,training,,,,51
D:\ediprjcursor\data\datasetHand\Training\training_words\252.png,252.png,Azithrocin,Azithromycin Dihydrate,datasetHand,training,,,,7
D:\ediprjcursor\data\datasetHand\Training\training_words\1463.png,1463.png,Flexilax,Baclofen,datasetHand,training,,,,36
D:\ediprjcursor\data\datasetHand\Training\training_words\1467.png,1467.png,Flexilax,Baclofen,datasetHand,training,,,,36
D:\ediprjcursor\data\datasetHand\Training\training_words\3012.png,3012.png,Trilock,Montelukast Sodium,datasetHand,training,,,,75
D:\ediprjcursor\data\datasetHand\Training\training_words\2487.png,2487.png,Opton,Esomeprazole,datasetHand,training,,,,62
D:\ediprjcursor\data\datasetHand\Training\training_words\1584.png,1584.png,Ketoral,Ketoconazole (Tablet),datasetHand,training,,,,39
D:\ediprjcursor\data\datasetHand\Training\training_words\648.png,648.png,Canazole,Fluconazole,datasetHand,training,,,,16
D:\ediprjcursor\data\datasetHand\Training\training_words\1614.png,1614.png,Ketotab,Ketoconazole (Tablet),datasetHand,training,,,,40
D:\ediprjcursor\data\RxHandBD-ML\Train_Set\P4010.jpg,P4010.jpg,Fexo,Fexofenadine Hydrochloride,RxHandBD-ML,train,Fexo,exact_clean,100.0,30
D:\ediprjcursor\data\datasetHand\Training\training_words\86.png,86.png,Alatrol,Cetirizine Hydrochloride,datasetHand,training,,,,2
D:\ediprjcursor\data\datasetHand\Training\training_words\2695.png,2695.png,Ritch,Fexofenadine Hydrochloride,datasetHand,training,,,,67
D:\ediprjcursor\data\datasetHand\Training\training_words\2139.png,2139.png,Montex,Montelukast Sodium,datasetHand,training,,,,53
D:\ediprjcursor\data\datasetHand\Training\training_words\508.png,508.png,Baclon,Baclofen,datasetHand,training,,,,12
D:\ediprjcursor\data\datasetHand\Training\training_words\12.png,12.png,Aceta,Paracetamol,datasetHand,training,,,,1
D:\ediprjcursor\data\RxHandBD-ML\Train_Set\P2920.jpg,P2920.jpg,Nexum,Esomeprazole,RxHandBD-ML,train,Nexum,exact_clean,100.0,57
D:\ediprjcursor\data\datasetHand\Training\training_words\2165.png,2165.png,Napa Extend,Paracetamol,datasetHand,training,,,,55
D:\ediprjcursor\data\datasetHand\Training\training_words\1643.png,1643.png,Ketozol,Ketoconazole (Shampoo),datasetHand,training,,,,41
D:\ediprjcursor\data\datasetHand\Training\training_words\283.png,283.png,Azyth,Azithromycin Dihydrate,datasetHand,training,,,,8
D:\ediprjcursor\data\datasetHand\Training\training_words\715.png,715.png,Candinil,Fluconazole,datasetHand,training,,,,17
D:\ediprjcursor\data\datasetHand\Training\training_words\3024.png,3024.png,Trilock,Montelukast Sodium,datasetHand,training,,,,75
D:\ediprjcursor\data\datasetHand\Training\training_words\2290.png,2290.png,Nexum,Esomeprazole,datasetHand,training,,,,57
D:\ediprjcursor\data\datasetHand\Training\training_words\2861.png,2861.png,Sergel,Esomeprazole,datasetHand,training,,,,71
D:\ediprjcursor\data\datasetHand\Training\training_words\2428.png,2428.png,Odmon,Montelukast Sodium,datasetHand,training,,,,60
D:\ediprjcursor\data\datasetHand\Training\training_words\2110.png,2110.png,Montene,Montelukast Sodium,datasetHand,training,,,,52
D:\ediprjcursor\data\datasetHand\Training\training_words\2757.png,2757.png,Rivotril,Clonazepam,datasetHand,training,,,,68
D:\ediprjcursor\data\datasetHand\Training\training_words\1810.png,1810.png,M-Kast,Montelukast Sodium,datasetHand,training,,,,45
D:\ediprjcursor\data\datasetHand\Training\training_words\1930.png,1930.png,Metro,Metronidazole,datasetHand,training,,,,48
D:\ediprjcursor\data\datasetHand\Training\training_words\2599.png,2599.png,Provair,Montelukast Sodium,datasetHand,training,,,,64
D:\ediprjcursor\data\datasetHand\Training\training_words\2091.png,2091.png,Montene,Montelukast Sodium,datasetHand,training,,,,52
D:\ediprjcursor\data\datasetHand\Training\training_words\250.png,250.png,Azithrocin,Azithromycin Dihydrate,datasetHand,training,,,,7
D:\ediprjcursor\data\datasetHand\Training\training_words\424.png,424.png,Backtone,Baclofen,datasetHand,training,,,,10
D:\ediprjcursor\data\datasetHand\Training\training_words\2195.png,2195.png,Napa Extend,Paracetamol,datasetHand,training,,,,55
D:\ediprjcursor\data\datasetHand\Training\training_words\328.png,328.png,Az,Azithromycin Dihydrate,datasetHand,training,,,,6
D:\ediprjcursor\data\datasetHand\Training\training_words\2562.png,2562.png,Provair,Montelukast Sodium,datasetHand,training,,,,64
D:\ediprjcursor\data\RxHandBD-ML\Train_Set\P3671.jpg,P3671.jpg,Napa Extend,Paracetamol,RxHandBD-ML,train,Napa,exact_clean,100.0,55
D:\ediprjcursor\data\datasetHand\Training\training_words\1804.png,1804.png,M-Kast,Montelukast Sodium,datasetHand,training,,,,45
D:\ediprjcursor\data\datasetHand\Training\training_words\2361.png,2361.png,Nizoder,Ketoconazole (Cream),datasetHand,training,,,,59
D:\ediprjcursor\data\datasetHand\Training\training_words\2694.png,2694.png,Ritch,Fexofenadine Hydrochloride,datasetHand,training,,,,67
D:\ediprjcursor\data\datasetHand\Training\training_words\1992.png,1992.png,Metsina,Metronidazole,datasetHand,training,,,,49
D:\ediprjcursor\data\datasetHand\Training\training_words\2238.png,2238.png,Napa,Paracetamol,datasetHand,training,,,,54
D:\ediprjcursor\data\datasetHand\Training\training_words\2594.png,2594.png,Provair,Montelukast Sodium,datasetHand,training,,,,64
D:\ediprjcursor\data\datasetHand\Training\training_words\1196.png,1196.png,Fenadin,Fexofenadine Hydrochloride,datasetHand,training,,,,29
D:\ediprjcursor\data\datasetHand\Training\training_words\2495.png,2495.png,Opton,Esomeprazole,datasetHand,training,,,,62
D:\ediprjcursor\data\datasetHand\Training\training_words\2789.png,2789.png,Romycin,Azithromycin Dihydrate (Ophthalmic),datasetHand,training,,,,69
D:\ediprjcursor\data\datasetHand\Training\training_words\889.png,889.png,Diflu,Fluconazole,datasetHand,training,,,,22
D:\ediprjcursor\data\datasetHand\Training\training_words\755.png,755.png,Cetisoft,Cetirizine Hydrochloride,datasetHand,training,,,,18
D:\ediprjcursor\data\datasetHand\Training\training_words\2272.png,2272.png,Nexcap,Esomeprazole,datasetHand,training,,,,56
D:\ediprjcursor\data\datasetHand\Training\training_words\128.png,128.png,Amodis,Metronidazole,datasetHand,training,,,,3
D:\ediprjcursor\data\RxHandBD-ML\Train_Set\P3733.jpg,P3733.jpg,Napa Extend,Paracetamol,RxHandBD-ML,train,Napa,exact_clean,100.0,55
D:\ediprjcursor\data\datasetHand\Training\training_words\275.png,275.png,Azithrocin,Azithromycin Dihydrate,datasetHand,training,,,,7
D:\ediprjcursor\data\datasetHand\Training\training_words\262.png,262.png,Azithrocin,Azithromycin Dihydrate,datasetHand,training,,,,7
D:\ediprjcursor\data\datasetHand\Training\training_words\2435.png,2435.png,Odmon,Montelukast Sodium,datasetHand,training,,,,60
D:\ediprjcursor\data\datasetHand\Training\training_words\818.png,818.png,Dancel,Ketoconazole (Shampoo),datasetHand,training,,,,20
D:\ediprjcursor\data\datasetHand\Training\training_words\2107.png,2107.png,Montene,Montelukast Sodium,datasetHand,training,,,,52
D:\ediprjcursor\data\datasetHand\Training\training_words\1058.png,1058.png,Esoral,Esomeprazole,datasetHand,training,,,,26
D:\ediprjcursor\data\datasetHand\Training\training_words\3023.png,3023.png,Trilock,Montelukast Sodium,datasetHand,training,,,,75
D:\ediprjcursor\data\datasetHand\Training\training_words\1807.png,1807.png,M-Kast,Montelukast Sodium,datasetHand,training,,,,45
D:\ediprjcursor\data\datasetHand\Training\training_words\912.png,912.png,Diflu,Fluconazole,datasetHand,training,,,,22
D:\ediprjcursor\data\datasetHand\Training\training_words\2162.png,2162.png,Napa Extend,Paracetamol,datasetHand,training,,,,55
D:\ediprjcursor\data\datasetHand\Training\training_words\944.png,944.png,Dinafex,Fexofenadine Hydrochloride,datasetHand,training,,,,23
D:\ediprjcursor\data\datasetHand\Training\training_words\2696.png,2696.png,Ritch,Fexofenadine Hydrochloride,datasetHand,training,,,,67
D:\ediprjcursor\data\datasetHand\Training\training_words\156.png,156.png,Amodis,Metronidazole,datasetHand,training,,,,3
D:\ediprjcursor\data\RxHandBD-ML\Train_Set\P2249.jpg,P2249.jpg,Nexum,Esomeprazole,RxHandBD-ML,train,Nexum,exact_clean,100.0,57
D:\ediprjcursor\data\datasetHand\Training\training_words\2377.png,2377.png,Nizoder,Ketoconazole (Cream),datasetHand,training,,,,59
D:\ediprjcursor\data\datasetHand\Training\training_words\2482.png,2482.png,Opton,Esomeprazole,datasetHand,training,,,,62
D:\ediprjcursor\data\datasetHand\Training\training_words\49.png,49.png,Ace,Paracetamol,datasetHand,training,,,,0
D:\ediprjcursor\data\datasetHand\Training\training_words\1612.png,1612.png,Ketotab,Ketoconazole (Tablet),datasetHand,training,,,,40
D:\ediprjcursor\data\RxHandBD-ML\Train_Set\P1644.jpg,P1644.jpg,Nexum,Esomeprazole,RxHandBD-ML,train,Nexum,exact_clean,100.0,57
D:\ediprjcursor\data\datasetHand\Training\training_words\1382.png,1382.png,Flamyd,Metronidazole,datasetHand,training,,,,34
D:\ediprjcursor\data\datasetHand\Training\training_words\1429.png,1429.png,Flexibac,Baclofen,datasetHand,training,,,,35
D:\ediprjcursor\data\datasetHand\Training\training_words\1369.png,1369.png,Flamyd,Metronidazole,datasetHand,training,,,,34
D:\ediprjcursor\data\datasetHand\Training\training_words\669.png,669.png,Canazole,Fluconazole,datasetHand,training,,,,16
D:\ediprjcursor\data\datasetHand\Training\training_words\2701.png,2701.png,Ritch,Fexofenadine Hydrochloride,datasetHand,training,,,,67
D:\ediprjcursor\data\datasetHand\Training\training_words\2387.png,2387.png,Nizoder,Ketoconazole (Cream),datasetHand,training,,,,59
D:\ediprjcursor\data\datasetHand\Training\training_words\2904.png,2904.png,Tamen,Paracetamol,datasetHand,training,,,,72
D:\ediprjcursor\data\datasetHand\Training\training_words\1330.png,1330.png,Fixal,Fexofenadine Hydrochloride,datasetHand,training,,,,33
D:\ediprjcursor\data\datasetHand\Training\training_words\1447.png,1447.png,Flexilax,Baclofen,datasetHand,training,,,,36
D:\ediprjcursor\data\datasetHand\Training\training_words\2163.png,2163.png,Napa Extend,Paracetamol,datasetHand,training,,,,55
D:\ediprjcursor\data\datasetHand\Training\training_words\2330.png,2330.png,Nidazyl,Metronidazole,datasetHand,training,,,,58
D:\ediprjcursor\data\datasetHand\Training\training_words\9.png,9.png,Aceta,Paracetamol,datasetHand,training,,,,1
D:\ediprjcursor\data\datasetHand\Training\training_words\71.png,71.png,Ace,Paracetamol,datasetHand,training,,,,0
D:\ediprjcursor\data\datasetHand\Training\training_words\2626.png,2626.png,Renova,Paracetamol,datasetHand,training,,,,65
D:\ediprjcursor\data\datasetHand\Training\training_words\2895.png,2895.png,Tamen,Paracetamol,datasetHand,training,,,,72
D:\ediprjcursor\data\datasetHand\Training\training_words\357.png,357.png,Az,Azithromycin Dihydrate,datasetHand,training,,,,6
D:\ediprjcursor\data\datasetHand\Training\training_words\2305.png,2305.png,Nexum,Esomeprazole,datasetHand,training,,,,57
D:\ediprjcursor\data\datasetHand\Training\training_words\2308.png,2308.png,Nexum,Esomeprazole,datasetHand,training,,,,57
D:\ediprjcursor\data\datasetHand\Training\training_words\922.png,922.png,Dinafex,Fexofenadine Hydrochloride,datasetHand,training,,,,23
D:\ediprjcursor\data\datasetHand\Training\training_words\401.png,401.png,Backtone,Baclofen,datasetHand,training,,,,10
D:\ediprjcursor\data\datasetHand\Training\training_words\923.png,923.png,Dinafex,Fexofenadine Hydrochloride,datasetHand,training,,,,23
D:\ediprjcursor\data\datasetHand\Training\training_words\1630.png,1630.png,Ketotab,Ketoconazole (Tablet),datasetHand,training,,,,40
D:\ediprjcursor\data\RxHandBD-ML\Train_Set\P4943.jpg,P4943.jpg,Napa Extend,Paracetamol,RxHandBD-ML,train,napa,exact_clean,100.0,55
D:\ediprjcursor\data\datasetHand\Training\training_words\104.png,104.png,Alatrol,Cetirizine Hydrochloride,datasetHand,training,,,,2
D:\ediprjcursor\data\datasetHand\Training\training_words\652.png,652.png,Canazole,Fluconazole,datasetHand,training,,,,16
D:\ediprjcursor\data\datasetHand\Training\training_words\423.png,423.png,Backtone,Baclofen,datasetHand,training,,,,10
D:\ediprjcursor\data\datasetHand\Training\training_words\2872.png,2872.png,Sergel,Esomeprazole,datasetHand,training,,,,71
D:\ediprjcursor\data\datasetHand\Training\training_words\2817.png,2817.png,Rozith,Azithromycin Dihydrate,datasetHand,training,,,,70
D:\ediprjcursor\data\datasetHand\Training\training_words\798.png,798.png,Conaz,Fluconazole,datasetHand,training,,,,19
D:\ediprjcursor\data\datasetHand\Training\training_words\1266.png,1266.png,Fexo,Fexofenadine Hydrochloride,datasetHand,training,,,,30
D:\ediprjcursor\data\datasetHand\Training\training_words\1261.png,1261.png,Fexo,Fexofenadine Hydrochloride,datasetHand,training,,,,30
D:\ediprjcursor\data\datasetHand\Training\training_words\2851.png,2851.png,Sergel,Esomeprazole,datasetHand,training,,,,71
D:\ediprjcursor\data\datasetHand\Training\training_words\499.png,499.png,Baclon,Baclofen,datasetHand,training,,,,12
D:\ediprjcursor\data\datasetHand\Training\training_words\608.png,608.png,Bicozin,Vitamin B Complex + Zinc,datasetHand,training,,,,15
D:\ediprjcursor\data\datasetHand\Training\training_words\408.png,408.png,Backtone,Baclofen,datasetHand,training,,,,10
D:\ediprjcursor\data\datasetHand\Training\training_words\2513.png,2513.png,Opton,Esomeprazole,datasetHand,training,,,,62
D:\ediprjcursor\data\datasetHand\Training\training_words\2075.png,2075.png,Montair,Montelukast Sodium,datasetHand,training,,,,51
D:\ediprjcursor\data\datasetHand\Training\training_words\961.png,961.png,Disopan,Clonazepam,datasetHand,training,,,,24
D:\ediprjcursor\data\datasetHand\Training\training_words\2084.png,2084.png,Montene,Montelukast Sodium,datasetHand,training,,,,52
D:\ediprjcursor\data\datasetHand\Training\training_words\1581.png,1581.png,Ketoral,Ketoconazole (Tablet),datasetHand,training,,,,39
D:\ediprjcursor\data\datasetHand\Training\training_words\2675.png,2675.png,Rhinil,Cetirizine Hydrochloride,datasetHand,training,,,,66
D:\ediprjcursor\data\datasetHand\Training\training_words\3041.png,3041.png,Vifas,Fexofenadine Hydrochloride,datasetHand,training,,,,76
D:\ediprjcursor\data\datasetHand\Training\training_words\955.png,955.png,Dinafex,Fexofenadine Hydrochloride,datasetHand,training,,,,23
D:\ediprjcursor\data\datasetHand\Training\training_words\1106.png,1106.png,Etizin,Cetirizine Hydrochloride,datasetHand,training,,,,27
D:\ediprjcursor\data\datasetHand\Training\training_words\1338.png,1338.png,Fixal,Fexofenadine Hydrochloride,datasetHand,training,,,,33
D:\ediprjcursor\data\RxHandBD-ML\Train_Set\P3861.jpg,P3861.jpg,Napa Extend,Paracetamol,RxHandBD-ML,train,Napa,exact_clean,100.0,55
D:\ediprjcursor\data\datasetHand\Training\training_words\731.png,731.png,Cetisoft,Cetirizine Hydrochloride,datasetHand,training,,,,18
D:\ediprjcursor\data\datasetHand\Training\training_words\459.png,459.png,Baclofen,Baclofen,datasetHand,training,,,,11
D:\ediprjcursor\data\datasetHand\Training\training_words\1412.png,1412.png,Flexibac,Baclofen,datasetHand,training,,,,35
D:\ediprjcursor\data\datasetHand\Training\training_words\1142.png,1142.png,Exium,Esomeprazole,datasetHand,training,,,,28
D:\ediprjcursor\data\RxHandBD-ML\Train_Set\P1625.jpg,P1625.jpg,Flugal,Fluconazole,RxHandBD-ML,train,Flugal,exact_clean,100.0,37
D:\ediprjcursor\data\datasetHand\Training\training_words\1736.png,1736.png,Lucan-R,Fluconazole,datasetHand,training,,,,43
D:\ediprjcursor\data\datasetHand\Training\training_words\1567.png,1567.png,Ketoral,Ketoconazole (Tablet),datasetHand,training,,,,39
D:\ediprjcursor\data\datasetHand\Training\training_words\2706.png,2706.png,Ritch,Fexofenadine Hydrochloride,datasetHand,training,,,,67
D:\ediprjcursor\data\datasetHand\Training\training_words\189.png,189.png,Atrizin,Cetirizine Hydrochloride,datasetHand,training,,,,4
D:\ediprjcursor\data\datasetHand\Training\training_words\1158.png,1158.png,Exium,Esomeprazole,datasetHand,training,,,,28
D:\ediprjcursor\data\RxHandBD-ML\Train_Set\P3151.jpg,P3151.jpg,Maxima,Esomeprazole,RxHandBD-ML,train,Maxima,exact_clean,100.0,46
D:\ediprjcursor\data\RxHandBD-ML\Train_Set\P3222.jpg,P3222.jpg,Napa Extend,Paracetamol,RxHandBD-ML,train,Napa,exact_clean,100.0,55
D:\ediprjcursor\data\datasetHand\Training\training_words\1328.png,1328.png,Fixal,Fexofenadine Hydrochloride,datasetHand,training,,,,33
D:\ediprjcursor\data\RxHandBD-ML\Train_Set\P2416.jpg,P2416.jpg,Napa Extend,Paracetamol,RxHandBD-ML,train,Napa,exact_clean,100.0,55
D:\ediprjcursor\data\datasetHand\Training\training_words\3032.png,3032.png,Trilock,Montelukast Sodium,datasetHand,training,,,,75
D:\ediprjcursor\data\RxHandBD-ML\Train_Set\P3149.jpg,P3149.jpg,Napa Extend,Paracetamol,RxHandBD-ML,train,Napa,exact_clean,100.0,55
D:\ediprjcursor\data\datasetHand\Training\training_words\3047.png,3047.png,Vifas,Fexofenadine Hydrochloride,datasetHand,training,,,,76
D:\ediprjcursor\data\datasetHand\Training\training_words\2920.png,2920.png,Telfast,Fexofenadine Hydrochloride,datasetHand,training,,,,73
D:\ediprjcursor\data\datasetHand\Training\training_words\3118.png,3118.png,Zithrin,Azithromycin Dihydrate,datasetHand,training,,,,77
D:\ediprjcursor\data\datasetHand\Training\training_words\1379.png,1379.png,Flamyd,Metronidazole,datasetHand,training,,,,34
D:\ediprjcursor\data\datasetHand\Training\training_words\809.png,809.png,Dancel,Ketoconazole (Shampoo),datasetHand,training,,,,20
D:\ediprjcursor\data\datasetHand\Training\training_words\1738.png,1738.png,Lucan-R,Fluconazole,datasetHand,training,,,,43
D:\ediprjcursor\data\RxHandBD-ML\Train_Set\P1463.jpg,P1463.jpg,Nexum,Esomeprazole,RxHandBD-ML,train,Nexum,exact_clean,100.0,57
D:\ediprjcursor\data\datasetHand\Training\training_words\532.png,532.png,Bacmax,Baclofen,datasetHand,training,,,,13
D:\ediprjcursor\data\datasetHand\Training\training_words\2749.png,2749.png,Rivotril,Clonazepam,datasetHand,training,,,,68
D:\ediprjcursor\data\RxHandBD-ML\Train_Set\P3168.jpg,P3168.jpg,Metro,Metronidazole,RxHandBD-ML,train,Metro,exact_clean,100.0,48
D:\ediprjcursor\data\datasetHand\Training\training_words\1279.png,1279.png,Fexo,Fexofenadine Hydrochloride,datasetHand,training,,,,30
D:\ediprjcursor\data\RxHandBD-ML\Train_Set\P3941.jpg,P3941.jpg,Napa Extend,Paracetamol,RxHandBD-ML,train,Napa,exact_clean,100.0,55
D:\ediprjcursor\data\datasetHand\Training\training_words\2828.png,2828.png,Rozith,Azithromycin Dihydrate,datasetHand,training,,,,70
D:\ediprjcursor\data\datasetHand\Training\training_words\2877.png,2877.png,Sergel,Esomeprazole,datasetHand,training,,,,71
D:\ediprjcursor\data\datasetHand\Training\training_words\1006.png,1006.png,Esonix,Esomeprazole,datasetHand,training,,,,25
D:\ediprjcursor\data\datasetHand\Training\training_words\402.png,402.png,Backtone,Baclofen,datasetHand,training,,,,10
D:\ediprjcursor\data\datasetHand\Training\training_words\992.png,992.png,Disopan,Clonazepam,datasetHand,training,,,,24
D:\ediprjcursor\data\datasetHand\Training\training_words\2844.png,2844.png,Sergel,Esomeprazole,datasetHand,training,,,,71
D:\ediprjcursor\data\datasetHand\Training\training_words\289.png,289.png,Azyth,Azithromycin Dihydrate,datasetHand,training,,,,8
D:\ediprjcursor\data\datasetHand\Training\training_words\1587.png,1587.png,Ketoral,Ketoconazole (Tablet),datasetHand,training,,,,39
D:\ediprjcursor\data\datasetHand\Training\training_words\1649.png,1649.png,Ketozol,Ketoconazole (Shampoo),datasetHand,training,,,,41
D:\ediprjcursor\data\datasetHand\Training\training_words\1420.png,1420.png,Flexibac,Baclofen,datasetHand,training,,,,35
D:\ediprjcursor\data\datasetHand\Training\training_words\609.png,609.png,Bicozin,Vitamin B Complex + Zinc,datasetHand,training,,,,15
D:\ediprjcursor\data\datasetHand\Training\training_words\653.png,653.png,Canazole,Fluconazole,datasetHand,training,,,,16
D:\ediprjcursor\data\RxHandBD-ML\Train_Set\P3356.jpg,P3356.jpg,Napa Extend,Paracetamol,RxHandBD-ML,train,Napa,exact_clean,100.0,55
D:\ediprjcursor\data\RxHandBD-ML\Train_Set\P4140.jpg,P4140.jpg,Napa Extend,Paracetamol,RxHandBD-ML,train,Napa,exact_clean,100.0,55
D:\ediprjcursor\data\datasetHand\Training\training_words\2373.png,2373.png,Nizoder,Ketoconazole (Cream),datasetHand,training,,,,59
D:\ediprjcursor\data\datasetHand\Training\training_words\3042.png,3042.png,Vifas,Fexofenadine Hydrochloride,datasetHand,training,,,,76
D:\ediprjcursor\data\datasetHand\Training\training_words\766.png,766.png,Conaz,Fluconazole,datasetHand,training,,,,19
D:\ediprjcursor\data\datasetHand\Training\training_words\495.png,495.png,Baclon,Baclofen,datasetHand,training,,,,12
D:\ediprjcursor\data\datasetHand\Training\training_words\2910.png,2910.png,Tamen,Paracetamol,datasetHand,training,,,,72
D:\ediprjcursor\data\datasetHand\Training\training_words\786.png,786.png,Conaz,Fluconazole,datasetHand,training,,,,19
D:\ediprjcursor\data\datasetHand\Training\training_words\1171.png,1171.png,Fenadin,Fexofenadine Hydrochloride,datasetHand,training,,,,29
D:\ediprjcursor\data\datasetHand\Training\training_words\1564.png,1564.png,Ketoral,Ketoconazole (Tablet),datasetHand,training,,,,39
D:\ediprjcursor\data\datasetHand\Training\training_words\1871.png,1871.png,Maxima,Esomeprazole,datasetHand,training,,,,46
D:\ediprjcursor\data\datasetHand\Training\training_words\636.png,636.png,Bicozin,Vitamin B Complex + Zinc,datasetHand,training,,,,15
D:\ediprjcursor\data\datasetHand\Training\training_words\2511.png,2511.png,Opton,Esomeprazole,datasetHand,training,,,,62
D:\ediprjcursor\data\RxHandBD-ML\Train_Set\P2280.jpg,P2280.jpg,Nexum,Esomeprazole,RxHandBD-ML,train,Nexum,exact_clean,100.0,57
D:\ediprjcursor\data\datasetHand\Training\training_words\1718.png,1718.png,Leptic,Clonazepam,datasetHand,training,,,,42
D:\ediprjcursor\data\datasetHand\Training\training_words\2384.png,2384.png,Nizoder,Ketoconazole (Cream),datasetHand,training,,,,59
D:\ediprjcursor\data\datasetHand\Training\training_words\364.png,364.png,Bacaid,Baclofen,datasetHand,training,,,,9
D:\ediprjcursor\data\datasetHand\Training\training_words\2185.png,2185.png,Napa Extend,Paracetamol,datasetHand,training,,,,55
D:\ediprjcursor\data\datasetHand\Training\training_words\2883.png,2883.png,Tamen,Paracetamol,datasetHand,training,,,,72
D:\ediprjcursor\data\datasetHand\Training\training_words\1591.png,1591.png,Ketoral,Ketoconazole (Tablet),datasetHand,training,,,,39
D:\ediprjcursor\data\RxHandBD-ML\Train_Set\P3848.jpg,P3848.jpg,Monas,Montelukast Sodium,RxHandBD-ML,train,Monas,exact_clean,100.0,50
D:\ediprjcursor\data\datasetHand\Training\training_words\668.png,668.png,Canazole,Fluconazole,datasetHand,training,,,,16
D:\ediprjcursor\data\datasetHand\Training\training_words\2540.png,2540.png,Progut,Esomeprazole,datasetHand,training,,,,63
D:\ediprjcursor\data\datasetHand\Training\training_words\1109.png,1109.png,Etizin,Cetirizine Hydrochloride,datasetHand,training,,,,27
D:\ediprjcursor\data\datasetHand\Training\training_words\574.png,574.png,Beklo,Baclofen,datasetHand,training,,,,14
D:\ediprjcursor\data\datasetHand\Training\training_words\2969.png,2969.png,Tridosil,Azithromycin Dihydrate,datasetHand,training,,,,74
D:\ediprjcursor\data\datasetHand\Training\training_words\1455.png,1455.png,Flexilax,Baclofen,datasetHand,training,,,,36
D:\ediprjcursor\data\datasetHand\Training\training_words\979.png,979.png,Disopan,Clonazepam,datasetHand,training,,,,24
D:\ediprjcursor\data\datasetHand\Training\training_words\258.png,258.png,Azithrocin,Azithromycin Dihydrate,datasetHand,training,,,,7
D:\ediprjcursor\data\datasetHand\Training\training_words\509.png,509.png,Baclon,Baclofen,datasetHand,training,,,,12
D:\ediprjcursor\data\RxHandBD-ML\Train_Set\P4226.jpg,P4226.jpg,Napa Extend,Paracetamol,RxHandBD-ML,train,Napa,exact_clean,100.0,55
D:\ediprjcursor\data\datasetHand\Training\training_words\666.png,666.png,Canazole,Fluconazole,datasetHand,training,,,,16
D:\ediprjcursor\data\datasetHand\Training\training_words\446.png,446.png,Baclofen,Baclofen,datasetHand,training,,,,11
D:\ediprjcursor\data\datasetHand\Training\training_words\2294.png,2294.png,Nexum,Esomeprazole,datasetHand,training,,,,57
D:\ediprjcursor\data\datasetHand\Training\training_words\915.png,915.png,Diflu,Fluconazole,datasetHand,training,,,,22
D:\ediprjcursor\data\datasetHand\Training\training_words\1510.png,1510.png,Flugal,Fluconazole,datasetHand,training,,,,37
D:\ediprjcursor\data\datasetHand\Training\training_words\870.png,870.png,Denixil,Clonazepam,datasetHand,training,,,,21
D:\ediprjcursor\data\datasetHand\Training\training_words\2371.png,2371.png,Nizoder,Ketoconazole (Cream),datasetHand,training,,,,59
D:\ediprjcursor\data\datasetHand\Training\training_words\2317.png,2317.png,Nexum,Esomeprazole,datasetHand,training,,,,57
D:\ediprjcursor\data\datasetHand\Training\training_words\866.png,866.png,Denixil,Clonazepam,datasetHand,training,,,,21
D:\ediprjcursor\data\datasetHand\Training\training_words\2410.png,2410.png,Odmon,Montelukast Sodium,datasetHand,training,,,,60
D:\ediprjcursor\data\datasetHand\Training\training_words\232.png,232.png,Axodin,Fexofenadine Hydrochloride,datasetHand,training,,,,5
D:\ediprjcursor\data\datasetHand\Training\training_words\857.png,857.png,Denixil,Clonazepam,datasetHand,training,,,,21
D:\ediprjcursor\data\datasetHand\Training\training_words\1655.png,1655.png,Ketozol,Ketoconazole (Shampoo),datasetHand,training,,,,41
D:\ediprjcursor\data\datasetHand\Training\training_words\919.png,919.png,Diflu,Fluconazole,datasetHand,training,,,,22
D:\ediprjcursor\data\datasetHand\Training\training_words\1165.png,1165.png,Fenadin,Fexofenadine Hydrochloride,datasetHand,training,,,,29
D:\ediprjcursor\data\datasetHand\Training\training_words\3078.png,3078.png,Vifas,Fexofenadine Hydrochloride,datasetHand,training,,,,76
D:\ediprjcursor\data\datasetHand\Training\training_words\945.png,945.png,Dinafex,Fexofenadine Hydrochloride,datasetHand,training,,,,23
D:\ediprjcursor\data\RxHandBD-ML\Train_Set\P3373.jpg,P3373.jpg,Napa Extend,Paracetamol,RxHandBD-ML,train,Napa,exact_clean,100.0,55
D:\ediprjcursor\data\datasetHand\Training\training_words\2209.png,2209.png,Napa,Paracetamol,datasetHand,training,,,,54
D:\ediprjcursor\data\RxHandBD-ML\Train_Set\P4693.jpg,P4693.jpg,Napa Extend,Paracetamol,RxHandBD-ML,train,napa,exact_clean,100.0,55
D:\ediprjcursor\data\datasetHand\Training\training_words\674.png,674.png,Canazole,Fluconazole,datasetHand,training,,,,16
D:\ediprjcursor\data\datasetHand\Training\training_words\1545.png,1545.png,Ketocon,Ketoconazole (Shampoo),datasetHand,training,,,,38
D:\ediprjcursor\data\datasetHand\Training\training_words\2439.png,2439.png,Odmon,Montelukast Sodium,datasetHand,training,,,,60
D:\ediprjcursor\data\datasetHand\Training\training_words\3097.png,3097.png,Zithrin,Azithromycin Dihydrate,datasetHand,training,,,,77
D:\ediprjcursor\data\datasetHand\Training\training_words\2733.png,2733.png,Rivotril,Clonazepam,datasetHand,training,,,,68
D:\ediprjcursor\data\datasetHand\Training\training_words\1569.png,1569.png,Ketoral,Ketoconazole (Tablet),datasetHand,training,,,,39
D:\ediprjcursor\data\datasetHand\Training\training_words\689.png,689.png,Candinil,Fluconazole,datasetHand,training,,,,17
D:\ediprjcursor\data\datasetHand\Training\training_words\396.png,396.png,Bacaid,Baclofen,datasetHand,training,,,,9
D:\ediprjcursor\data\datasetHand\Training\training_words\1940.png,1940.png,Metro,Metronidazole,datasetHand,training,,,,48
D:\ediprjcursor\data\datasetHand\Training\training_words\2093.png,2093.png,Montene,Montelukast Sodium,datasetHand,training,,,,52
D:\ediprjcursor\data\datasetHand\Training\training_words\2937.png,2937.png,Telfast,Fexofenadine Hydrochloride,datasetHand,training,,,,73
D:\ediprjcursor\data\datasetHand\Training\training_words\2459.png,2459.png,Omastin,Fluconazole,datasetHand,training,,,,61
D:\ediprjcursor\data\datasetHand\Training\training_words\501.png,501.png,Baclon,Baclofen,datasetHand,training,,,,12
D:\ediprjcursor\data\datasetHand\Training\training_words\3113.png,3113.png,Zithrin,Azithromycin Dihydrate,datasetHand,training,,,,77
D:\ediprjcursor\data\datasetHand\Training\training_words\1021.png,1021.png,Esonix,Esomeprazole,datasetHand,training,,,,25
D:\ediprjcursor\data\datasetHand\Training\training_words\3102.png,3102.png,Zithrin,Azithromycin Dihydrate,datasetHand,training,,,,77
D:\ediprjcursor\data\datasetHand\Training\training_words\1286.png,1286.png,Filmet,Metronidazole,datasetHand,training,,,,32
D:\ediprjcursor\data\datasetHand\Training\training_words\1611.png,1611.png,Ketotab,Ketoconazole (Tablet),datasetHand,training,,,,40
D:\ediprjcursor\data\datasetHand\Training\training_words\2892.png,2892.png,Tamen,Paracetamol,datasetHand,training,,,,72
D:\ediprjcursor\data\datasetHand\Training\training_words\2225.png,2225.png,Napa,Paracetamol,datasetHand,training,,,,54
D:\ediprjcursor\data\datasetHand\Training\training_words\2816.png,2816.png,Rozith,Azithromycin Dihydrate,datasetHand,training,,,,70
D:\ediprjcursor\data\datasetHand\Training\training_words\383.png,383.png,Bacaid,Baclofen,datasetHand,training,,,,9
D:\ediprjcursor\data\datasetHand\Training\training_words\44.png,44.png,Ace,Paracetamol,datasetHand,training,,,,0
D:\ediprjcursor\data\datasetHand\Training\training_words\161.png,161.png,Atrizin,Cetirizine Hydrochloride,datasetHand,training,,,,4
D:\ediprjcursor\data\datasetHand\Training\training_words\1095.png,1095.png,Etizin,Cetirizine Hydrochloride,datasetHand,training,,,,27
D:\ediprjcursor\data\datasetHand\Training\training_words\1364.png,1364.png,Flamyd,Metronidazole,datasetHand,training,,,,34
D:\ediprjcursor\data\datasetHand\Training\training_words\155.png,155.png,Amodis,Metronidazole,datasetHand,training,,,,3
D:\ediprjcursor\data\datasetHand\Training\training_words\1218.png,1218.png,Fexofast,Fexofenadine Hydrochloride,datasetHand,training,,,,31
D:\ediprjcursor\data\datasetHand\Training\training_words\1097.png,1097.png,Etizin,Cetirizine Hydrochloride,datasetHand,training,,,,27
D:\ediprjcursor\data\datasetHand\Training\training_words\2616.png,2616.png,Renova,Paracetamol,datasetHand,training,,,,65
D:\ediprjcursor\data\datasetHand\Training\training_words\1609.png,1609.png,Ketotab,Ketoconazole (Tablet),datasetHand,training,,,,40
D:\ediprjcursor\data\datasetHand\Training\training_words\828.png,828.png,Dancel,Ketoconazole (Shampoo),datasetHand,training,,,,20
D:\ediprjcursor\data\datasetHand\Training\training_words\2298.png,2298.png,Nexum,Esomeprazole,datasetHand,training,,,,57
D:\ediprjcursor\data\datasetHand\Training\training_words\1180.png,1180.png,Fenadin,Fexofenadine Hydrochloride,datasetHand,training,,,,29
D:\ediprjcursor\data\datasetHand\Training\training_words\1756.png,1756.png,Lucan-R,Fluconazole,datasetHand,training,,,,43
D:\ediprjcursor\data\datasetHand\Training\training_words\2783.png,2783.png,Romycin,Azithromycin Dihydrate (Ophthalmic),datasetHand,training,,,,69
D:\ediprjcursor\data\datasetHand\Training\training_words\1181.png,1181.png,Fenadin,Fexofenadine Hydrochloride,datasetHand,training,,,,29
D:\ediprjcursor\data\datasetHand\Training\training_words\1621.png,1621.png,Ketotab,Ketoconazole (Tablet),datasetHand,training,,,,40
D:\ediprjcursor\data\RxHandBD-ML\Train_Set\P1346.jpg,P1346.jpg,Flugal,Fluconazole,RxHandBD-ML,train,Flugal,exact_clean,100.0,37
D:\ediprjcursor\data\datasetHand\Training\training_words\594.png,594.png,Beklo,Baclofen,datasetHand,training,,,,14
D:\ediprjcursor\data\datasetHand\Training\training_words\1435.png,1435.png,Flexibac,Baclofen,datasetHand,training,,,,35
D:\ediprjcursor\data\datasetHand\Training\training_words\2109.png,2109.png,Montene,Montelukast Sodium,datasetHand,training,,,,52
D:\ediprjcursor\data\datasetHand\Training\training_words\2968.png,2968.png,Tridosil,Azithromycin Dihydrate,datasetHand,training,,,,74
D:\ediprjcursor\data\RxHandBD-ML\Train_Set\P3571.jpg,P3571.jpg,Napa Extend,Paracetamol,RxHandBD-ML,train,Napa,exact_clean,100.0,55
D:\ediprjcursor\data\datasetHand\Training\training_words\2095.png,2095.png,Montene,Montelukast Sodium,datasetHand,training,,,,52
D:\ediprjcursor\data\datasetHand\Training\training_words\3005.png,3005.png,Trilock,Montelukast Sodium,datasetHand,training,,,,75
D:\ediprjcursor\data\datasetHand\Training\training_words\1373.png,1373.png,Flamyd,Metronidazole,datasetHand,training,,,,34
D:\ediprjcursor\data\RxHandBD-ML\Train_Set\P4688.jpg,P4688.jpg,Napa Extend,Paracetamol,RxHandBD-ML,train,napa,exact_clean,100.0,55
D:\ediprjcursor\data\RxHandBD-ML\Train_Set\P1425.jpg,P1425.jpg,Maxpro,Esomeprazole,RxHandBD-ML,train,MaxPro,exact_clean,100.0,47
D:\ediprjcursor\data\datasetHand\Training\training_words\1265.png,1265.png,Fexo,Fexofenadine Hydrochloride,datasetHand,training,,,,30
D:\ediprjcursor\data\datasetHand\Training\training_words\686.png,686.png,Candinil,Fluconazole,datasetHand,training,,,,17
D:\ediprjcursor\data\datasetHand\Training\training_words\2106.png,2106.png,Montene,Montelukast Sodium,datasetHand,training,,,,52
D:\ediprjcursor\data\datasetHand\Training\training_words\2349.png,2349.png,Nidazyl,Metronidazole,datasetHand,training,,,,58
D:\ediprjcursor\data\datasetHand\Training\training_words\1089.png,1089.png,Etizin,Cetirizine Hydrochloride,datasetHand,training,,,,27
D:\ediprjcursor\data\datasetHand\Training\training_words\1010.png,1010.png,Esonix,Esomeprazole,datasetHand,training,,,,25
D:\ediprjcursor\data\datasetHand\Training\training_words\2411.png,2411.png,Odmon,Montelukast Sodium,datasetHand,training,,,,60
D:\ediprjcursor\data\datasetHand\Training\training_words\50.png,50.png,Ace,Paracetamol,datasetHand,training,,,,0
D:\ediprjcursor\data\datasetHand\Training\training_words\199.png,199.png,Atrizin,Cetirizine Hydrochloride,datasetHand,training,,,,4
D:\ediprjcursor\data\datasetHand\Training\training_words\558.png,558.png,Bacmax,Baclofen,datasetHand,training,,,,13
D:\ediprjcursor\data\datasetHand\Training\training_words\2262.png,2262.png,Nexcap,Esomeprazole,datasetHand,training,,,,56
D:\ediprjcursor\data\RxHandBD-ML\Train_Set\P2936.jpg,P2936.jpg,Nexum,Esomeprazole,RxHandBD-ML,train,Nexum,exact_clean,100.0,57
D:\ediprjcursor\data\datasetHand\Training\training_words\2654.png,2654.png,Rhinil,Cetirizine Hydrochloride,datasetHand,training,,,,66
D:\ediprjcursor\data\datasetHand\Training\training_words\2419.png,2419.png,Odmon,Montelukast Sodium,datasetHand,training,,,,60
D:\ediprjcursor\data\datasetHand\Training\training_words\677.png,677.png,Canazole,Fluconazole,datasetHand,training,,,,16
D:\ediprjcursor\data\RxHandBD-ML\Train_Set\P2848.jpg,P2848.jpg,Filmet,Metronidazole,RxHandBD-ML,train,Filmet,exact_clean,100.0,32
D:\ediprjcursor\data\datasetHand\Training\training_words\2640.png,2640.png,Rhinil,Cetirizine Hydrochloride,datasetHand,training,,,,66
D:\ediprjcursor\data\datasetHand\Training\training_words\1977.png,1977.png,Metsina,Metronidazole,datasetHand,training,,,,49
D:\ediprjcursor\data\datasetHand\Training\training_words\520.png,520.png,Bacmax,Baclofen,datasetHand,training,,,,13
D:\ediprjcursor\data\datasetHand\Training\training_words\3000.png,3000.png,Trilock,Montelukast Sodium,datasetHand,training,,,,75
D:\ediprjcursor\data\datasetHand\Training\training_words\68.png,68.png,Ace,Paracetamol,datasetHand,training,,,,0
D:\ediprjcursor\data\datasetHand\Training\training_words\1231.png,1231.png,Fexofast,Fexofenadine Hydrochloride,datasetHand,training,,,,31
D:\ediprjcursor\data\datasetHand\Training\training_words\35.png,35.png,Aceta,Paracetamol,datasetHand,training,,,,1
D:\ediprjcursor\data\datasetHand\Training\training_words\2649.png,2649.png,Rhinil,Cetirizine Hydrochloride,datasetHand,training,,,,66
D:\ediprjcursor\data\datasetHand\Training\training_words\1030.png,1030.png,Esonix,Esomeprazole,datasetHand,training,,,,25
D:\ediprjcursor\data\datasetHand\Training\training_words\1773.png,1773.png,Lumona,Montelukast Sodium,datasetHand,training,,,,44
D:\ediprjcursor\data\datasetHand\Training\training_words\1406.png,1406.png,Flexibac,Baclofen,datasetHand,training,,,,35
D:\ediprjcursor\data\datasetHand\Training\training_words\1515.png,1515.png,Flugal,Fluconazole,datasetHand,training,,,,37
D:\ediprjcursor\data\datasetHand\Training\training_words\1503.png,1503.png,Flugal,Fluconazole,datasetHand,training,,,,37
D:\ediprjcursor\data\datasetHand\Training\training_words\301.png,301.png,Azyth,Azithromycin Dihydrate,datasetHand,training,,,,8
D:\ediprjcursor\data\datasetHand\Training\training_words\1228.png,1228.png,Fexofast,Fexofenadine Hydrochloride,datasetHand,training,,,,31
D:\ediprjcursor\data\datasetHand\Training\training_words\2958.png,2958.png,Telfast,Fexofenadine Hydrochloride,datasetHand,training,,,,73
D:\ediprjcursor\data\datasetHand\Training\training_words\3043.png,3043.png,Vifas,Fexofenadine Hydrochloride,datasetHand,training,,,,76
D:\ediprjcursor\data\datasetHand\Training\training_words\0.png,0.png,Aceta,Paracetamol,datasetHand,training,,,,1
D:\ediprjcursor\data\RxHandBD-ML\Train_Set\P5117.jpg,P5117.jpg,Napa Extend,Paracetamol,RxHandBD-ML,train,napa,exact_clean,100.0,55
D:\ediprjcursor\data\datasetHand\Training\training_words\2269.png,2269.png,Nexcap,Esomeprazole,datasetHand,training,,,,56
D:\ediprjcursor\data\datasetHand\Training\training_words\2673.png,2673.png,Rhinil,Cetirizine Hydrochloride,datasetHand,training,,,,66
D:\ediprjcursor\data\datasetHand\Training\training_words\521.png,521.png,Bacmax,Baclofen,datasetHand,training,,,,13
D:\ediprjcursor\data\datasetHand\Training\training_words\2200.png,2200.png,Napa,Paracetamol,datasetHand,training,,,,54
D:\ediprjcursor\data\datasetHand\Training\training_words\338.png,338.png,Az,Azithromycin Dihydrate,datasetHand,training,,,,6
D:\ediprjcursor\data\datasetHand\Training\training_words\1867.png,1867.png,Maxima,Esomeprazole,datasetHand,training,,,,46
D:\ediprjcursor\data\datasetHand\Training\training_words\2819.png,2819.png,Rozith,Azithromycin Dihydrate,datasetHand,training,,,,70
D:\ediprjcursor\data\datasetHand\Training\training_words\1868.png,1868.png,Maxima,Esomeprazole,datasetHand,training,,,,46
D:\ediprjcursor\data\datasetHand\Training\training_words\141.png,141.png,Amodis,Metronidazole,datasetHand,training,,,,3
D:\ediprjcursor\data\datasetHand\Training\training_words\234.png,234.png,Axodin,Fexofenadine Hydrochloride,datasetHand,training,,,,5
D:\ediprjcursor\data\datasetHand\Training\training_words\2062.png,2062.png,Montair,Montelukast Sodium,datasetHand,training,,,,51
D:\ediprjcursor\data\datasetHand\Training\training_words\493.png,493.png,Baclon,Baclofen,datasetHand,training,,,,12
D:\ediprjcursor\data\datasetHand\Training\training_words\1744.png,1744.png,Lucan-R,Fluconazole,datasetHand,training,,,,43
D:\ediprjcursor\data\datasetHand\Training\training_words\2301.png,2301.png,Nexum,Esomeprazole,datasetHand,training,,,,57
D:\ediprjcursor\data\datasetHand\Training\training_words\1678.png,1678.png,Ketozol,Ketoconazole (Shampoo),datasetHand,training,,,,41
D:\ediprjcursor\data\datasetHand\Training\training_words\2089.png,2089.png,Montene,Montelukast Sodium,datasetHand,training,,,,52
D:\ediprjcursor\data\datasetHand\Training\training_words\2409.png,2409.png,Odmon,Montelukast Sodium,datasetHand,training,,,,60
D:\ediprjcursor\data\datasetHand\Training\training_words\2778.png,2778.png,Romycin,Azithromycin Dihydrate (Ophthalmic),datasetHand,training,,,,69
D:\ediprjcursor\data\datasetHand\Training\training_words\1647.png,1647.png,Ketozol,Ketoconazole (Shampoo),datasetHand,training,,,,41
D:\ediprjcursor\data\datasetHand\Training\training_words\2866.png,2866.png,Sergel,Esomeprazole,datasetHand,training,,,,71
D:\ediprjcursor\data\datasetHand\Training\training_words\1482.png,1482.png,Flugal,Fluconazole,datasetHand,training,,,,37
D:\ediprjcursor\data\datasetHand\Training\training_words\1613.png,1613.png,Ketotab,Ketoconazole (Tablet),datasetHand,training,,,,40
D:\ediprjcursor\data\datasetHand\Training\training_words\1937.png,1937.png,Metro,Metronidazole,datasetHand,training,,,,48
D:\ediprjcursor\data\RxHandBD-ML\Train_Set\P3825.jpg,P3825.jpg,Napa Extend,Paracetamol,RxHandBD-ML,train,Napa,exact_clean,100.0,55
D:\ediprjcursor\data\datasetHand\Training\training_words\2050.png,2050.png,Montair,Montelukast Sodium,datasetHand,training,,,,51
D:\ediprjcursor\data\datasetHand\Training\training_words\661.png,661.png,Canazole,Fluconazole,datasetHand,training,,,,16
D:\ediprjcursor\data\datasetHand\Training\training_words\1805.png,1805.png,M-Kast,Montelukast Sodium,datasetHand,training,,,,45
D:\ediprjcursor\data\datasetHand\Training\training_words\70.png,70.png,Ace,Paracetamol,datasetHand,training,,,,0
D:\ediprjcursor\data\RxHandBD-ML\Train_Set\P5520.jpg,P5520.jpg,Flamyd,Metronidazole,RxHandBD-ML,train,flamyd,exact_clean,100.0,34
D:\ediprjcursor\data\datasetHand\Training\training_words\871.png,871.png,Denixil,Clonazepam,datasetHand,training,,,,21
D:\ediprjcursor\data\datasetHand\Training\training_words\312.png,312.png,Azyth,Azithromycin Dihydrate,datasetHand,training,,,,8
D:\ediprjcursor\data\RxHandBD-ML\Train_Set\P3109.jpg,P3109.jpg,Fenadin,Fexofenadine Hydrochloride,RxHandBD-ML,train,Fenadin,exact_clean,100.0,29
D:\ediprjcursor\data\datasetHand\Training\training_words\745.png,745.png,Cetisoft,Cetirizine Hydrochloride,datasetHand,training,,,,18
D:\ediprjcursor\data\datasetHand\Training\training_words\2768.png,2768.png,Romycin,Azithromycin Dihydrate (Ophthalmic),datasetHand,training,,,,69
D:\ediprjcursor\data\datasetHand\Training\training_words\580.png,580.png,Beklo,Baclofen,datasetHand,training,,,,14
D:\ediprjcursor\data\datasetHand\Training\training_words\772.png,772.png,Conaz,Fluconazole,datasetHand,training,,,,19
D:\ediprjcursor\data\datasetHand\Training\training_words\1996.png,1996.png,Metsina,Metronidazole,datasetHand,training,,,,49
D:\ediprjcursor\data\datasetHand\Training\training_words\1320.png,1320.png,Fixal,Fexofenadine Hydrochloride,datasetHand,training,,,,33
D:\ediprjcursor\data\RxHandBD-ML\Train_Set\P5278.jpg,P5278.jpg,Metro,Metronidazole,RxHandBD-ML,train,metro,exact_clean,100.0,48
D:\ediprjcursor\data\datasetHand\Training\training_words\399.png,399.png,Bacaid,Baclofen,datasetHand,training,,,,9
D:\ediprjcursor\data\datasetHand\Training\training_words\379.png,379.png,Bacaid,Baclofen,datasetHand,training,,,,9
D:\ediprjcursor\data\datasetHand\Training\training_words\1522.png,1522.png,Ketocon,Ketoconazole (Shampoo),datasetHand,training,,,,38
D:\ediprjcursor\data\datasetHand\Training\training_words\3108.png,3108.png,Zithrin,Azithromycin Dihydrate,datasetHand,training,,,,77
D:\ediprjcursor\data\datasetHand\Training\training_words\2507.png,2507.png,Opton,Esomeprazole,datasetHand,training,,,,62
D:\ediprjcursor\data\datasetHand\Training\training_words\1592.png,1592.png,Ketoral,Ketoconazole (Tablet),datasetHand,training,,,,39
D:\ediprjcursor\data\datasetHand\Training\training_words\2422.png,2422.png,Odmon,Montelukast Sodium,datasetHand,training,,,,60
D:\ediprjcursor\data\datasetHand\Training\training_words\807.png,807.png,Dancel,Ketoconazole (Shampoo),datasetHand,training,,,,20
D:\ediprjcursor\data\datasetHand\Training\training_words\1242.png,1242.png,Fexo,Fexofenadine Hydrochloride,datasetHand,training,,,,30
D:\ediprjcursor\data\datasetHand\Training\training_words\588.png,588.png,Beklo,Baclofen,datasetHand,training,,,,14
D:\ediprjcursor\data\RxHandBD-ML\Train_Set\P1404.jpg,P1404.jpg,Nexum,Esomeprazole,RxHandBD-ML,train,Tab.  NEXUM,exact_clean,100.0,57
D:\ediprjcursor\data\datasetHand\Training\training_words\248.png,248.png,Azithrocin,Azithromycin Dihydrate,datasetHand,training,,,,7
D:\ediprjcursor\data\datasetHand\Training\training_words\1819.png,1819.png,M-Kast,Montelukast Sodium,datasetHand,training,,,,45
D:\ediprjcursor\data\datasetHand\Training\training_words\2544.png,2544.png,Progut,Esomeprazole,datasetHand,training,,,,63
D:\ediprjcursor\data\datasetHand\Training\training_words\2369.png,2369.png,Nizoder,Ketoconazole (Cream),datasetHand,training,,,,59
D:\ediprjcursor\data\datasetHand\Training\training_words\242.png,242.png,Azithrocin,Azithromycin Dihydrate,datasetHand,training,,,,7
D:\ediprjcursor\data\datasetHand\Training\training_words\684.png,684.png,Candinil,Fluconazole,datasetHand,training,,,,17
D:\ediprjcursor\data\datasetHand\Training\training_words\1156.png,1156.png,Exium,Esomeprazole,datasetHand,training,,,,28
D:\ediprjcursor\data\datasetHand\Training\training_words\2352.png,2352.png,Nidazyl,Metronidazole,datasetHand,training,,,,58
D:\ediprjcursor\data\datasetHand\Training\training_words\3061.png,3061.png,Vifas,Fexofenadine Hydrochloride,datasetHand,training,,,,76
D:\ediprjcursor\data\RxHandBD-ML\Train_Set\P3110.jpg,P3110.jpg,Monas,Montelukast Sodium,RxHandBD-ML,train,Monas,exact_clean,100.0,50
D:\ediprjcursor\data\datasetHand\Training\training_words\348.png,348.png,Az,Azithromycin Dihydrate,datasetHand,training,,,,6
D:\ediprjcursor\data\datasetHand\Training\training_words\1767.png,1767.png,Lumona,Montelukast Sodium,datasetHand,training,,,,44
D:\ediprjcursor\data\RxHandBD-ML\Train_Set\P2262.jpg,P2262.jpg,Montene,Montelukast Sodium,RxHandBD-ML,train,Montene,exact_clean,100.0,52
D:\ediprjcursor\data\datasetHand\Training\training_words\2820.png,2820.png,Rozith,Azithromycin Dihydrate,datasetHand,training,,,,70
D:\ediprjcursor\data\datasetHand\Training\training_words\1764.png,1764.png,Lumona,Montelukast Sodium,datasetHand,training,,,,44
D:\ediprjcursor\data\RxHandBD-ML\Train_Set\P4144.jpg,P4144.jpg,Alatrol,Cetirizine Hydrochloride,RxHandBD-ML,train,Alatrol,exact_clean,100.0,2
D:\ediprjcursor\data\RxHandBD-ML\Train_Set\P4857.jpg,P4857.jpg,Napa Extend,Paracetamol,RxHandBD-ML,train,napa,exact_clean,100.0,55
D:\ediprjcursor\data\datasetHand\Training\training_words\2798.png,2798.png,Romycin,Azithromycin Dihydrate (Ophthalmic),datasetHand,training,,,,69
D:\ediprjcursor\data\datasetHand\Training\training_words\2924.png,2924.png,Telfast,Fexofenadine Hydrochloride,datasetHand,training,,,,73
D:\ediprjcursor\data\datasetHand\Training\training_words\2464.png,2464.png,Omastin,Fluconazole,datasetHand,training,,,,61
D:\ediprjcursor\data\datasetHand\Training\training_words\416.png,416.png,Backtone,Baclofen,datasetHand,training,,,,10
D:\ediprjcursor\data\datasetHand\Training\training_words\969.png,969.png,Disopan,Clonazepam,datasetHand,training,,,,24
D:\ediprjcursor\data\datasetHand\Training\training_words\1425.png,1425.png,Flexibac,Baclofen,datasetHand,training,,,,35
D:\ediprjcursor\data\datasetHand\Training\training_words\2647.png,2647.png,Rhinil,Cetirizine Hydrochloride,datasetHand,training,,,,66
D:\ediprjcursor\data\RxHandBD-ML\Train_Set\P3218.jpg,P3218.jpg,Fexo,Fexofenadine Hydrochloride,RxHandBD-ML,train,Fexo,exact_clean,100.0,30
D:\ediprjcursor\data\datasetHand\Training\training_words\1959.png,1959.png,Metro,Metronidazole,datasetHand,training,,,,48
D:\ediprjcursor\data\datasetHand\Training\training_words\2405.png,2405.png,Odmon,Montelukast Sodium,datasetHand,training,,,,60
D:\ediprjcursor\data\datasetHand\Training\training_words\1245.png,1245.png,Fexo,Fexofenadine Hydrochloride,datasetHand,training,,,,30
D:\ediprjcursor\data\datasetHand\Training\training_words\2004.png,2004.png,Monas,Montelukast Sodium,datasetHand,training,,,,50
D:\ediprjcursor\data\datasetHand\Training\training_words\705.png,705.png,Candinil,Fluconazole,datasetHand,training,,,,17
D:\ediprjcursor\data\datasetHand\Training\training_words\2031.png,2031.png,Monas,Montelukast Sodium,datasetHand,training,,,,50
D:\ediprjcursor\data\datasetHand\Training\training_words\1779.png,1779.png,Lumona,Montelukast Sodium,datasetHand,training,,,,44
D:\ediprjcursor\data\datasetHand\Training\training_words\2902.png,2902.png,Tamen,Paracetamol,datasetHand,training,,,,72
D:\ediprjcursor\data\datasetHand\Training\training_words\241.png,241.png,Azithrocin,Azithromycin Dihydrate,datasetHand,training,,,,7
D:\ediprjcursor\data\datasetHand\Training\training_words\2449.png,2449.png,Omastin,Fluconazole,datasetHand,training,,,,61
D:\ediprjcursor\data\datasetHand\Training\training_words\316.png,316.png,Azyth,Azithromycin Dihydrate,datasetHand,training,,,,8
D:\ediprjcursor\data\datasetHand\Training\training_words\2708.png,2708.png,Ritch,Fexofenadine Hydrochloride,datasetHand,training,,,,67
D:\ediprjcursor\data\RxHandBD-ML\Train_Set\P4308.jpg,P4308.jpg,Maxpro,Esomeprazole,RxHandBD-ML,train,Maxpro,exact_clean,100.0,47
D:\ediprjcursor\data\RxHandBD-ML\Train_Set\P3269.jpg,P3269.jpg,Napa Extend,Paracetamol,RxHandBD-ML,train,Napa,exact_clean,100.0,55
D:\ediprjcursor\data\datasetHand\Training\training_words\26.png,26.png,Aceta,Paracetamol,datasetHand,training,,,,1
D:\ediprjcursor\data\datasetHand\Training\training_words\2181.png,2181.png,Napa Extend,Paracetamol,datasetHand,training,,,,55
D:\ediprjcursor\data\datasetHand\Training\training_words\2991.png,2991.png,Tridosil,Azithromycin Dihydrate,datasetHand,training,,,,74
D:\ediprjcursor\data\datasetHand\Training\training_words\1055.png,1055.png,Esoral,Esomeprazole,datasetHand,training,,,,26
D:\ediprjcursor\data\datasetHand\Training\training_words\1349.png,1349.png,Fixal,Fexofenadine Hydrochloride,datasetHand,training,,,,33
D:\ediprjcursor\data\datasetHand\Training\training_words\1389.png,1389.png,Flamyd,Metronidazole,datasetHand,training,,,,34
D:\ediprjcursor\data\datasetHand\Training\training_words\1848.png,1848.png,Maxima,Esomeprazole,datasetHand,training,,,,46
D:\ediprjcursor\data\datasetHand\Training\training_words\2689.png,2689.png,Ritch,Fexofenadine Hydrochloride,datasetHand,training,,,,67
D:\ediprjcursor\data\datasetHand\Training\training_words\2025.png,2025.png,Monas,Montelukast Sodium,datasetHand,training,,,,50
D:\ediprjcursor\data\datasetHand\Training\training_words\2345.png,2345.png,Nidazyl,Metronidazole,datasetHand,training,,,,58
D:\ediprjcursor\data\datasetHand\Training\training_words\1640.png,1640.png,Ketozol,Ketoconazole (Shampoo),datasetHand,training,,,,41
D:\ediprjcursor\data\datasetHand\Training\training_words\2697.png,2697.png,Ritch,Fexofenadine Hydrochloride,datasetHand,training,,,,67
D:\ediprjcursor\data\datasetHand\Training\training_words\1509.png,1509.png,Flugal,Fluconazole,datasetHand,training,,,,37
D:\ediprjcursor\data\datasetHand\Training\training_words\740.png,740.png,Cetisoft,Cetirizine Hydrochloride,datasetHand,training,,,,18
D:\ediprjcursor\data\datasetHand\Training\training_words\2467.png,2467.png,Omastin,Fluconazole,datasetHand,training,,,,61
D:\ediprjcursor\data\datasetHand\Training\training_words\386.png,386.png,Bacaid,Baclofen,datasetHand,training,,,,9
D:\ediprjcursor\data\datasetHand\Training\training_words\1512.png,1512.png,Flugal,Fluconazole,datasetHand,training,,,,37
D:\ediprjcursor\data\datasetHand\Training\training_words\1747.png,1747.png,Lucan-R,Fluconazole,datasetHand,training,,,,43
D:\ediprjcursor\data\datasetHand\Training\training_words\1582.png,1582.png,Ketoral,Ketoconazole (Tablet),datasetHand,training,,,,39
D:\ediprjcursor\data\datasetHand\Training\training_words\953.png,953.png,Dinafex,Fexofenadine Hydrochloride,datasetHand,training,,,,23
D:\ediprjcursor\data\datasetHand\Training\training_words\2376.png,2376.png,Nizoder,Ketoconazole (Cream),datasetHand,training,,,,59
D:\ediprjcursor\data\datasetHand\Training\training_words\184.png,184.png,Atrizin,Cetirizine Hydrochloride,datasetHand,training,,,,4
D:\ediprjcursor\data\datasetHand\Training\training_words\2548.png,2548.png,Progut,Esomeprazole,datasetHand,training,,,,63
D:\ediprjcursor\data\datasetHand\Training\training_words\1809.png,1809.png,M-Kast,Montelukast Sodium,datasetHand,training,,,,45
D:\ediprjcursor\data\datasetHand\Training\training_words\302.png,302.png,Azyth,Azithromycin Dihydrate,datasetHand,training,,,,8
D:\ediprjcursor\data\datasetHand\Training\training_words\575.png,575.png,Beklo,Baclofen,datasetHand,training,,,,14
D:\ediprjcursor\data\datasetHand\Training\training_words\2471.png,2471.png,Omastin,Fluconazole,datasetHand,training,,,,61
D:\ediprjcursor\data\datasetHand\Training\training_words\1238.png,1238.png,Fexofast,Fexofenadine Hydrochloride,datasetHand,training,,,,31
D:\ediprjcursor\data\datasetHand\Training\training_words\1788.png,1788.png,Lumona,Montelukast Sodium,datasetHand,training,,,,44
D:\ediprjcursor\data\datasetHand\Training\training_words\965.png,965.png,Disopan,Clonazepam,datasetHand,training,,,,24
D:\ediprjcursor\data\datasetHand\Training\training_words\2584.png,2584.png,Provair,Montelukast Sodium,datasetHand,training,,,,64
D:\ediprjcursor\data\datasetHand\Training\training_words\1212.png,1212.png,Fexofast,Fexofenadine Hydrochloride,datasetHand,training,,,,31
D:\ediprjcursor\data\datasetHand\Training\training_words\3040.png,3040.png,Vifas,Fexofenadine Hydrochloride,datasetHand,training,,,,76
D:\ediprjcursor\data\datasetHand\Training\training_words\1900.png,1900.png,Maxpro,Esomeprazole,datasetHand,training,,,,47
D:\ediprjcursor\data\datasetHand\Training\training_words\998.png,998.png,Disopan,Clonazepam,datasetHand,training,,,,24
D:\ediprjcursor\data\RxHandBD-ML\Train_Set\P3608.jpg,P3608.jpg,Napa Extend,Paracetamol,RxHandBD-ML,train,Napa,exact_clean,100.0,55
D:\ediprjcursor\data\datasetHand\Training\training_words\2044.png,2044.png,Montair,Montelukast Sodium,datasetHand,training,,,,51
D:\ediprjcursor\data\datasetHand\Training\training_words\2425.png,2425.png,Odmon,Montelukast Sodium,datasetHand,training,,,,60
D:\ediprjcursor\data\datasetHand\Training\training_words\465.png,465.png,Baclofen,Baclofen,datasetHand,training,,,,11
D:\ediprjcursor\data\datasetHand\Training\training_words\775.png,775.png,Conaz,Fluconazole,datasetHand,training,,,,19
D:\ediprjcursor\data\datasetHand\Training\training_words\1244.png,1244.png,Fexo,Fexofenadine Hydrochloride,datasetHand,training,,,,30
D:\ediprjcursor\data\datasetHand\Training\training_words\1607.png,1607.png,Ketotab,Ketoconazole (Tablet),datasetHand,training,,,,40
D:\ediprjcursor\data\datasetHand\Training\training_words\2304.png,2304.png,Nexum,Esomeprazole,datasetHand,training,,,,57
D:\ediprjcursor\data\datasetHand\Training\training_words\916.png,916.png,Diflu,Fluconazole,datasetHand,training,,,,22
D:\ediprjcursor\data\datasetHand\Training\training_words\3048.png,3048.png,Vifas,Fexofenadine Hydrochloride,datasetHand,training,,,,76
D:\ediprjcursor\data\datasetHand\Training\training_words\1438.png,1438.png,Flexibac,Baclofen,datasetHand,training,,,,35
D:\ediprjcursor\data\RxHandBD-ML\Train_Set\P4168.jpg,P4168.jpg,Metro,Metronidazole,RxHandBD-ML,train,Metro,exact_clean,100.0,48
D:\ediprjcursor\data\RxHandBD-ML\Train_Set\P1634.jpg,P1634.jpg,Flugal,Fluconazole,RxHandBD-ML,train,Flugal,exact_clean,100.0,37
D:\ediprjcursor\data\datasetHand\Training\training_words\2878.png,2878.png,Sergel,Esomeprazole,datasetHand,training,,,,71
D:\ediprjcursor\data\datasetHand\Training\training_words\2258.png,2258.png,Nexcap,Esomeprazole,datasetHand,training,,,,56
D:\ediprjcursor\data\datasetHand\Training\training_words\1742.png,1742.png,Lucan-R,Fluconazole,datasetHand,training,,,,43
D:\ediprjcursor\data\datasetHand\Training\training_words\2795.png,2795.png,Romycin,Azithromycin Dihydrate (Ophthalmic),datasetHand,training,,,,69
D:\ediprjcursor\data\datasetHand\Training\training_words\2489.png,2489.png,Opton,Esomeprazole,datasetHand,training,,,,62
D:\ediprjcursor\data\datasetHand\Training\training_words\59.png,59.png,Ace,Paracetamol,datasetHand,training,,,,0
D:\ediprjcursor\data\RxHandBD-ML\Train_Set\P2835.jpg,P2835.jpg,Nexum,Esomeprazole,RxHandBD-ML,train,Nexum,exact_clean,100.0,57
D:\ediprjcursor\data\datasetHand\Training\training_words\2797.png,2797.png,Romycin,Azithromycin Dihydrate (Ophthalmic),datasetHand,training,,,,69
D:\ediprjcursor\data\RxHandBD-ML\Train_Set\P3799.jpg,P3799.jpg,Napa Extend,Paracetamol,RxHandBD-ML,train,Napa,exact_clean,100.0,55
D:\ediprjcursor\data\datasetHand\Training\training_words\434.png,434.png,Backtone,Baclofen,datasetHand,training,,,,10
D:\ediprjcursor\data\datasetHand\Training\training_words\2812.png,2812.png,Rozith,Azithromycin Dihydrate,datasetHand,training,,,,70
D:\ediprjcursor\data\datasetHand\Training\training_words\830.png,830.png,Dancel,Ketoconazole (Shampoo),datasetHand,training,,,,20
D:\ediprjcursor\data\datasetHand\Training\training_words\222.png,222.png,Axodin,Fexofenadine Hydrochloride,datasetHand,training,,,,5
D:\ediprjcursor\data\datasetHand\Training\training_words\458.png,458.png,Baclofen,Baclofen,datasetHand,training,,,,11
D:\ediprjcursor\data\datasetHand\Training\training_words\1668.png,1668.png,Ketozol,Ketoconazole (Shampoo),datasetHand,training,,,,41
D:\ediprjcursor\data\RxHandBD-ML\Train_Set\P2318.jpg,P2318.jpg,Nexum,Esomeprazole,RxHandBD-ML,train,Nexum,exact_clean,100.0,57
D:\ediprjcursor\data\datasetHand\Training\training_words\702.png,702.png,Candinil,Fluconazole,datasetHand,training,,,,17
D:\ediprjcursor\data\datasetHand\Training\training_words\559.png,559.png,Bacmax,Baclofen,datasetHand,training,,,,13
D:\ediprjcursor\data\datasetHand\Training\training_words\2929.png,2929.png,Telfast,Fexofenadine Hydrochloride,datasetHand,training,,,,73
D:\ediprjcursor\data\datasetHand\Training\training_words\202.png,202.png,Axodin,Fexofenadine Hydrochloride,datasetHand,training,,,,5
D:\ediprjcursor\data\RxHandBD-ML\Train_Set\P4143.jpg,P4143.jpg,Maxima,Esomeprazole,RxHandBD-ML,train,Maxima,exact_clean,100.0,46
D:\ediprjcursor\data\datasetHand\Training\training_words\2265.png,2265.png,Nexcap,Esomeprazole,datasetHand,training,,,,56
D:\ediprjcursor\data\datasetHand\Training\training_words\1686.png,1686.png,Leptic,Clonazepam,datasetHand,training,,,,42
D:\ediprjcursor\data\datasetHand\Training\training_words\993.png,993.png,Disopan,Clonazepam,datasetHand,training,,,,24
D:\ediprjcursor\data\datasetHand\Training\training_words\2351.png,2351.png,Nidazyl,Metronidazole,datasetHand,training,,,,58
D:\ediprjcursor\data\datasetHand\Training\training_words\144.png,144.png,Amodis,Metronidazole,datasetHand,training,,,,3
D:\ediprjcursor\data\datasetHand\Training\training_words\152.png,152.png,Amodis,Metronidazole,datasetHand,training,,,,3
D:\ediprjcursor\data\datasetHand\Training\training_words\3094.png,3094.png,Zithrin,Azithromycin Dihydrate,datasetHand,training,,,,77
D:\ediprjcursor\data\datasetHand\Training\training_words\2175.png,2175.png,Napa Extend,Paracetamol,datasetHand,training,,,,55
D:\ediprjcursor\data\RxHandBD-ML\Train_Set\P4036.jpg,P4036.jpg,Sergel,Esomeprazole,RxHandBD-ML,train,Sergel,exact_clean,100.0,71
D:\ediprjcursor\data\datasetHand\Training\training_words\2785.png,2785.png,Romycin,Azithromycin Dihydrate (Ophthalmic),datasetHand,training,,,,69
D:\ediprjcursor\data\RxHandBD-ML\Train_Set\P2980.jpg,P2980.jpg,Montene,Montelukast Sodium,RxHandBD-ML,train,Montene,exact_clean,100.0,52
D:\ediprjcursor\data\datasetHand\Training\training_words\587.png,587.png,Beklo,Baclofen,datasetHand,training,,,,14
D:\ediprjcursor\data\RxHandBD-ML\Train_Set\P3040.jpg,P3040.jpg,Flugal,Fluconazole,RxHandBD-ML,train,Flugal,exact_clean,100.0,37
D:\ediprjcursor\data\datasetHand\Training\training_words\2651.png,2651.png,Rhinil,Cetirizine Hydrochloride,datasetHand,training,,,,66
D:\ediprjcursor\data\RxHandBD-ML\Train_Set\P3354.jpg,P3354.jpg,Monas,Montelukast Sodium,RxHandBD-ML,train,Monas,exact_clean,100.0,50
D:\ediprjcursor\data\datasetHand\Training\training_words\1572.png,1572.png,Ketoral,Ketoconazole (Tablet),datasetHand,training,,,,39
D:\ediprjcursor\data\datasetHand\Training\training_words\988.png,988.png,Disopan,Clonazepam,datasetHand,training,,,,24
D:\ediprjcursor\data\datasetHand\Training\training_words\164.png,164.png,Atrizin,Cetirizine Hydrochloride,datasetHand,training,,,,4
D:\ediprjcursor\data\datasetHand\Training\training_words\1402.png,1402.png,Flexibac,Baclofen,datasetHand,training,,,,35
D:\ediprjcursor\data\datasetHand\Training\training_words\958.png,958.png,Dinafex,Fexofenadine Hydrochloride,datasetHand,training,,,,23
D:\ediprjcursor\data\datasetHand\Training\training_words\2550.png,2550.png,Progut,Esomeprazole,datasetHand,training,,,,63
D:\ediprjcursor\data\datasetHand\Training\training_words\1988.png,1988.png,Metsina,Metronidazole,datasetHand,training,,,,49
D:\ediprjcursor\data\datasetHand\Training\training_words\244.png,244.png,Azithrocin,Azithromycin Dihydrate,datasetHand,training,,,,7
D:\ediprjcursor\data\datasetHand\Training\training_words\3011.png,3011.png,Trilock,Montelukast Sodium,datasetHand,training,,,,75
D:\ediprjcursor\data\RxHandBD-ML\Train_Set\P2203.jpg,P2203.jpg,Nexum,Esomeprazole,RxHandBD-ML,train,Nexum,exact_clean,100.0,57
D:\ediprjcursor\data\datasetHand\Training\training_words\2805.png,2805.png,Rozith,Azithromycin Dihydrate,datasetHand,training,,,,70
D:\ediprjcursor\data\datasetHand\Training\training_words\2222.png,2222.png,Napa,Paracetamol,datasetHand,training,,,,54
D:\ediprjcursor\data\datasetHand\Training\training_words\2188.png,2188.png,Napa Extend,Paracetamol,datasetHand,training,,,,55
D:\ediprjcursor\data\datasetHand\Training\training_words\230.png,230.png,Axodin,Fexofenadine Hydrochloride,datasetHand,training,,,,5
D:\ediprjcursor\data\datasetHand\Training\training_words\1479.png,1479.png,Flexilax,Baclofen,datasetHand,training,,,,36
D:\ediprjcursor\data\datasetHand\Training\training_words\1477.png,1477.png,Flexilax,Baclofen,datasetHand,training,,,,36
D:\ediprjcursor\data\datasetHand\Training\training_words\2767.png,2767.png,Romycin,Azithromycin Dihydrate (Ophthalmic),datasetHand,training,,,,69
D:\ediprjcursor\data\datasetHand\Training\training_words\960.png,960.png,Disopan,Clonazepam,datasetHand,training,,,,24
D:\ediprjcursor\data\datasetHand\Training\training_words\3081.png,3081.png,Zithrin,Azithromycin Dihydrate,datasetHand,training,,,,77
D:\ediprjcursor\data\datasetHand\Training\training_words\1125.png,1125.png,Exium,Esomeprazole,datasetHand,training,,,,28
D:\ediprjcursor\data\datasetHand\Training\training_words\596.png,596.png,Beklo,Baclofen,datasetHand,training,,,,14
D:\ediprjcursor\data\datasetHand\Training\training_words\1051.png,1051.png,Esoral,Esomeprazole,datasetHand,training,,,,26
D:\ediprjcursor\data\datasetHand\Training\training_words\2726.png,2726.png,Rivotril,Clonazepam,datasetHand,training,,,,68
D:\ediprjcursor\data\datasetHand\Training\training_words\2347.png,2347.png,Nidazyl,Metronidazole,datasetHand,training,,,,58
D:\ediprjcursor\data\datasetHand\Training\training_words\1011.png,1011.png,Esonix,Esomeprazole,datasetHand,training,,,,25
D:\ediprjcursor\data\RxHandBD-ML\Train_Set\P3966.jpg,P3966.jpg,Montair,Montelukast Sodium,RxHandBD-ML,train,Montair,exact_clean,100.0,51
D:\ediprjcursor\data\datasetHand\Training\training_words\187.png,187.png,Atrizin,Cetirizine Hydrochloride,datasetHand,training,,,,4
D:\ediprjcursor\data\datasetHand\Training\training_words\989.png,989.png,Disopan,Clonazepam,datasetHand,training,,,,24
D:\ediprjcursor\data\datasetHand\Training\training_words\432.png,432.png,Backtone,Baclofen,datasetHand,training,,,,10
D:\ediprjcursor\data\datasetHand\Training\training_words\2385.png,2385.png,Nizoder,Ketoconazole (Cream),datasetHand,training,,,,59
D:\ediprjcursor\data\datasetHand\Training\training_words\2168.png,2168.png,Napa Extend,Paracetamol,datasetHand,training,,,,55
D:\ediprjcursor\data\RxHandBD-ML\Train_Set\P4666.jpg,P4666.jpg,Napa Extend,Paracetamol,RxHandBD-ML,train,napa,exact_clean,100.0,55
D:\ediprjcursor\data\datasetHand\Training\training_words\2563.png,2563.png,Provair,Montelukast Sodium,datasetHand,training,,,,64
D:\ediprjcursor\data\datasetHand\Training\training_words\172.png,172.png,Atrizin,Cetirizine Hydrochloride,datasetHand,training,,,,4
D:\ediprjcursor\data\datasetHand\Training\training_words\457.png,457.png,Baclofen,Baclofen,datasetHand,training,,,,11
D:\ediprjcursor\data\RxHandBD-ML\Train_Set\P5227.jpg,P5227.jpg,Napa Extend,Paracetamol,RxHandBD-ML,train,napa,exact_clean,100.0,55
D:\ediprjcursor\data\datasetHand\Training\training_words\2129.png,2129.png,Montex,Montelukast Sodium,datasetHand,training,,,,53
D:\ediprjcursor\data\datasetHand\Training\training_words\2617.png,2617.png,Renova,Paracetamol,datasetHand,training,,,,65
D:\ediprjcursor\data\datasetHand\Training\training_words\553.png,553.png,Bacmax,Baclofen,datasetHand,training,,,,13
D:\ediprjcursor\data\datasetHand\Training\training_words\120.png,120.png,Amodis,Metronidazole,datasetHand,training,,,,3
D:\ediprjcursor\data\datasetHand\Training\training_words\1837.png,1837.png,M-Kast,Montelukast Sodium,datasetHand,training,,,,45
D:\ediprjcursor\data\datasetHand\Training\training_words\751.png,751.png,Cetisoft,Cetirizine Hydrochloride,datasetHand,training,,,,18
D:\ediprjcursor\data\datasetHand\Training\training_words\2253.png,2253.png,Nexcap,Esomeprazole,datasetHand,training,,,,56
D:\ediprjcursor\data\datasetHand\Training\training_words\2276.png,2276.png,Nexcap,Esomeprazole,datasetHand,training,,,,56
D:\ediprjcursor\data\datasetHand\Training\training_words\2257.png,2257.png,Nexcap,Esomeprazole,datasetHand,training,,,,56
D:\ediprjcursor\data\datasetHand\Training\training_words\1631.png,1631.png,Ketotab,Ketoconazole (Tablet),datasetHand,training,,,,40
D:\ediprjcursor\data\datasetHand\Training\training_words\491.png,491.png,Baclon,Baclofen,datasetHand,training,,,,12
D:\ediprjcursor\data\RxHandBD-ML\Train_Set\P3194.jpg,P3194.jpg,Napa Extend,Paracetamol,RxHandBD-ML,train,Napa,exact_clean,100.0,55
D:\ediprjcursor\data\datasetHand\Training\training_words\2643.png,2643.png,Rhinil,Cetirizine Hydrochloride,datasetHand,training,,,,66
D:\ediprjcursor\data\datasetHand\Training\training_words\1822.png,1822.png,M-Kast,Montelukast Sodium,datasetHand,training,,,,45
D:\ediprjcursor\data\datasetHand\Training\training_words\1896.png,1896.png,Maxpro,Esomeprazole,datasetHand,training,,,,47
D:\ediprjcursor\data\datasetHand\Training\training_words\3004.png,3004.png,Trilock,Montelukast Sodium,datasetHand,training,,,,75
D:\ediprjcursor\data\datasetHand\Training\training_words\1430.png,1430.png,Flexibac,Baclofen,datasetHand,training,,,,35
D:\ediprjcursor\data\datasetHand\Training\training_words\664.png,664.png,Canazole,Fluconazole,datasetHand,training,,,,16
D:\ediprjcursor\data\datasetHand\Training\training_words\1397.png,1397.png,Flamyd,Metronidazole,datasetHand,training,,,,34
D:\ediprjcursor\data\datasetHand\Training\training_words\1852.png,1852.png,Maxima,Esomeprazole,datasetHand,training,,,,46
D:\ediprjcursor\data\datasetHand\Training\training_words\1421.png,1421.png,Flexibac,Baclofen,datasetHand,training,,,,35
D:\ediprjcursor\data\datasetHand\Training\training_words\1770.png,1770.png,Lumona,Montelukast Sodium,datasetHand,training,,,,44
D:\ediprjcursor\data\datasetHand\Training\training_words\1164.png,1164.png,Fenadin,Fexofenadine Hydrochloride,datasetHand,training,,,,29
D:\ediprjcursor\data\datasetHand\Training\training_words\254.png,254.png,Azithrocin,Azithromycin Dihydrate,datasetHand,training,,,,7
D:\ediprjcursor\data\RxHandBD-ML\Train_Set\P4476.jpg,P4476.jpg,Fenadin,Fexofenadine Hydrochloride,RxHandBD-ML,train,fenadin,exact_clean,100.0,29
D:\ediprjcursor\data\RxHandBD-ML\Train_Set\P4138.jpg,P4138.jpg,Napa Extend,Paracetamol,RxHandBD-ML,train,Napa,exact_clean,100.0,55
D:\ediprjcursor\data\datasetHand\Training\training_words\180.png,180.png,Atrizin,Cetirizine Hydrochloride,datasetHand,training,,,,4
D:\ediprjcursor\data\datasetHand\Training\training_words\946.png,946.png,Dinafex,Fexofenadine Hydrochloride,datasetHand,training,,,,23
D:\ediprjcursor\data\datasetHand\Training\training_words\531.png,531.png,Bacmax,Baclofen,datasetHand,training,,,,13
D:\ediprjcursor\data\datasetHand\Training\training_words\1942.png,1942.png,Metro,Metronidazole,datasetHand,training,,,,48
D:\ediprjcursor\data\datasetHand\Training\training_words\848.png,848.png,Denixil,Clonazepam,datasetHand,training,,,,21
D:\ediprjcursor\data\datasetHand\Training\training_words\1367.png,1367.png,Flamyd,Metronidazole,datasetHand,training,,,,34
D:\ediprjcursor\data\datasetHand\Training\training_words\2024.png,2024.png,Monas,Montelukast Sodium,datasetHand,training,,,,50
D:\ediprjcursor\data\datasetHand\Training\training_words\1214.png,1214.png,Fexofast,Fexofenadine Hydrochloride,datasetHand,training,,,,31
D:\ediprjcursor\data\datasetHand\Training\training_words\1024.png,1024.png,Esonix,Esomeprazole,datasetHand,training,,,,25
D:\ediprjcursor\data\datasetHand\Training\training_words\2662.png,2662.png,Rhinil,Cetirizine Hydrochloride,datasetHand,training,,,,66
D:\ediprjcursor\data\datasetHand\Training\training_words\2803.png,2803.png,Rozith,Azithromycin Dihydrate,datasetHand,training,,,,70
D:\ediprjcursor\data\datasetHand\Training\training_words\321.png,321.png,Az,Azithromycin Dihydrate,datasetHand,training,,,,6
D:\ediprjcursor\data\datasetHand\Training\training_words\2400.png,2400.png,Odmon,Montelukast Sodium,datasetHand,training,,,,60
D:\ediprjcursor\data\datasetHand\Training\training_words\1358.png,1358.png,Fixal,Fexofenadine Hydrochloride,datasetHand,training,,,,33
D:\ediprjcursor\data\datasetHand\Training\training_words\1585.png,1585.png,Ketoral,Ketoconazole (Tablet),datasetHand,training,,,,39
D:\ediprjcursor\data\RxHandBD-ML\Train_Set\P2758.jpg,P2758.jpg,Sergel,Esomeprazole,RxHandBD-ML,train,Sergel,exact_clean,100.0,71
D:\ediprjcursor\data\datasetHand\Training\training_words\1451.png,1451.png,Flexilax,Baclofen,datasetHand,training,,,,36
D:\ediprjcursor\data\datasetHand\Training\training_words\23.png,23.png,Aceta,Paracetamol,datasetHand,training,,,,1
D:\ediprjcursor\data\datasetHand\Training\training_words\2725.png,2725.png,Rivotril,Clonazepam,datasetHand,training,,,,68
D:\ediprjcursor\data\datasetHand\Training\training_words\2053.png,2053.png,Montair,Montelukast Sodium,datasetHand,training,,,,51
D:\ediprjcursor\data\datasetHand\Training\training_words\507.png,507.png,Baclon,Baclofen,datasetHand,training,,,,12
D:\ediprjcursor\data\datasetHand\Training\training_words\951.png,951.png,Dinafex,Fexofenadine Hydrochloride,datasetHand,training,,,,23
D:\ediprjcursor\data\datasetHand\Training\training_words\318.png,318.png,Azyth,Azithromycin Dihydrate,datasetHand,training,,,,8
D:\ediprjcursor\data\datasetHand\Training\training_words\975.png,975.png,Disopan,Clonazepam,datasetHand,training,,,,24
D:\ediprjcursor\data\RxHandBD-ML\Train_Set\P4698.jpg,P4698.jpg,Napa Extend,Paracetamol,RxHandBD-ML,train,napa,exact_clean,100.0,55
D:\ediprjcursor\data\datasetHand\Training\training_words\2999.png,2999.png,Tridosil,Azithromycin Dihydrate,datasetHand,training,,,,74
D:\ediprjcursor\data\datasetHand\Training\training_words\826.png,826.png,Dancel,Ketoconazole (Shampoo),datasetHand,training,,,,20
D:\ediprjcursor\data\datasetHand\Training\training_words\2758.png,2758.png,Rivotril,Clonazepam,datasetHand,training,,,,68
D:\ediprjcursor\data\datasetHand\Training\training_words\1368.png,1368.png,Flamyd,Metronidazole,datasetHand,training,,,,34
D:\ediprjcursor\data\datasetHand\Training\training_words\2395.png,2395.png,Nizoder,Ketoconazole (Cream),datasetHand,training,,,,59
D:\ediprjcursor\data\datasetHand\Training\training_words\647.png,647.png,Canazole,Fluconazole,datasetHand,training,,,,16
D:\ediprjcursor\data\datasetHand\Training\training_words\1623.png,1623.png,Ketotab,Ketoconazole (Tablet),datasetHand,training,,,,40
D:\ediprjcursor\data\datasetHand\Training\training_words\3033.png,3033.png,Trilock,Montelukast Sodium,datasetHand,training,,,,75
D:\ediprjcursor\data\datasetHand\Training\training_words\940.png,940.png,Dinafex,Fexofenadine Hydrochloride,datasetHand,training,,,,23
D:\ediprjcursor\data\datasetHand\Training\training_words\2002.png,2002.png,Monas,Montelukast Sodium,datasetHand,training,,,,50
D:\ediprjcursor\data\datasetHand\Training\training_words\747.png,747.png,Cetisoft,Cetirizine Hydrochloride,datasetHand,training,,,,18
D:\ediprjcursor\data\datasetHand\Training\training_words\2443.png,2443.png,Omastin,Fluconazole,datasetHand,training,,,,61
D:\ediprjcursor\data\datasetHand\Training\training_words\1687.png,1687.png,Leptic,Clonazepam,datasetHand,training,,,,42
D:\ediprjcursor\data\datasetHand\Training\training_words\2197.png,2197.png,Napa Extend,Paracetamol,datasetHand,training,,,,55
D:\ediprjcursor\data\datasetHand\Training\training_words\3025.png,3025.png,Trilock,Montelukast Sodium,datasetHand,training,,,,75
D:\ediprjcursor\data\datasetHand\Training\training_words\2964.png,2964.png,Tridosil,Azithromycin Dihydrate,datasetHand,training,,,,74
D:\ediprjcursor\data\datasetHand\Training\training_words\728.png,728.png,Cetisoft,Cetirizine Hydrochloride,datasetHand,training,,,,18
D:\ediprjcursor\data\datasetHand\Training\training_words\2016.png,2016.png,Monas,Montelukast Sodium,datasetHand,training,,,,50
D:\ediprjcursor\data\datasetHand\Training\training_words\981.png,981.png,Disopan,Clonazepam,datasetHand,training,,,,24
D:\ediprjcursor\data\datasetHand\Training\training_words\859.png,859.png,Denixil,Clonazepam,datasetHand,training,,,,21
D:\ediprjcursor\data\datasetHand\Training\training_words\841.png,841.png,Denixil,Clonazepam,datasetHand,training,,,,21
D:\ediprjcursor\data\datasetHand\Training\training_words\2573.png,2573.png,Provair,Montelukast Sodium,datasetHand,training,,,,64
D:\ediprjcursor\data\datasetHand\Training\training_words\2318.png,2318.png,Nexum,Esomeprazole,datasetHand,training,,,,57
D:\ediprjcursor\data\datasetHand\Training\training_words\721.png,721.png,Cetisoft,Cetirizine Hydrochloride,datasetHand,training,,,,18
D:\ediprjcursor\data\datasetHand\Training\training_words\1865.png,1865.png,Maxima,Esomeprazole,datasetHand,training,,,,46
D:\ediprjcursor\data\RxHandBD-ML\Train_Set\P1399.jpg,P1399.jpg,Nexum,Esomeprazole,RxHandBD-ML,train,Tab. Nexum,exact_clean,100.0,57
D:\ediprjcursor\data\datasetHand\Training\training_words\323.png,323.png,Az,Azithromycin Dihydrate,datasetHand,training,,,,6
D:\ediprjcursor\data\datasetHand\Training\training_words\1990.png,1990.png,Metsina,Metronidazole,datasetHand,training,,,,49
D:\ediprjcursor\data\datasetHand\Training\training_words\1833.png,1833.png,M-Kast,Montelukast Sodium,datasetHand,training,,,,45
D:\ediprjcursor\data\datasetHand\Training\training_words\523.png,523.png,Bacmax,Baclofen,datasetHand,training,,,,13
D:\ediprjcursor\data\datasetHand\Training\training_words\2732.png,2732.png,Rivotril,Clonazepam,datasetHand,training,,,,68
D:\ediprjcursor\data\RxHandBD-ML\Train_Set\P1321.jpg,P1321.jpg,Maxpro,Esomeprazole,RxHandBD-ML,train,cap. Maxpro,exact_clean,100.0,47
D:\ediprjcursor\data\datasetHand\Training\training_words\227.png,227.png,Axodin,Fexofenadine Hydrochloride,datasetHand,training,,,,5
D:\ediprjcursor\data\RxHandBD-ML\Train_Set\P3231.jpg,P3231.jpg,Sergel,Esomeprazole,RxHandBD-ML,train,Sergel,exact_clean,100.0,71
D:\ediprjcursor\data\datasetHand\Training\training_words\1685.png,1685.png,Leptic,Clonazepam,datasetHand,training,,,,42
D:\ediprjcursor\data\datasetHand\Training\training_words\470.png,470.png,Baclofen,Baclofen,datasetHand,training,,,,11
D:\ediprjcursor\data\datasetHand\Training\training_words\127.png,127.png,Amodis,Metronidazole,datasetHand,training,,,,3
D:\ediprjcursor\data\datasetHand\Training\training_words\739.png,739.png,Cetisoft,Cetirizine Hydrochloride,datasetHand,training,,,,18
D:\ediprjcursor\data\datasetHand\Training\training_words\2516.png,2516.png,Opton,Esomeprazole,datasetHand,training,,,,62
D:\ediprjcursor\data\datasetHand\Training\training_words\2703.png,2703.png,Ritch,Fexofenadine Hydrochloride,datasetHand,training,,,,67
D:\ediprjcursor\data\datasetHand\Training\training_words\1671.png,1671.png,Ketozol,Ketoconazole (Shampoo),datasetHand,training,,,,41
D:\ediprjcursor\data\datasetHand\Training\training_words\1902.png,1902.png,Maxpro,Esomeprazole,datasetHand,training,,,,47
D:\ediprjcursor\data\datasetHand\Training\training_words\687.png,687.png,Candinil,Fluconazole,datasetHand,training,,,,17
D:\ediprjcursor\data\RxHandBD-ML\Train_Set\P5275.jpg,P5275.jpg,Rivotril,Clonazepam,RxHandBD-ML,train,Rivotril,exact_clean,100.0,68
D:\ediprjcursor\data\datasetHand\Training\training_words\2115.png,2115.png,Montene,Montelukast Sodium,datasetHand,training,,,,52
D:\ediprjcursor\data\datasetHand\Training\training_words\667.png,667.png,Canazole,Fluconazole,datasetHand,training,,,,16
D:\ediprjcursor\data\datasetHand\Training\training_words\1466.png,1466.png,Flexilax,Baclofen,datasetHand,training,,,,36
D:\ediprjcursor\data\datasetHand\Training\training_words\2108.png,2108.png,Montene,Montelukast Sodium,datasetHand,training,,,,52
D:\ediprjcursor\data\datasetHand\Training\training_words\2151.png,2151.png,Montex,Montelukast Sodium,datasetHand,training,,,,53
D:\ediprjcursor\data\datasetHand\Training\training_words\2962.png,2962.png,Tridosil,Azithromycin Dihydrate,datasetHand,training,,,,74
D:\ediprjcursor\data\datasetHand\Training\training_words\1495.png,1495.png,Flugal,Fluconazole,datasetHand,training,,,,37
D:\ediprjcursor\data\datasetHand\Training\training_words\869.png,869.png,Denixil,Clonazepam,datasetHand,training,,,,21
D:\ediprjcursor\data\datasetHand\Training\training_words\1533.png,1533.png,Ketocon,Ketoconazole (Shampoo),datasetHand,training,,,,38
D:\ediprjcursor\data\datasetHand\Training\training_words\1553.png,1553.png,Ketocon,Ketoconazole (Shampoo),datasetHand,training,,,,38
D:\ediprjcursor\data\datasetHand\Training\training_words\2138.png,2138.png,Montex,Montelukast Sodium,datasetHand,training,,,,53
D:\ediprjcursor\data\datasetHand\Training\training_words\2855.png,2855.png,Sergel,Esomeprazole,datasetHand,training,,,,71
D:\ediprjcursor\data\RxHandBD-ML\Train_Set\P3212.jpg,P3212.jpg,Fexofast,Fexofenadine Hydrochloride,RxHandBD-ML,train,Fexofast,exact_clean,100.0,31
D:\ediprjcursor\data\datasetHand\Training\training_words\2814.png,2814.png,Rozith,Azithromycin Dihydrate,datasetHand,training,,,,70
D:\ediprjcursor\data\datasetHand\Training\training_words\544.png,544.png,Bacmax,Baclofen,datasetHand,training,,,,13
D:\ediprjcursor\data\datasetHand\Training\training_words\2312.png,2312.png,Nexum,Esomeprazole,datasetHand,training,,,,57
D:\ediprjcursor\data\RxHandBD-ML\Train_Set\P3676.jpg,P3676.jpg,Napa Extend,Paracetamol,RxHandBD-ML,train,Napa,exact_clean,100.0,55
D:\ediprjcursor\data\datasetHand\Training\training_words\1173.png,1173.png,Fenadin,Fexofenadine Hydrochloride,datasetHand,training,,,,29
D:\ediprjcursor\data\datasetHand\Training\training_words\2391.png,2391.png,Nizoder,Ketoconazole (Cream),datasetHand,training,,,,59
D:\ediprjcursor\data\datasetHand\Training\training_words\2462.png,2462.png,Omastin,Fluconazole,datasetHand,training,,,,61
D:\ediprjcursor\data\datasetHand\Training\training_words\1911.png,1911.png,Maxpro,Esomeprazole,datasetHand,training,,,,47
D:\ediprjcursor\data\datasetHand\Training\training_words\158.png,158.png,Amodis,Metronidazole,datasetHand,training,,,,3
D:\ediprjcursor\data\datasetHand\Training\training_words\76.png,76.png,Ace,Paracetamol,datasetHand,training,,,,0
D:\ediprjcursor\data\datasetHand\Training\training_words\2849.png,2849.png,Sergel,Esomeprazole,datasetHand,training,,,,71
D:\ediprjcursor\data\datasetHand\Training\training_words\1580.png,1580.png,Ketoral,Ketoconazole (Tablet),datasetHand,training,,,,39
D:\ediprjcursor\data\datasetHand\Training\training_words\926.png,926.png,Dinafex,Fexofenadine Hydrochloride,datasetHand,training,,,,23
D:\ediprjcursor\data\datasetHand\Training\training_words\708.png,708.png,Candinil,Fluconazole,datasetHand,training,,,,17
D:\ediprjcursor\data\datasetHand\Training\training_words\2199.png,2199.png,Napa Extend,Paracetamol,datasetHand,training,,,,55
D:\ediprjcursor\data\datasetHand\Training\training_words\2474.png,2474.png,Omastin,Fluconazole,datasetHand,training,,,,61
D:\ediprjcursor\data\datasetHand\Training\training_words\1586.png,1586.png,Ketoral,Ketoconazole (Tablet),datasetHand,training,,,,39
D:\ediprjcursor\data\datasetHand\Training\training_words\2858.png,2858.png,Sergel,Esomeprazole,datasetHand,training,,,,71
D:\ediprjcursor\data\datasetHand\Training\training_words\398.png,398.png,Bacaid,Baclofen,datasetHand,training,,,,9
D:\ediprjcursor\data\datasetHand\Training\training_words\67.png,67.png,Ace,Paracetamol,datasetHand,training,,,,0
D:\ediprjcursor\data\datasetHand\Training\training_words\1200.png,1200.png,Fexofast,Fexofenadine Hydrochloride,datasetHand,training,,,,31
D:\ediprjcursor\data\datasetHand\Training\training_words\2715.png,2715.png,Ritch,Fexofenadine Hydrochloride,datasetHand,training,,,,67
D:\ediprjcursor\data\RxHandBD-ML\Train_Set\P4151.jpg,P4151.jpg,Napa Extend,Paracetamol,RxHandBD-ML,train,Napa,exact_clean,100.0,55
D:\ediprjcursor\data\datasetHand\Training\training_words\627.png,627.png,Bicozin,Vitamin B Complex + Zinc,datasetHand,training,,,,15
D:\ediprjcursor\data\datasetHand\Training\training_words\1253.png,1253.png,Fexo,Fexofenadine Hydrochloride,datasetHand,training,,,,30
D:\ediprjcursor\data\datasetHand\Training\training_words\1797.png,1797.png,Lumona,Montelukast Sodium,datasetHand,training,,,,44
D:\ediprjcursor\data\datasetHand\Training\training_words\2341.png,2341.png,Nidazyl,Metronidazole,datasetHand,training,,,,58
D:\ediprjcursor\data\datasetHand\Training\training_words\1340.png,1340.png,Fixal,Fexofenadine Hydrochloride,datasetHand,training,,,,33
D:\ediprjcursor\data\datasetHand\Training\training_words\2659.png,2659.png,Rhinil,Cetirizine Hydrochloride,datasetHand,training,,,,66
D:\ediprjcursor\data\datasetHand\Training\training_words\2994.png,2994.png,Tridosil,Azithromycin Dihydrate,datasetHand,training,,,,74
D:\ediprjcursor\data\datasetHand\Training\training_words\1380.png,1380.png,Flamyd,Metronidazole,datasetHand,training,,,,34
D:\ediprjcursor\data\datasetHand\Training\training_words\1667.png,1667.png,Ketozol,Ketoconazole (Shampoo),datasetHand,training,,,,41
D:\ediprjcursor\data\datasetHand\Training\training_words\1496.png,1496.png,Flugal,Fluconazole,datasetHand,training,,,,37
D:\ediprjcursor\data\datasetHand\Training\training_words\100.png,100.png,Alatrol,Cetirizine Hydrochloride,datasetHand,training,,,,2
D:\ediprjcursor\data\datasetHand\Training\training_words\1399.png,1399.png,Flamyd,Metronidazole,datasetHand,training,,,,34
D:\ediprjcursor\data\datasetHand\Training\training_words\2160.png,2160.png,Napa Extend,Paracetamol,datasetHand,training,,,,55
D:\ediprjcursor\data\datasetHand\Training\training_words\790.png,790.png,Conaz,Fluconazole,datasetHand,training,,,,19
D:\ediprjcursor\data\datasetHand\Training\training_words\105.png,105.png,Alatrol,Cetirizine Hydrochloride,datasetHand,training,,,,2
D:\ediprjcursor\data\datasetHand\Training\training_words\1101.png,1101.png,Etizin,Cetirizine Hydrochloride,datasetHand,training,,,,27
D:\ediprjcursor\data\datasetHand\Training\training_words\2841.png,2841.png,Sergel,Esomeprazole,datasetHand,training,,,,71
D:\ediprjcursor\data\RxHandBD-ML\Train_Set\P2831.jpg,P2831.jpg,Fexo,Fexofenadine Hydrochloride,RxHandBD-ML,train,Fexo,exact_clean,100.0,30
D:\ediprjcursor\data\datasetHand\Training\training_words\997.png,997.png,Disopan,Clonazepam,datasetHand,training,,,,24
D:\ediprjcursor\data\datasetHand\Training\training_words\1210.png,1210.png,Fexofast,Fexofenadine Hydrochloride,datasetHand,training,,,,31
D:\ediprjcursor\data\datasetHand\Training\training_words\2686.png,2686.png,Ritch,Fexofenadine Hydrochloride,datasetHand,training,,,,67
D:\ediprjcursor\data\datasetHand\Training\training_words\1179.png,1179.png,Fenadin,Fexofenadine Hydrochloride,datasetHand,training,,,,29
D:\ediprjcursor\data\datasetHand\Training\training_words\1052.png,1052.png,Esoral,Esomeprazole,datasetHand,training,,,,26
D:\ediprjcursor\data\datasetHand\Training\training_words\1941.png,1941.png,Metro,Metronidazole,datasetHand,training,,,,48
D:\ediprjcursor\data\datasetHand\Training\training_words\370.png,370.png,Bacaid,Baclofen,datasetHand,training,,,,9
D:\ediprjcursor\data\datasetHand\Training\training_words\2750.png,2750.png,Rivotril,Clonazepam,datasetHand,training,,,,68
D:\ediprjcursor\data\datasetHand\Training\training_words\529.png,529.png,Bacmax,Baclofen,datasetHand,training,,,,13
D:\ediprjcursor\data\datasetHand\Training\training_words\1394.png,1394.png,Flamyd,Metronidazole,datasetHand,training,,,,34
D:\ediprjcursor\data\datasetHand\Training\training_words\1287.png,1287.png,Filmet,Metronidazole,datasetHand,training,,,,32
D:\ediprjcursor\data\datasetHand\Training\training_words\1264.png,1264.png,Fexo,Fexofenadine Hydrochloride,datasetHand,training,,,,30
D:\ediprjcursor\data\datasetHand\Training\training_words\181.png,181.png,Atrizin,Cetirizine Hydrochloride,datasetHand,training,,,,4
D:\ediprjcursor\data\datasetHand\Training\training_words\803.png,803.png,Dancel,Ketoconazole (Shampoo),datasetHand,training,,,,20
D:\ediprjcursor\data\datasetHand\Training\training_words\149.png,149.png,Amodis,Metronidazole,datasetHand,training,,,,3
D:\ediprjcursor\data\datasetHand\Training\training_words\460.png,460.png,Baclofen,Baclofen,datasetHand,training,,,,11
D:\ediprjcursor\data\datasetHand\Training\training_words\2890.png,2890.png,Tamen,Paracetamol,datasetHand,training,,,,72
D:\ediprjcursor\data\datasetHand\Training\training_words\2146.png,2146.png,Montex,Montelukast Sodium,datasetHand,training,,,,53
D:\ediprjcursor\data\datasetHand\Training\training_words\1396.png,1396.png,Flamyd,Metronidazole,datasetHand,training,,,,34
D:\ediprjcursor\data\datasetHand\Training\training_words\1063.png,1063.png,Esoral,Esomeprazole,datasetHand,training,,,,26
D:\ediprjcursor\data\datasetHand\Training\training_words\1684.png,1684.png,Leptic,Clonazepam,datasetHand,training,,,,42
D:\ediprjcursor\data\datasetHand\Training\training_words\3034.png,3034.png,Trilock,Montelukast Sodium,datasetHand,training,,,,75
D:\ediprjcursor\data\datasetHand\Training\training_words\2766.png,2766.png,Romycin,Azithromycin Dihydrate (Ophthalmic),datasetHand,training,,,,69
D:\ediprjcursor\data\datasetHand\Training\training_words\3045.png,3045.png,Vifas,Fexofenadine Hydrochloride,datasetHand,training,,,,76
D:\ediprjcursor\data\datasetHand\Training\training_words\1323.png,1323.png,Fixal,Fexofenadine Hydrochloride,datasetHand,training,,,,33
D:\ediprjcursor\data\datasetHand\Training\training_words\2508.png,2508.png,Opton,Esomeprazole,datasetHand,training,,,,62
D:\ediprjcursor\data\datasetHand\Training\training_words\2326.png,2326.png,Nidazyl,Metronidazole,datasetHand,training,,,,58
D:\ediprjcursor\data\datasetHand\Training\training_words\1208.png,1208.png,Fexofast,Fexofenadine Hydrochloride,datasetHand,training,,,,31
D:\ediprjcursor\data\datasetHand\Training\training_words\167.png,167.png,Atrizin,Cetirizine Hydrochloride,datasetHand,training,,,,4
D:\ediprjcursor\data\datasetHand\Training\training_words\1227.png,1227.png,Fexofast,Fexofenadine Hydrochloride,datasetHand,training,,,,31
D:\ediprjcursor\data\datasetHand\Training\training_words\1128.png,1128.png,Exium,Esomeprazole,datasetHand,training,,,,28
D:\ediprjcursor\data\datasetHand\Training\training_words\2070.png,2070.png,Montair,Montelukast Sodium,datasetHand,training,,,,51
D:\ediprjcursor\data\datasetHand\Training\training_words\3055.png,3055.png,Vifas,Fexofenadine Hydrochloride,datasetHand,training,,,,76
D:\ediprjcursor\data\datasetHand\Training\training_words\626.png,626.png,Bicozin,Vitamin B Complex + Zinc,datasetHand,training,,,,15
D:\ediprjcursor\data\datasetHand\Training\training_words\1784.png,1784.png,Lumona,Montelukast Sodium,datasetHand,training,,,,44
D:\ediprjcursor\data\datasetHand\Training\training_words\2182.png,2182.png,Napa Extend,Paracetamol,datasetHand,training,,,,55
D:\ediprjcursor\data\datasetHand\Training\training_words\1730.png,1730.png,Lucan-R,Fluconazole,datasetHand,training,,,,43
D:\ediprjcursor\data\datasetHand\Training\training_words\880.png,880.png,Diflu,Fluconazole,datasetHand,training,,,,22
D:\ediprjcursor\data\datasetHand\Training\training_words\1682.png,1682.png,Leptic,Clonazepam,datasetHand,training,,,,42
D:\ediprjcursor\data\datasetHand\Training\training_words\1331.png,1331.png,Fixal,Fexofenadine Hydrochloride,datasetHand,training,,,,33
D:\ediprjcursor\data\datasetHand\Training\training_words\2099.png,2099.png,Montene,Montelukast Sodium,datasetHand,training,,,,52
D:\ediprjcursor\data\datasetHand\Training\training_words\1906.png,1906.png,Maxpro,Esomeprazole,datasetHand,training,,,,47
D:\ediprjcursor\data\datasetHand\Training\training_words\2248.png,2248.png,Nexcap,Esomeprazole,datasetHand,training,,,,56
D:\ediprjcursor\data\datasetHand\Training\training_words\2077.png,2077.png,Montair,Montelukast Sodium,datasetHand,training,,,,51
D:\ediprjcursor\data\datasetHand\Training\training_words\1866.png,1866.png,Maxima,Esomeprazole,datasetHand,training,,,,46
D:\ediprjcursor\data\datasetHand\Training\training_words\1090.png,1090.png,Etizin,Cetirizine Hydrochloride,datasetHand,training,,,,27
D:\ediprjcursor\data\datasetHand\Training\training_words\2275.png,2275.png,Nexcap,Esomeprazole,datasetHand,training,,,,56
D:\ediprjcursor\data\datasetHand\Training\training_words\571.png,571.png,Beklo,Baclofen,datasetHand,training,,,,14
D:\ediprjcursor\data\datasetHand\Training\training_words\1199.png,1199.png,Fenadin,Fexofenadine Hydrochloride,datasetHand,training,,,,29
D:\ediprjcursor\data\RxHandBD-ML\Train_Set\P1612.jpg,P1612.jpg,Beklo,Baclofen,RxHandBD-ML,train,TAB. BEKLO,exact_clean,100.0,14
D:\ediprjcursor\data\datasetHand\Training\training_words\1488.png,1488.png,Flugal,Fluconazole,datasetHand,training,,,,37
D:\ediprjcursor\data\datasetHand\Training\training_words\741.png,741.png,Cetisoft,Cetirizine Hydrochloride,datasetHand,training,,,,18
D:\ediprjcursor\data\datasetHand\Training\training_words\1038.png,1038.png,Esonix,Esomeprazole,datasetHand,training,,,,25
D:\ediprjcursor\data\datasetHand\Training\training_words\355.png,355.png,Az,Azithromycin Dihydrate,datasetHand,training,,,,6
D:\ediprjcursor\data\datasetHand\Training\training_words\1086.png,1086.png,Etizin,Cetirizine Hydrochloride,datasetHand,training,,,,27
D:\ediprjcursor\data\RxHandBD-ML\Train_Set\P3665.jpg,P3665.jpg,Napa Extend,Paracetamol,RxHandBD-ML,train,Napa,exact_clean,100.0,55
D:\ediprjcursor\data\datasetHand\Training\training_words\247.png,247.png,Azithrocin,Azithromycin Dihydrate,datasetHand,training,,,,7
D:\ediprjcursor\data\datasetHand\Training\training_words\2278.png,2278.png,Nexcap,Esomeprazole,datasetHand,training,,,,56
D:\ediprjcursor\data\datasetHand\Training\training_words\2498.png,2498.png,Opton,Esomeprazole,datasetHand,training,,,,62
D:\ediprjcursor\data\datasetHand\Training\training_words\2413.png,2413.png,Odmon,Montelukast Sodium,datasetHand,training,,,,60
D:\ediprjcursor\data\RxHandBD-ML\Train_Set\P4885.jpg,P4885.jpg,Napa Extend,Paracetamol,RxHandBD-ML,train,napa,exact_clean,100.0,55
D:\ediprjcursor\data\datasetHand\Training\training_words\2.png,2.png,Aceta,Paracetamol,datasetHand,training,,,,1
D:\ediprjcursor\data\datasetHand\Training\training_words\201.png,201.png,Axodin,Fexofenadine Hydrochloride,datasetHand,training,,,,5
D:\ediprjcursor\data\datasetHand\Training\training_words\291.png,291.png,Azyth,Azithromycin Dihydrate,datasetHand,training,,,,8
D:\ediprjcursor\data\datasetHand\Training\training_words\2790.png,2790.png,Romycin,Azithromycin Dihydrate (Ophthalmic),datasetHand,training,,,,69
D:\ediprjcursor\data\datasetHand\Training\training_words\1549.png,1549.png,Ketocon,Ketoconazole (Shampoo),datasetHand,training,,,,38
D:\ediprjcursor\data\datasetHand\Training\training_words\2134.png,2134.png,Montex,Montelukast Sodium,datasetHand,training,,,,53
D:\ediprjcursor\data\datasetHand\Training\training_words\1378.png,1378.png,Flamyd,Metronidazole,datasetHand,training,,,,34
D:\ediprjcursor\data\datasetHand\Training\training_words\2023.png,2023.png,Monas,Montelukast Sodium,datasetHand,training,,,,50
D:\ediprjcursor\data\datasetHand\Training\training_words\2187.png,2187.png,Napa Extend,Paracetamol,datasetHand,training,,,,55
D:\ediprjcursor\data\datasetHand\Training\training_words\2809.png,2809.png,Rozith,Azithromycin Dihydrate,datasetHand,training,,,,70
D:\ediprjcursor\data\datasetHand\Training\training_words\1300.png,1300.png,Filmet,Metronidazole,datasetHand,training,,,,32
D:\ediprjcursor\data\datasetHand\Training\training_words\2015.png,2015.png,Monas,Montelukast Sodium,datasetHand,training,,,,50
D:\ediprjcursor\data\datasetHand\Training\training_words\2078.png,2078.png,Montair,Montelukast Sodium,datasetHand,training,,,,51
D:\ediprjcursor\data\RxHandBD-ML\Train_Set\P3078.jpg,P3078.jpg,Maxima,Esomeprazole,RxHandBD-ML,train,Maxima,exact_clean,100.0,46
D:\ediprjcursor\data\datasetHand\Training\training_words\1489.png,1489.png,Flugal,Fluconazole,datasetHand,training,,,,37
D:\ediprjcursor\data\datasetHand\Training\training_words\2431.png,2431.png,Odmon,Montelukast Sodium,datasetHand,training,,,,60
D:\ediprjcursor\data\datasetHand\Training\training_words\1783.png,1783.png,Lumona,Montelukast Sodium,datasetHand,training,,,,44
D:\ediprjcursor\data\datasetHand\Training\training_words\2907.png,2907.png,Tamen,Paracetamol,datasetHand,training,,,,72
D:\ediprjcursor\data\datasetHand\Training\training_words\2625.png,2625.png,Renova,Paracetamol,datasetHand,training,,,,65
D:\ediprjcursor\data\datasetHand\Training\training_words\758.png,758.png,Cetisoft,Cetirizine Hydrochloride,datasetHand,training,,,,18
D:\ediprjcursor\data\datasetHand\Training\training_words\2040.png,2040.png,Montair,Montelukast Sodium,datasetHand,training,,,,51
D:\ediprjcursor\data\datasetHand\Training\training_words\2953.png,2953.png,Telfast,Fexofenadine Hydrochloride,datasetHand,training,,,,73
D:\ediprjcursor\data\RxHandBD-ML\Train_Set\P3364.jpg,P3364.jpg,Napa Extend,Paracetamol,RxHandBD-ML,train,Napa,exact_clean,100.0,55
D:\ediprjcursor\data\datasetHand\Training\training_words\551.png,551.png,Bacmax,Baclofen,datasetHand,training,,,,13
D:\ediprjcursor\data\datasetHand\Training\training_words\903.png,903.png,Diflu,Fluconazole,datasetHand,training,,,,22
D:\ediprjcursor\data\datasetHand\Training\training_words\625.png,625.png,Bicozin,Vitamin B Complex + Zinc,datasetHand,training,,,,15
D:\ediprjcursor\data\datasetHand\Training\training_words\2987.png,2987.png,Tridosil,Azithromycin Dihydrate,datasetHand,training,,,,74
D:\ediprjcursor\data\datasetHand\Training\training_words\317.png,317.png,Azyth,Azithromycin Dihydrate,datasetHand,training,,,,8
D:\ediprjcursor\data\datasetHand\Training\training_words\2502.png,2502.png,Opton,Esomeprazole,datasetHand,training,,,,62
D:\ediprjcursor\data\datasetHand\Training\training_words\2830.png,2830.png,Rozith,Azithromycin Dihydrate,datasetHand,training,,,,70
D:\ediprjcursor\data\datasetHand\Training\training_words\1998.png,1998.png,Metsina,Metronidazole,datasetHand,training,,,,49
D:\ediprjcursor\data\datasetHand\Training\training_words\2354.png,2354.png,Nidazyl,Metronidazole,datasetHand,training,,,,58
D:\ediprjcursor\data\datasetHand\Training\training_words\1220.png,1220.png,Fexofast,Fexofenadine Hydrochloride,datasetHand,training,,,,31
D:\ediprjcursor\data\datasetHand\Training\training_words\142.png,142.png,Amodis,Metronidazole,datasetHand,training,,,,3
D:\ediprjcursor\data\RxHandBD-ML\Train_Set\P3876.jpg,P3876.jpg,Napa Extend,Paracetamol,RxHandBD-ML,train,Napa,exact_clean,100.0,55
D:\ediprjcursor\data\datasetHand\Training\training_words\1590.png,1590.png,Ketoral,Ketoconazole (Tablet),datasetHand,training,,,,39
D:\ediprjcursor\data\datasetHand\Training\training_words\1168.png,1168.png,Fenadin,Fexofenadine Hydrochloride,datasetHand,training,,,,29
D:\ediprjcursor\data\datasetHand\Training\training_words\1493.png,1493.png,Flugal,Fluconazole,datasetHand,training,,,,37
D:\ediprjcursor\data\RxHandBD-ML\Train_Set\P5318.jpg,P5318.jpg,Montene,Montelukast Sodium,RxHandBD-ML,train,montene,exact_clean,100.0,52
D:\ediprjcursor\data\RxHandBD-ML\Train_Set\P3158.jpg,P3158.jpg,Napa Extend,Paracetamol,RxHandBD-ML,train,Napa,exact_clean,100.0,55
D:\ediprjcursor\data\datasetHand\Training\training_words\1589.png,1589.png,Ketoral,Ketoconazole (Tablet),datasetHand,training,,,,39
D:\ediprjcursor\data\datasetHand\Training\training_words\890.png,890.png,Diflu,Fluconazole,datasetHand,training,,,,22
D:\ediprjcursor\data\datasetHand\Training\training_words\2722.png,2722.png,Rivotril,Clonazepam,datasetHand,training,,,,68
D:\ediprjcursor\data\RxHandBD-ML\Train_Set\P2345.jpg,P2345.jpg,Fexo,Fexofenadine Hydrochloride,RxHandBD-ML,train,Fexo 120,exact_clean,100.0,30
D:\ediprjcursor\data\datasetHand\Training\training_words\2198.png,2198.png,Napa Extend,Paracetamol,datasetHand,training,,,,55
D:\ediprjcursor\data\datasetHand\Training\training_words\1440.png,1440.png,Flexilax,Baclofen,datasetHand,training,,,,36
D:\ediprjcursor\data\datasetHand\Training\training_words\512.png,512.png,Baclon,Baclofen,datasetHand,training,,,,12
D:\ediprjcursor\data\datasetHand\Training\training_words\2519.png,2519.png,Opton,Esomeprazole,datasetHand,training,,,,62
D:\ediprjcursor\data\RxHandBD-ML\Train_Set\P2364.jpg,P2364.jpg,Maxima,Esomeprazole,RxHandBD-ML,train,Maxima,exact_clean,100.0,46
D:\ediprjcursor\data\datasetHand\Training\training_words\2245.png,2245.png,Nexcap,Esomeprazole,datasetHand,training,,,,56
D:\ediprjcursor\data\datasetHand\Training\training_words\685.png,685.png,Candinil,Fluconazole,datasetHand,training,,,,17
D:\ediprjcursor\data\RxHandBD-ML\Train_Set\P2945.jpg,P2945.jpg,Beklo,Baclofen,RxHandBD-ML,train,Beklo,exact_clean,100.0,14
D:\ediprjcursor\data\RxHandBD-ML\Train_Set\P4299.jpg,P4299.jpg,Napa Extend,Paracetamol,RxHandBD-ML,train,Napa,exact_clean,100.0,55
D:\ediprjcursor\data\datasetHand\Training\training_words\177.png,177.png,Atrizin,Cetirizine Hydrochloride,datasetHand,training,,,,4
D:\ediprjcursor\data\datasetHand\Training\training_words\3031.png,3031.png,Trilock,Montelukast Sodium,datasetHand,training,,,,75
D:\ediprjcursor\data\datasetHand\Training\training_words\1511.png,1511.png,Flugal,Fluconazole,datasetHand,training,,,,37
D:\ediprjcursor\data\RxHandBD-ML\Train_Set\P1341.jpg,P1341.jpg,Flugal,Fluconazole,RxHandBD-ML,train,cap. Flugal,exact_clean,100.0,37
D:\ediprjcursor\data\datasetHand\Training\training_words\2532.png,2532.png,Progut,Esomeprazole,datasetHand,training,,,,63
D:\ediprjcursor\data\datasetHand\Training\training_words\737.png,737.png,Cetisoft,Cetirizine Hydrochloride,datasetHand,training,,,,18
D:\ediprjcursor\data\datasetHand\Training\training_words\1417.png,1417.png,Flexibac,Baclofen,datasetHand,training,,,,35
D:\ediprjcursor\data\datasetHand\Training\training_words\2731.png,2731.png,Rivotril,Clonazepam,datasetHand,training,,,,68
D:\ediprjcursor\data\datasetHand\Training\training_words\1530.png,1530.png,Ketocon,Ketoconazole (Shampoo),datasetHand,training,,,,38
D:\ediprjcursor\data\RxHandBD-ML\Train_Set\P3961.jpg,P3961.jpg,Bicozin,Vitamin B Complex + Zinc,RxHandBD-ML,train,Bicozin,exact_clean,100.0,15
D:\ediprjcursor\data\datasetHand\Training\training_words\2340.png,2340.png,Nidazyl,Metronidazole,datasetHand,training,,,,58
D:\ediprjcursor\data\datasetHand\Training\training_words\3098.png,3098.png,Zithrin,Azithromycin Dihydrate,datasetHand,training,,,,77
D:\ediprjcursor\data\datasetHand\Training\training_words\1070.png,1070.png,Esoral,Esomeprazole,datasetHand,training,,,,26
D:\ediprjcursor\data\datasetHand\Training\training_words\2818.png,2818.png,Rozith,Azithromycin Dihydrate,datasetHand,training,,,,70
D:\ediprjcursor\data\datasetHand\Training\training_words\909.png,909.png,Diflu,Fluconazole,datasetHand,training,,,,22
D:\ediprjcursor\data\RxHandBD-ML\Train_Set\P2725.jpg,P2725.jpg,Napa Extend,Paracetamol,RxHandBD-ML,train,Napa,exact_clean,100.0,55
D:\ediprjcursor\data\datasetHand\Training\training_words\1250.png,1250.png,Fexo,Fexofenadine Hydrochloride,datasetHand,training,,,,30
D:\ediprjcursor\data\datasetHand\Training\training_words\2754.png,2754.png,Rivotril,Clonazepam,datasetHand,training,,,,68
D:\ediprjcursor\data\datasetHand\Training\training_words\1863.png,1863.png,Maxima,Esomeprazole,datasetHand,training,,,,46
D:\ediprjcursor\data\datasetHand\Training\training_words\1776.png,1776.png,Lumona,Montelukast Sodium,datasetHand,training,,,,44
D:\ediprjcursor\data\datasetHand\Training\training_words\1472.png,1472.png,Flexilax,Baclofen,datasetHand,training,,,,36
D:\ediprjcursor\data\RxHandBD-ML\Train_Set\P4869.jpg,P4869.jpg,Napa Extend,Paracetamol,RxHandBD-ML,train,napa,exact_clean,100.0,55
D:\ediprjcursor\data\datasetHand\Training\training_words\2652.png,2652.png,Rhinil,Cetirizine Hydrochloride,datasetHand,training,,,,66
D:\ediprjcursor\data\datasetHand\Training\training_words\410.png,410.png,Backtone,Baclofen,datasetHand,training,,,,10
D:\ediprjcursor\data\datasetHand\Training\training_words\2142.png,2142.png,Montex,Montelukast Sodium,datasetHand,training,,,,53
D:\ediprjcursor\data\datasetHand\Training\training_words\1293.png,1293.png,Filmet,Metronidazole,datasetHand,training,,,,32
D:\ediprjcursor\data\datasetHand\Training\training_words\1112.png,1112.png,Etizin,Cetirizine Hydrochloride,datasetHand,training,,,,27
D:\ediprjcursor\data\RxHandBD-ML\Train_Set\P1285.jpg,P1285.jpg,Nexum,Esomeprazole,RxHandBD-ML,train,Nexum,exact_clean,100.0,57
D:\ediprjcursor\data\datasetHand\Training\training_words\2116.png,2116.png,Montene,Montelukast Sodium,datasetHand,training,,,,52
D:\ediprjcursor\data\datasetHand\Training\training_words\435.png,435.png,Backtone,Baclofen,datasetHand,training,,,,10
D:\ediprjcursor\data\datasetHand\Training\training_words\875.png,875.png,Denixil,Clonazepam,datasetHand,training,,,,21
D:\ediprjcursor\data\datasetHand\Training\training_words\2333.png,2333.png,Nidazyl,Metronidazole,datasetHand,training,,,,58
D:\ediprjcursor\data\datasetHand\Training\training_words\2208.png,2208.png,Napa,Paracetamol,datasetHand,training,,,,54
D:\ediprjcursor\data\datasetHand\Training\training_words\1889.png,1889.png,Maxpro,Esomeprazole,datasetHand,training,,,,47
D:\ediprjcursor\data\datasetHand\Training\training_words\2180.png,2180.png,Napa Extend,Paracetamol,datasetHand,training,,,,55
D:\ediprjcursor\data\datasetHand\Training\training_words\2916.png,2916.png,Tamen,Paracetamol,datasetHand,training,,,,72
D:\ediprjcursor\data\datasetHand\Training\training_words\1860.png,1860.png,Maxima,Esomeprazole,datasetHand,training,,,,46
D:\ediprjcursor\data\datasetHand\Training\training_words\1538.png,1538.png,Ketocon,Ketoconazole (Shampoo),datasetHand,training,,,,38
D:\ediprjcursor\data\datasetHand\Training\training_words\3119.png,3119.png,Zithrin,Azithromycin Dihydrate,datasetHand,training,,,,77
D:\ediprjcursor\data\datasetHand\Training\training_words\908.png,908.png,Diflu,Fluconazole,datasetHand,training,,,,22
D:\ediprjcursor\data\datasetHand\Training\training_words\920.png,920.png,Dinafex,Fexofenadine Hydrochloride,datasetHand,training,,,,23
D:\ediprjcursor\data\datasetHand\Training\training_words\306.png,306.png,Azyth,Azithromycin Dihydrate,datasetHand,training,,,,8
D:\ediprjcursor\data\datasetHand\Training\training_words\3046.png,3046.png,Vifas,Fexofenadine Hydrochloride,datasetHand,training,,,,76
D:\ediprjcursor\data\datasetHand\Training\training_words\388.png,388.png,Bacaid,Baclofen,datasetHand,training,,,,9
D:\ediprjcursor\data\datasetHand\Training\training_words\2610.png,2610.png,Renova,Paracetamol,datasetHand,training,,,,65
D:\ediprjcursor\data\datasetHand\Training\training_words\1025.png,1025.png,Esonix,Esomeprazole,datasetHand,training,,,,25
D:\ediprjcursor\data\datasetHand\Training\training_words\2230.png,2230.png,Napa,Paracetamol,datasetHand,training,,,,54
D:\ediprjcursor\data\datasetHand\Training\training_words\2399.png,2399.png,Nizoder,Ketoconazole (Cream),datasetHand,training,,,,59
D:\ediprjcursor\data\datasetHand\Training\training_words\867.png,867.png,Denixil,Clonazepam,datasetHand,training,,,,21
D:\ediprjcursor\data\datasetHand\Training\training_words\3003.png,3003.png,Trilock,Montelukast Sodium,datasetHand,training,,,,75
D:\ediprjcursor\data\datasetHand\Training\training_words\1563.png,1563.png,Ketoral,Ketoconazole (Tablet),datasetHand,training,,,,39
D:\ediprjcursor\data\datasetHand\Training\training_words\79.png,79.png,Ace,Paracetamol,datasetHand,training,,,,0
D:\ediprjcursor\data\datasetHand\Training\training_words\1978.png,1978.png,Metsina,Metronidazole,datasetHand,training,,,,49
D:\ediprjcursor\data\datasetHand\Training\training_words\87.png,87.png,Alatrol,Cetirizine Hydrochloride,datasetHand,training,,,,2
D:\ediprjcursor\data\datasetHand\Training\training_words\2566.png,2566.png,Provair,Montelukast Sodium,datasetHand,training,,,,64
D:\ediprjcursor\data\datasetHand\Training\training_words\863.png,863.png,Denixil,Clonazepam,datasetHand,training,,,,21
D:\ediprjcursor\data\datasetHand\Training\training_words\543.png,543.png,Bacmax,Baclofen,datasetHand,training,,,,13
D:\ediprjcursor\data\datasetHand\Training\training_words\1251.png,1251.png,Fexo,Fexofenadine Hydrochloride,datasetHand,training,,,,30
D:\ediprjcursor\data\datasetHand\Training\training_words\1801.png,1801.png,M-Kast,Montelukast Sodium,datasetHand,training,,,,45
D:\ediprjcursor\data\datasetHand\Training\training_words\1719.png,1719.png,Leptic,Clonazepam,datasetHand,training,,,,42
D:\ediprjcursor\data\datasetHand\Training\training_words\2709.png,2709.png,Ritch,Fexofenadine Hydrochloride,datasetHand,training,,,,67
D:\ediprjcursor\data\datasetHand\Training\training_words\914.png,914.png,Diflu,Fluconazole,datasetHand,training,,,,22
D:\ediprjcursor\data\datasetHand\Training\training_words\2056.png,2056.png,Montair,Montelukast Sodium,datasetHand,training,,,,51
D:\ediprjcursor\data\datasetHand\Training\training_words\2881.png,2881.png,Tamen,Paracetamol,datasetHand,training,,,,72
D:\ediprjcursor\data\datasetHand\Training\training_words\1895.png,1895.png,Maxpro,Esomeprazole,datasetHand,training,,,,47
D:\ediprjcursor\data\datasetHand\Training\training_words\138.png,138.png,Amodis,Metronidazole,datasetHand,training,,,,3
D:\ediprjcursor\data\datasetHand\Training\training_words\1755.png,1755.png,Lucan-R,Fluconazole,datasetHand,training,,,,43
D:\ediprjcursor\data\datasetHand\Training\training_words\3111.png,3111.png,Zithrin,Azithromycin Dihydrate,datasetHand,training,,,,77
D:\ediprjcursor\data\datasetHand\Training\training_words\2271.png,2271.png,Nexcap,Esomeprazole,datasetHand,training,,,,56
D:\ediprjcursor\data\RxHandBD-ML\Train_Set\P4192.jpg,P4192.jpg,Renova,Paracetamol,RxHandBD-ML,train,Renova,exact_clean,100.0,65
D:\ediprjcursor\data\datasetHand\Training\training_words\1309.png,1309.png,Filmet,Metronidazole,datasetHand,training,,,,32
D:\ediprjcursor\data\datasetHand\Training\training_words\1385.png,1385.png,Flamyd,Metronidazole,datasetHand,training,,,,34
D:\ediprjcursor\data\datasetHand\Training\training_words\2578.png,2578.png,Provair,Montelukast Sodium,datasetHand,training,,,,64
D:\ediprjcursor\data\datasetHand\Training\training_words\304.png,304.png,Azyth,Azithromycin Dihydrate,datasetHand,training,,,,8
D:\ediprjcursor\data\datasetHand\Training\training_words\2948.png,2948.png,Telfast,Fexofenadine Hydrochloride,datasetHand,training,,,,73
D:\ediprjcursor\data\datasetHand\Training\training_words\1248.png,1248.png,Fexo,Fexofenadine Hydrochloride,datasetHand,training,,,,30
D:\ediprjcursor\data\datasetHand\Training\training_words\1167.png,1167.png,Fenadin,Fexofenadine Hydrochloride,datasetHand,training,,,,29
D:\ediprjcursor\data\RxHandBD-ML\Train_Set\P2492.jpg,P2492.jpg,Flugal,Fluconazole,RxHandBD-ML,train,Flugal,exact_clean,100.0,37
D:\ediprjcursor\data\datasetHand\Training\training_words\1506.png,1506.png,Flugal,Fluconazole,datasetHand,training,,,,37
D:\ediprjcursor\data\datasetHand\Training\training_words\1076.png,1076.png,Esoral,Esomeprazole,datasetHand,training,,,,26
D:\ediprjcursor\data\datasetHand\Training\training_words\572.png,572.png,Beklo,Baclofen,datasetHand,training,,,,14
D:\ediprjcursor\data\datasetHand\Training\training_words\1662.png,1662.png,Ketozol,Ketoconazole (Shampoo),datasetHand,training,,,,41
D:\ediprjcursor\data\datasetHand\Training\training_words\333.png,333.png,Az,Azithromycin Dihydrate,datasetHand,training,,,,6
D:\ediprjcursor\data\datasetHand\Training\training_words\426.png,426.png,Backtone,Baclofen,datasetHand,training,,,,10
D:\ediprjcursor\data\datasetHand\Training\training_words\2580.png,2580.png,Provair,Montelukast Sodium,datasetHand,training,,,,64
D:\ediprjcursor\data\datasetHand\Training\training_words\1117.png,1117.png,Etizin,Cetirizine Hydrochloride,datasetHand,training,,,,27
D:\ediprjcursor\data\datasetHand\Training\training_words\2111.png,2111.png,Montene,Montelukast Sodium,datasetHand,training,,,,52
D:\ediprjcursor\data\datasetHand\Training\training_words\17.png,17.png,Aceta,Paracetamol,datasetHand,training,,,,1
D:\ediprjcursor\data\datasetHand\Training\training_words\2780.png,2780.png,Romycin,Azithromycin Dihydrate (Ophthalmic),datasetHand,training,,,,69
D:\ediprjcursor\data\datasetHand\Training\training_words\935.png,935.png,Dinafex,Fexofenadine Hydrochloride,datasetHand,training,,,,23
D:\ediprjcursor\data\datasetHand\Training\training_words\536.png,536.png,Bacmax,Baclofen,datasetHand,training,,,,13
D:\ediprjcursor\data\datasetHand\Training\training_words\2711.png,2711.png,Ritch,Fexofenadine Hydrochloride,datasetHand,training,,,,67
D:\ediprjcursor\data\datasetHand\Training\training_words\2524.png,2524.png,Progut,Esomeprazole,datasetHand,training,,,,63
D:\ediprjcursor\data\datasetHand\Training\training_words\528.png,528.png,Bacmax,Baclofen,datasetHand,training,,,,13
D:\ediprjcursor\data\datasetHand\Training\training_words\2954.png,2954.png,Telfast,Fexofenadine Hydrochloride,datasetHand,training,,,,73
D:\ediprjcursor\data\datasetHand\Training\training_words\1001.png,1001.png,Esonix,Esomeprazole,datasetHand,training,,,,25
D:\ediprjcursor\data\datasetHand\Training\training_words\2545.png,2545.png,Progut,Esomeprazole,datasetHand,training,,,,63
D:\ediprjcursor\data\datasetHand\Training\training_words\1166.png,1166.png,Fenadin,Fexofenadine Hydrochloride,datasetHand,training,,,,29
D:\ediprjcursor\data\datasetHand\Training\training_words\2941.png,2941.png,Telfast,Fexofenadine Hydrochloride,datasetHand,training,,,,73
D:\ediprjcursor\data\datasetHand\Training\training_words\2392.png,2392.png,Nizoder,Ketoconazole (Cream),datasetHand,training,,,,59
D:\ediprjcursor\data\datasetHand\Training\training_words\1958.png,1958.png,Metro,Metronidazole,datasetHand,training,,,,48
D:\ediprjcursor\data\datasetHand\Training\training_words\2693.png,2693.png,Ritch,Fexofenadine Hydrochloride,datasetHand,training,,,,67
D:\ediprjcursor\data\datasetHand\Training\training_words\1209.png,1209.png,Fexofast,Fexofenadine Hydrochloride,datasetHand,training,,,,31
D:\ediprjcursor\data\datasetHand\Training\training_words\1059.png,1059.png,Esoral,Esomeprazole,datasetHand,training,,,,26
D:\ediprjcursor\data\datasetHand\Training\training_words\833.png,833.png,Dancel,Ketoconazole (Shampoo),datasetHand,training,,,,20
D:\ediprjcursor\data\datasetHand\Training\training_words\1007.png,1007.png,Esonix,Esomeprazole,datasetHand,training,,,,25
D:\ediprjcursor\data\RxHandBD-ML\Train_Set\P3217.jpg,P3217.jpg,Maxpro,Esomeprazole,RxHandBD-ML,train,Maxpro,exact_clean,100.0,47
D:\ediprjcursor\data\datasetHand\Training\training_words\1138.png,1138.png,Exium,Esomeprazole,datasetHand,training,,,,28
D:\ediprjcursor\data\RxHandBD-ML\Train_Set\P4504.jpg,P4504.jpg,Fenadin,Fexofenadine Hydrochloride,RxHandBD-ML,train,fenadin,exact_clean,100.0,29
D:\ediprjcursor\data\datasetHand\Training\training_words\678.png,678.png,Canazole,Fluconazole,datasetHand,training,,,,16
D:\ediprjcursor\data\datasetHand\Training\training_words\1816.png,1816.png,M-Kast,Montelukast Sodium,datasetHand,training,,,,45
D:\ediprjcursor\data\datasetHand\Training\training_words\1343.png,1343.png,Fixal,Fexofenadine Hydrochloride,datasetHand,training,,,,33
D:\ediprjcursor\data\datasetHand\Training\training_words\1526.png,1526.png,Ketocon,Ketoconazole (Shampoo),datasetHand,training,,,,38
D:\ediprjcursor\data\datasetHand\Training\training_words\931.png,931.png,Dinafex,Fexofenadine Hydrochloride,datasetHand,training,,,,23
D:\ediprjcursor\data\datasetHand\Training\training_words\342.png,342.png,Az,Azithromycin Dihydrate,datasetHand,training,,,,6
D:\ediprjcursor\data\datasetHand\Training\training_words\228.png,228.png,Axodin,Fexofenadine Hydrochloride,datasetHand,training,,,,5
D:\ediprjcursor\data\datasetHand\Training\training_words\2484.png,2484.png,Opton,Esomeprazole,datasetHand,training,,,,62
D:\ediprjcursor\data\datasetHand\Training\training_words\132.png,132.png,Amodis,Metronidazole,datasetHand,training,,,,3
D:\ediprjcursor\data\datasetHand\Training\training_words\1632.png,1632.png,Ketotab,Ketoconazole (Tablet),datasetHand,training,,,,40
D:\ediprjcursor\data\RxHandBD-ML\Train_Set\P3055.jpg,P3055.jpg,Maxpro,Esomeprazole,RxHandBD-ML,train,MaxPro,exact_clean,100.0,47
D:\ediprjcursor\data\datasetHand\Training\training_words\882.png,882.png,Diflu,Fluconazole,datasetHand,training,,,,22
D:\ediprjcursor\data\datasetHand\Training\training_words\2133.png,2133.png,Montex,Montelukast Sodium,datasetHand,training,,,,53
D:\ediprjcursor\data\datasetHand\Training\training_words\2310.png,2310.png,Nexum,Esomeprazole,datasetHand,training,,,,57
D:\ediprjcursor\data\datasetHand\Training\training_words\1362.png,1362.png,Flamyd,Metronidazole,datasetHand,training,,,,34
D:\ediprjcursor\data\datasetHand\Training\training_words\1696.png,1696.png,Leptic,Clonazepam,datasetHand,training,,,,42
D:\ediprjcursor\data\datasetHand\Training\training_words\246.png,246.png,Azithrocin,Azithromycin Dihydrate,datasetHand,training,,,,7
D:\ediprjcursor\data\datasetHand\Training\training_words\2380.png,2380.png,Nizoder,Ketoconazole (Cream),datasetHand,training,,,,59
D:\ediprjcursor\data\datasetHand\Training\training_words\2556.png,2556.png,Progut,Esomeprazole,datasetHand,training,,,,63
D:\ediprjcursor\data\datasetHand\Training\training_words\579.png,579.png,Beklo,Baclofen,datasetHand,training,,,,14
D:\ediprjcursor\data\datasetHand\Training\training_words\1909.png,1909.png,Maxpro,Esomeprazole,datasetHand,training,,,,47
D:\ediprjcursor\data\datasetHand\Training\training_words\548.png,548.png,Bacmax,Baclofen,datasetHand,training,,,,13
D:\ediprjcursor\data\datasetHand\Training\training_words\1478.png,1478.png,Flexilax,Baclofen,datasetHand,training,,,,36
D:\ediprjcursor\data\datasetHand\Training\training_words\1957.png,1957.png,Metro,Metronidazole,datasetHand,training,,,,48
D:\ediprjcursor\data\datasetHand\Training\training_words\58.png,58.png,Ace,Paracetamol,datasetHand,training,,,,0
D:\ediprjcursor\data\datasetHand\Training\training_words\51.png,51.png,Ace,Paracetamol,datasetHand,training,,,,0
D:\ediprjcursor\data\datasetHand\Training\training_words\970.png,970.png,Disopan,Clonazepam,datasetHand,training,,,,24
D:\ediprjcursor\data\datasetHand\Training\training_words\2919.png,2919.png,Tamen,Paracetamol,datasetHand,training,,,,72
D:\ediprjcursor\data\datasetHand\Training\training_words\2183.png,2183.png,Napa Extend,Paracetamol,datasetHand,training,,,,55
D:\ediprjcursor\data\datasetHand\Training\training_words\2178.png,2178.png,Napa Extend,Paracetamol,datasetHand,training,,,,55
D:\ediprjcursor\data\datasetHand\Training\training_words\1332.png,1332.png,Fixal,Fexofenadine Hydrochloride,datasetHand,training,,,,33
D:\ediprjcursor\data\datasetHand\Training\training_words\108.png,108.png,Alatrol,Cetirizine Hydrochloride,datasetHand,training,,,,2
D:\ediprjcursor\data\datasetHand\Training\training_words\45.png,45.png,Ace,Paracetamol,datasetHand,training,,,,0
D:\ediprjcursor\data\datasetHand\Training\training_words\2779.png,2779.png,Romycin,Azithromycin Dihydrate (Ophthalmic),datasetHand,training,,,,69
D:\ediprjcursor\data\datasetHand\Training\training_words\794.png,794.png,Conaz,Fluconazole,datasetHand,training,,,,19
D:\ediprjcursor\data\datasetHand\Training\training_words\1979.png,1979.png,Metsina,Metronidazole,datasetHand,training,,,,49
D:\ediprjcursor\data\RxHandBD-ML\Train_Set\P3626.jpg,P3626.jpg,Napa Extend,Paracetamol,RxHandBD-ML,train,Napa,exact_clean,100.0,55
D:\ediprjcursor\data\datasetHand\Training\training_words\1886.png,1886.png,Maxpro,Esomeprazole,datasetHand,training,,,,47
D:\ediprjcursor\data\datasetHand\Training\training_words\1294.png,1294.png,Filmet,Metronidazole,datasetHand,training,,,,32
D:\ediprjcursor\data\datasetHand\Training\training_words\2252.png,2252.png,Nexcap,Esomeprazole,datasetHand,training,,,,56
D:\ediprjcursor\data\datasetHand\Training\training_words\1067.png,1067.png,Esoral,Esomeprazole,datasetHand,training,,,,26
D:\ediprjcursor\data\datasetHand\Training\training_words\2019.png,2019.png,Monas,Montelukast Sodium,datasetHand,training,,,,50
D:\ediprjcursor\data\datasetHand\Training\training_words\1108.png,1108.png,Etizin,Cetirizine Hydrochloride,datasetHand,training,,,,27
D:\ediprjcursor\data\datasetHand\Training\training_words\2362.png,2362.png,Nizoder,Ketoconazole (Cream),datasetHand,training,,,,59
D:\ediprjcursor\data\datasetHand\Training\training_words\139.png,139.png,Amodis,Metronidazole,datasetHand,training,,,,3
D:\ediprjcursor\data\datasetHand\Training\training_words\445.png,445.png,Baclofen,Baclofen,datasetHand,training,,,,11
D:\ediprjcursor\data\datasetHand\Training\training_words\1808.png,1808.png,M-Kast,Montelukast Sodium,datasetHand,training,,,,45
D:\ediprjcursor\data\datasetHand\Training\training_words\256.png,256.png,Azithrocin,Azithromycin Dihydrate,datasetHand,training,,,,7
D:\ediprjcursor\data\datasetHand\Training\training_words\3035.png,3035.png,Trilock,Montelukast Sodium,datasetHand,training,,,,75
D:\ediprjcursor\data\datasetHand\Training\training_words\681.png,681.png,Candinil,Fluconazole,datasetHand,training,,,,17
D:\ediprjcursor\data\datasetHand\Training\training_words\2342.png,2342.png,Nidazyl,Metronidazole,datasetHand,training,,,,58
D:\ediprjcursor\data\datasetHand\Training\training_words\2567.png,2567.png,Provair,Montelukast Sodium,datasetHand,training,,,,64
D:\ediprjcursor\data\datasetHand\Training\training_words\971.png,971.png,Disopan,Clonazepam,datasetHand,training,,,,24
D:\ediprjcursor\data\datasetHand\Training\training_words\716.png,716.png,Candinil,Fluconazole,datasetHand,training,,,,17
D:\ediprjcursor\data\datasetHand\Training\training_words\1133.png,1133.png,Exium,Esomeprazole,datasetHand,training,,,,28
D:\ediprjcursor\data\datasetHand\Training\training_words\2831.png,2831.png,Rozith,Azithromycin Dihydrate,datasetHand,training,,,,70
D:\ediprjcursor\data\datasetHand\Training\training_words\886.png,886.png,Diflu,Fluconazole,datasetHand,training,,,,22
D:\ediprjcursor\data\datasetHand\Training\training_words\2331.png,2331.png,Nidazyl,Metronidazole,datasetHand,training,,,,58
D:\ediprjcursor\data\datasetHand\Training\training_words\1637.png,1637.png,Ketotab,Ketoconazole (Tablet),datasetHand,training,,,,40
D:\ediprjcursor\data\datasetHand\Training\training_words\2853.png,2853.png,Sergel,Esomeprazole,datasetHand,training,,,,71
D:\ediprjcursor\data\datasetHand\Training\training_words\698.png,698.png,Candinil,Fluconazole,datasetHand,training,,,,17
D:\ediprjcursor\data\datasetHand\Training\training_words\467.png,467.png,Baclofen,Baclofen,datasetHand,training,,,,11
D:\ediprjcursor\data\RxHandBD-ML\Train_Set\P5364.jpg,P5364.jpg,Filmet,Metronidazole,RxHandBD-ML,train,filmet,exact_clean,100.0,32
D:\ediprjcursor\data\datasetHand\Training\training_words\1357.png,1357.png,Fixal,Fexofenadine Hydrochloride,datasetHand,training,,,,33
D:\ediprjcursor\data\RxHandBD-ML\Train_Set\P5308.jpg,P5308.jpg,Napa Extend,Paracetamol,RxHandBD-ML,train,napa,exact_clean,100.0,55
D:\ediprjcursor\data\datasetHand\Training\training_words\1887.png,1887.png,Maxpro,Esomeprazole,datasetHand,training,,,,47
D:\ediprjcursor\data\datasetHand\Training\training_words\999.png,999.png,Disopan,Clonazepam,datasetHand,training,,,,24
D:\ediprjcursor\data\datasetHand\Training\training_words\1698.png,1698.png,Leptic,Clonazepam,datasetHand,training,,,,42
D:\ediprjcursor\data\datasetHand\Training\training_words\1675.png,1675.png,Ketozol,Ketoconazole (Shampoo),datasetHand,training,,,,41
D:\ediprjcursor\data\datasetHand\Training\training_words\1552.png,1552.png,Ketocon,Ketoconazole (Shampoo),datasetHand,training,,,,38
D:\ediprjcursor\data\datasetHand\Training\training_words\1575.png,1575.png,Ketoral,Ketoconazole (Tablet),datasetHand,training,,,,39
D:\ediprjcursor\data\datasetHand\Training\training_words\475.png,475.png,Baclofen,Baclofen,datasetHand,training,,,,11
D:\ediprjcursor\data\datasetHand\Training\training_words\290.png,290.png,Azyth,Azithromycin Dihydrate,datasetHand,training,,,,8
D:\ediprjcursor\data\datasetHand\Training\training_words\1836.png,1836.png,M-Kast,Montelukast Sodium,datasetHand,training,,,,45
D:\ediprjcursor\data\datasetHand\Training\training_words\1084.png,1084.png,Etizin,Cetirizine Hydrochloride,datasetHand,training,,,,27
D:\ediprjcursor\data\datasetHand\Training\training_words\730.png,730.png,Cetisoft,Cetirizine Hydrochloride,datasetHand,training,,,,18
D:\ediprjcursor\data\datasetHand\Training\training_words\2727.png,2727.png,Rivotril,Clonazepam,datasetHand,training,,,,68
D:\ediprjcursor\data\datasetHand\Training\training_words\1830.png,1830.png,M-Kast,Montelukast Sodium,datasetHand,training,,,,45
D:\ediprjcursor\data\datasetHand\Training\training_words\1986.png,1986.png,Metsina,Metronidazole,datasetHand,training,,,,49
D:\ediprjcursor\data\datasetHand\Training\training_words\2716.png,2716.png,Ritch,Fexofenadine Hydrochloride,datasetHand,training,,,,67
D:\ediprjcursor\data\datasetHand\Training\training_words\1491.png,1491.png,Flugal,Fluconazole,datasetHand,training,,,,37
D:\ediprjcursor\data\datasetHand\Training\training_words\2143.png,2143.png,Montex,Montelukast Sodium,datasetHand,training,,,,53
D:\ediprjcursor\data\datasetHand\Training\training_words\2552.png,2552.png,Progut,Esomeprazole,datasetHand,training,,,,63
D:\ediprjcursor\data\datasetHand\Training\training_words\2799.png,2799.png,Romycin,Azithromycin Dihydrate (Ophthalmic),datasetHand,training,,,,69
D:\ediprjcursor\data\datasetHand\Training\training_words\217.png,217.png,Axodin,Fexofenadine Hydrochloride,datasetHand,training,,,,5
D:\ediprjcursor\data\datasetHand\Training\training_words\1149.png,1149.png,Exium,Esomeprazole,datasetHand,training,,,,28
D:\ediprjcursor\data\RxHandBD-ML\Train_Set\P3300.jpg,P3300.jpg,Monas,Montelukast Sodium,RxHandBD-ML,train,Monas,exact_clean,100.0,50
D:\ediprjcursor\data\RxHandBD-ML\Train_Set\P3514.jpg,P3514.jpg,Napa Extend,Paracetamol,RxHandBD-ML,train,Napa,exact_clean,100.0,55
D:\ediprjcursor\data\datasetHand\Training\training_words\2512.png,2512.png,Opton,Esomeprazole,datasetHand,training,,,,62
D:\ediprjcursor\data\datasetHand\Training\training_words\2882.png,2882.png,Tamen,Paracetamol,datasetHand,training,,,,72
D:\ediprjcursor\data\datasetHand\Training\training_words\1405.png,1405.png,Flexibac,Baclofen,datasetHand,training,,,,35
D:\ediprjcursor\data\datasetHand\Training\training_words\183.png,183.png,Atrizin,Cetirizine Hydrochloride,datasetHand,training,,,,4
D:\ediprjcursor\data\datasetHand\Training\training_words\2980.png,2980.png,Tridosil,Azithromycin Dihydrate,datasetHand,training,,,,74
D:\ediprjcursor\data\datasetHand\Training\training_words\2788.png,2788.png,Romycin,Azithromycin Dihydrate (Ophthalmic),datasetHand,training,,,,69
D:\ediprjcursor\data\datasetHand\Training\training_words\2125.png,2125.png,Montex,Montelukast Sodium,datasetHand,training,,,,53
D:\ediprjcursor\data\datasetHand\Training\training_words\2909.png,2909.png,Tamen,Paracetamol,datasetHand,training,,,,72
D:\ediprjcursor\data\datasetHand\Training\training_words\2130.png,2130.png,Montex,Montelukast Sodium,datasetHand,training,,,,53
D:\ediprjcursor\data\datasetHand\Training\training_words\1197.png,1197.png,Fenadin,Fexofenadine Hydrochloride,datasetHand,training,,,,29
D:\ediprjcursor\data\datasetHand\Training\training_words\633.png,633.png,Bicozin,Vitamin B Complex + Zinc,datasetHand,training,,,,15
D:\ediprjcursor\data\datasetHand\Training\training_words\1029.png,1029.png,Esonix,Esomeprazole,datasetHand,training,,,,25
D:\ediprjcursor\data\datasetHand\Training\training_words\1975.png,1975.png,Metsina,Metronidazole,datasetHand,training,,,,49
D:\ediprjcursor\data\datasetHand\Training\training_words\2756.png,2756.png,Rivotril,Clonazepam,datasetHand,training,,,,68
D:\ediprjcursor\data\datasetHand\Training\training_words\527.png,527.png,Bacmax,Baclofen,datasetHand,training,,,,13
D:\ediprjcursor\data\datasetHand\Training\training_words\799.png,799.png,Conaz,Fluconazole,datasetHand,training,,,,19
D:\ediprjcursor\data\RxHandBD-ML\Train_Set\P2874.jpg,P2874.jpg,Maxima,Esomeprazole,RxHandBD-ML,train,Maxima,exact_clean,100.0,46
D:\ediprjcursor\data\datasetHand\Training\training_words\2072.png,2072.png,Montair,Montelukast Sodium,datasetHand,training,,,,51
D:\ediprjcursor\data\datasetHand\Training\training_words\1121.png,1121.png,Exium,Esomeprazole,datasetHand,training,,,,28
D:\ediprjcursor\data\RxHandBD-ML\Train_Set\P3301.jpg,P3301.jpg,Fexo,Fexofenadine Hydrochloride,RxHandBD-ML,train,Fexo,exact_clean,100.0,30
D:\ediprjcursor\data\datasetHand\Training\training_words\2763.png,2763.png,Romycin,Azithromycin Dihydrate (Ophthalmic),datasetHand,training,,,,69
D:\ediprjcursor\data\datasetHand\Training\training_words\1229.png,1229.png,Fexofast,Fexofenadine Hydrochloride,datasetHand,training,,,,31
D:\ediprjcursor\data\datasetHand\Training\training_words\1223.png,1223.png,Fexofast,Fexofenadine Hydrochloride,datasetHand,training,,,,31
D:\ediprjcursor\data\datasetHand\Training\training_words\2884.png,2884.png,Tamen,Paracetamol,datasetHand,training,,,,72
D:\ediprjcursor\data\datasetHand\Training\training_words\1386.png,1386.png,Flamyd,Metronidazole,datasetHand,training,,,,34
D:\ediprjcursor\data\datasetHand\Training\training_words\1069.png,1069.png,Esoral,Esomeprazole,datasetHand,training,,,,26
D:\ediprjcursor\data\datasetHand\Training\training_words\2196.png,2196.png,Napa Extend,Paracetamol,datasetHand,training,,,,55
D:\ediprjcursor\data\datasetHand\Training\training_words\1159.png,1159.png,Exium,Esomeprazole,datasetHand,training,,,,28
D:\ediprjcursor\data\datasetHand\Training\training_words\986.png,986.png,Disopan,Clonazepam,datasetHand,training,,,,24
D:\ediprjcursor\data\datasetHand\Training\training_words\2718.png,2718.png,Ritch,Fexofenadine Hydrochloride,datasetHand,training,,,,67
D:\ediprjcursor\data\datasetHand\Training\training_words\48.png,48.png,Ace,Paracetamol,datasetHand,training,,,,0
D:\ediprjcursor\data\datasetHand\Training\training_words\1354.png,1354.png,Fixal,Fexofenadine Hydrochloride,datasetHand,training,,,,33
D:\ediprjcursor\data\datasetHand\Training\training_words\85.png,85.png,Alatrol,Cetirizine Hydrochloride,datasetHand,training,,,,2
D:\ediprjcursor\data\datasetHand\Training\training_words\3051.png,3051.png,Vifas,Fexofenadine Hydrochloride,datasetHand,training,,,,76
D:\ediprjcursor\data\datasetHand\Training\training_words\1415.png,1415.png,Flexibac,Baclofen,datasetHand,training,,,,35
D:\ediprjcursor\data\datasetHand\Training\training_words\784.png,784.png,Conaz,Fluconazole,datasetHand,training,,,,19
D:\ediprjcursor\data\datasetHand\Training\training_words\2876.png,2876.png,Sergel,Esomeprazole,datasetHand,training,,,,71
D:\ediprjcursor\data\RxHandBD-ML\Train_Set\P4403.jpg,P4403.jpg,Maxpro,Esomeprazole,RxHandBD-ML,train,Maxpro,exact_clean,100.0,47
D:\ediprjcursor\data\datasetHand\Training\training_words\1989.png,1989.png,Metsina,Metronidazole,datasetHand,training,,,,49
D:\ediprjcursor\data\datasetHand\Training\training_words\1342.png,1342.png,Fixal,Fexofenadine Hydrochloride,datasetHand,training,,,,33
D:\ediprjcursor\data\datasetHand\Training\training_words\1579.png,1579.png,Ketoral,Ketoconazole (Tablet),datasetHand,training,,,,39
D:\ediprjcursor\data\datasetHand\Training\training_words\1948.png,1948.png,Metro,Metronidazole,datasetHand,training,,,,48
D:\ediprjcursor\data\datasetHand\Training\training_words\2523.png,2523.png,Progut,Esomeprazole,datasetHand,training,,,,63
D:\ediprjcursor\data\datasetHand\Training\training_words\1221.png,1221.png,Fexofast,Fexofenadine Hydrochloride,datasetHand,training,,,,31
D:\ediprjcursor\data\RxHandBD-ML\Train_Set\P2575.jpg,P2575.jpg,Napa Extend,Paracetamol,RxHandBD-ML,train,Napa Extend,exact_clean,100.0,55
D:\ediprjcursor\data\datasetHand\Training\training_words\2589.png,2589.png,Provair,Montelukast Sodium,datasetHand,training,,,,64
D:\ediprjcursor\data\datasetHand\Training\training_words\2857.png,2857.png,Sergel,Esomeprazole,datasetHand,training,,,,71
D:\ediprjcursor\data\datasetHand\Training\training_words\2680.png,2680.png,Ritch,Fexofenadine Hydrochloride,datasetHand,training,,,,67
D:\ediprjcursor\data\datasetHand\Training\training_words\815.png,815.png,Dancel,Ketoconazole (Shampoo),datasetHand,training,,,,20
D:\ediprjcursor\data\datasetHand\Training\training_words\541.png,541.png,Bacmax,Baclofen,datasetHand,training,,,,13
D:\ediprjcursor\data\datasetHand\Training\training_words\2051.png,2051.png,Montair,Montelukast Sodium,datasetHand,training,,,,51
D:\ediprjcursor\data\datasetHand\Training\training_words\2080.png,2080.png,Montene,Montelukast Sodium,datasetHand,training,,,,52
D:\ediprjcursor\data\datasetHand\Training\training_words\2974.png,2974.png,Tridosil,Azithromycin Dihydrate,datasetHand,training,,,,74
D:\ediprjcursor\data\datasetHand\Training\training_words\500.png,500.png,Baclon,Baclofen,datasetHand,training,,,,12
D:\ediprjcursor\data\datasetHand\Training\training_words\2692.png,2692.png,Ritch,Fexofenadine Hydrochloride,datasetHand,training,,,,67
D:\ediprjcursor\data\datasetHand\Training\training_words\2017.png,2017.png,Monas,Montelukast Sodium,datasetHand,training,,,,50
D:\ediprjcursor\data\datasetHand\Training\training_words\3093.png,3093.png,Zithrin,Azithromycin Dihydrate,datasetHand,training,,,,77
D:\ediprjcursor\data\datasetHand\Training\training_words\1034.png,1034.png,Esonix,Esomeprazole,datasetHand,training,,,,25
D:\ediprjcursor\data\datasetHand\Training\training_words\1316.png,1316.png,Filmet,Metronidazole,datasetHand,training,,,,32
D:\ediprjcursor\data\datasetHand\Training\training_words\3006.png,3006.png,Trilock,Montelukast Sodium,datasetHand,training,,,,75
D:\ediprjcursor\data\datasetHand\Training\training_words\1123.png,1123.png,Exium,Esomeprazole,datasetHand,training,,,,28
D:\ediprjcursor\data\datasetHand\Training\training_words\2922.png,2922.png,Telfast,Fexofenadine Hydrochloride,datasetHand,training,,,,73
D:\ediprjcursor\data\datasetHand\Training\training_words\2838.png,2838.png,Rozith,Azithromycin Dihydrate,datasetHand,training,,,,70
D:\ediprjcursor\data\datasetHand\Training\training_words\1247.png,1247.png,Fexo,Fexofenadine Hydrochloride,datasetHand,training,,,,30
D:\ediprjcursor\data\datasetHand\Training\training_words\1053.png,1053.png,Esoral,Esomeprazole,datasetHand,training,,,,26
D:\ediprjcursor\data\datasetHand\Training\training_words\2123.png,2123.png,Montex,Montelukast Sodium,datasetHand,training,,,,53
D:\ediprjcursor\data\datasetHand\Training\training_words\1633.png,1633.png,Ketotab,Ketoconazole (Tablet),datasetHand,training,,,,40
D:\ediprjcursor\data\datasetHand\Training\training_words\2764.png,2764.png,Romycin,Azithromycin Dihydrate (Ophthalmic),datasetHand,training,,,,69
D:\ediprjcursor\data\datasetHand\Training\training_words\2827.png,2827.png,Rozith,Azithromycin Dihydrate,datasetHand,training,,,,70
D:\ediprjcursor\data\datasetHand\Training\training_words\2868.png,2868.png,Sergel,Esomeprazole,datasetHand,training,,,,71
D:\ediprjcursor\data\datasetHand\Training\training_words\2202.png,2202.png,Napa,Paracetamol,datasetHand,training,,,,54
D:\ediprjcursor\data\datasetHand\Training\training_words\2325.png,2325.png,Nidazyl,Metronidazole,datasetHand,training,,,,58
D:\ediprjcursor\data\datasetHand\Training\training_words\877.png,877.png,Denixil,Clonazepam,datasetHand,training,,,,21
D:\ediprjcursor\data\datasetHand\Training\training_words\1375.png,1375.png,Flamyd,Metronidazole,datasetHand,training,,,,34
D:\ediprjcursor\data\datasetHand\Training\training_words\1144.png,1144.png,Exium,Esomeprazole,datasetHand,training,,,,28
D:\ediprjcursor\data\datasetHand\Training\training_words\210.png,210.png,Axodin,Fexofenadine Hydrochloride,datasetHand,training,,,,5
D:\ediprjcursor\data\datasetHand\Training\training_words\281.png,281.png,Azyth,Azithromycin Dihydrate,datasetHand,training,,,,8
D:\ediprjcursor\data\datasetHand\Training\training_words\1215.png,1215.png,Fexofast,Fexofenadine Hydrochloride,datasetHand,training,,,,31
D:\ediprjcursor\data\RxHandBD-ML\Train_Set\P3437.jpg,P3437.jpg,Napa Extend,Paracetamol,RxHandBD-ML,train,Napa,exact_clean,100.0,55
D:\ediprjcursor\data\datasetHand\Training\training_words\1355.png,1355.png,Fixal,Fexofenadine Hydrochloride,datasetHand,training,,,,33
D:\ediprjcursor\data\datasetHand\Training\training_words\924.png,924.png,Dinafex,Fexofenadine Hydrochloride,datasetHand,training,,,,23
D:\ediprjcursor\data\datasetHand\Training\training_words\1118.png,1118.png,Etizin,Cetirizine Hydrochloride,datasetHand,training,,,,27
D:\ediprjcursor\data\datasetHand\Training\training_words\1576.png,1576.png,Ketoral,Ketoconazole (Tablet),datasetHand,training,,,,39
D:\ediprjcursor\data\datasetHand\Training\training_words\2558.png,2558.png,Progut,Esomeprazole,datasetHand,training,,,,63
D:\ediprjcursor\data\datasetHand\Training\training_words\2760.png,2760.png,Romycin,Azithromycin Dihydrate (Ophthalmic),datasetHand,training,,,,69
D:\ediprjcursor\data\datasetHand\Training\training_words\3010.png,3010.png,Trilock,Montelukast Sodium,datasetHand,training,,,,75
D:\ediprjcursor\data\datasetHand\Training\training_words\2509.png,2509.png,Opton,Esomeprazole,datasetHand,training,,,,62
D:\ediprjcursor\data\datasetHand\Training\training_words\2520.png,2520.png,Progut,Esomeprazole,datasetHand,training,,,,63
D:\ediprjcursor\data\datasetHand\Training\training_words\1078.png,1078.png,Esoral,Esomeprazole,datasetHand,training,,,,26
D:\ediprjcursor\data\datasetHand\Training\training_words\343.png,343.png,Az,Azithromycin Dihydrate,datasetHand,training,,,,6
D:\ediprjcursor\data\datasetHand\Training\training_words\2261.png,2261.png,Nexcap,Esomeprazole,datasetHand,training,,,,56
D:\ediprjcursor\data\datasetHand\Training\training_words\1826.png,1826.png,M-Kast,Montelukast Sodium,datasetHand,training,,,,45
D:\ediprjcursor\data\datasetHand\Training\training_words\1120.png,1120.png,Exium,Esomeprazole,datasetHand,training,,,,28
D:\ediprjcursor\data\datasetHand\Training\training_words\1796.png,1796.png,Lumona,Montelukast Sodium,datasetHand,training,,,,44
D:\ediprjcursor\data\datasetHand\Training\training_words\95.png,95.png,Alatrol,Cetirizine Hydrochloride,datasetHand,training,,,,2
D:\ediprjcursor\data\datasetHand\Training\training_words\2990.png,2990.png,Tridosil,Azithromycin Dihydrate,datasetHand,training,,,,74
D:\ediprjcursor\data\RxHandBD-ML\Train_Set\P2526.jpg,P2526.jpg,Montair,Montelukast Sodium,RxHandBD-ML,train,Montair,exact_clean,100.0,51
D:\ediprjcursor\data\datasetHand\Training\training_words\3110.png,3110.png,Zithrin,Azithromycin Dihydrate,datasetHand,training,,,,77
D:\ediprjcursor\data\datasetHand\Training\training_words\8.png,8.png,Aceta,Paracetamol,datasetHand,training,,,,1
D:\ediprjcursor\data\datasetHand\Training\training_words\659.png,659.png,Canazole,Fluconazole,datasetHand,training,,,,16
D:\ediprjcursor\data\RxHandBD-ML\Train_Set\P2774.jpg,P2774.jpg,Monas,Montelukast Sodium,RxHandBD-ML,train,Monas,exact_clean,100.0,50
D:\ediprjcursor\data\datasetHand\Training\training_words\194.png,194.png,Atrizin,Cetirizine Hydrochloride,datasetHand,training,,,,4
D:\ediprjcursor\data\datasetHand\Training\training_words\1365.png,1365.png,Flamyd,Metronidazole,datasetHand,training,,,,34
D:\ediprjcursor\data\datasetHand\Training\training_words\2554.png,2554.png,Progut,Esomeprazole,datasetHand,training,,,,63
D:\ediprjcursor\data\datasetHand\Training\training_words\1441.png,1441.png,Flexilax,Baclofen,datasetHand,training,,,,36
D:\ediprjcursor\data\datasetHand\Training\training_words\603.png,603.png,Bicozin,Vitamin B Complex + Zinc,datasetHand,training,,,,15
D:\ediprjcursor\data\datasetHand\Training\training_words\3088.png,3088.png,Zithrin,Azithromycin Dihydrate,datasetHand,training,,,,77
D:\ediprjcursor\data\datasetHand\Training\training_words\1897.png,1897.png,Maxpro,Esomeprazole,datasetHand,training,,,,47
D:\ediprjcursor\data\datasetHand\Training\training_words\2011.png,2011.png,Monas,Montelukast Sodium,datasetHand,training,,,,50
D:\ediprjcursor\data\datasetHand\Training\training_words\354.png,354.png,Az,Azithromycin Dihydrate,datasetHand,training,,,,6
D:\ediprjcursor\data\datasetHand\Training\training_words\1625.png,1625.png,Ketotab,Ketoconazole (Tablet),datasetHand,training,,,,40
D:\ediprjcursor\data\RxHandBD-ML\Train_Set\P4326.jpg,P4326.jpg,Fexo,Fexofenadine Hydrochloride,RxHandBD-ML,train,Fexo,exact_clean,100.0,30
D:\ediprjcursor\data\datasetHand\Training\training_words\2059.png,2059.png,Montair,Montelukast Sodium,datasetHand,training,,,,51
D:\ediprjcursor\data\datasetHand\Training\training_words\123.png,123.png,Amodis,Metronidazole,datasetHand,training,,,,3
D:\ediprjcursor\data\datasetHand\Training\training_words\1134.png,1134.png,Exium,Esomeprazole,datasetHand,training,,,,28
D:\ediprjcursor\data\datasetHand\Training\training_words\2483.png,2483.png,Opton,Esomeprazole,datasetHand,training,,,,62
D:\ediprjcursor\data\datasetHand\Training\training_words\1688.png,1688.png,Leptic,Clonazepam,datasetHand,training,,,,42
D:\ediprjcursor\data\datasetHand\Training\training_words\233.png,233.png,Axodin,Fexofenadine Hydrochloride,datasetHand,training,,,,5
D:\ediprjcursor\data\datasetHand\Training\training_words\727.png,727.png,Cetisoft,Cetirizine Hydrochloride,datasetHand,training,,,,18
D:\ediprjcursor\data\datasetHand\Training\training_words\1780.png,1780.png,Lumona,Montelukast Sodium,datasetHand,training,,,,44
D:\ediprjcursor\data\datasetHand\Training\training_words\628.png,628.png,Bicozin,Vitamin B Complex + Zinc,datasetHand,training,,,,15
D:\ediprjcursor\data\RxHandBD-ML\Train_Set\P4388.jpg,P4388.jpg,Napa Extend,Paracetamol,RxHandBD-ML,train,Napa,exact_clean,100.0,55
D:\ediprjcursor\data\datasetHand\Training\training_words\619.png,619.png,Bicozin,Vitamin B Complex + Zinc,datasetHand,training,,,,15
D:\ediprjcursor\data\datasetHand\Training\training_words\2286.png,2286.png,Nexum,Esomeprazole,datasetHand,training,,,,57
D:\ediprjcursor\data\datasetHand\Training\training_words\2000.png,2000.png,Monas,Montelukast Sodium,datasetHand,training,,,,50
D:\ediprjcursor\data\datasetHand\Training\training_words\1130.png,1130.png,Exium,Esomeprazole,datasetHand,training,,,,28
D:\ediprjcursor\data\datasetHand\Training\training_words\589.png,589.png,Beklo,Baclofen,datasetHand,training,,,,14
D:\ediprjcursor\data\datasetHand\Training\training_words\2900.png,2900.png,Tamen,Paracetamol,datasetHand,training,,,,72
D:\ediprjcursor\data\RxHandBD-ML\Train_Set\P2618.jpg,P2618.jpg,Napa Extend,Paracetamol,RxHandBD-ML,train,Napa,exact_clean,100.0,55
D:\ediprjcursor\data\datasetHand\Training\training_words\959.png,959.png,Dinafex,Fexofenadine Hydrochloride,datasetHand,training,,,,23
D:\ediprjcursor\data\datasetHand\Training\training_words\278.png,278.png,Azithrocin,Azithromycin Dihydrate,datasetHand,training,,,,7
D:\ediprjcursor\data\RxHandBD-ML\Train_Set\P4389.jpg,P4389.jpg,Maxpro,Esomeprazole,RxHandBD-ML,train,Maxpro,exact_clean,100.0,47
D:\ediprjcursor\data\datasetHand\Training\training_words\400.png,400.png,Backtone,Baclofen,datasetHand,training,,,,10
D:\ediprjcursor\data\datasetHand\Training\training_words\1066.png,1066.png,Esoral,Esomeprazole,datasetHand,training,,,,26
D:\ediprjcursor\data\datasetHand\Training\training_words\3009.png,3009.png,Trilock,Montelukast Sodium,datasetHand,training,,,,75
D:\ediprjcursor\data\datasetHand\Training\training_words\2027.png,2027.png,Monas,Montelukast Sodium,datasetHand,training,,,,50
D:\ediprjcursor\data\datasetHand\Training\training_words\582.png,582.png,Beklo,Baclofen,datasetHand,training,,,,14
D:\ediprjcursor\data\datasetHand\Training\training_words\694.png,694.png,Candinil,Fluconazole,datasetHand,training,,,,17
D:\ediprjcursor\data\datasetHand\Training\training_words\560.png,560.png,Beklo,Baclofen,datasetHand,training,,,,14
D:\ediprjcursor\data\datasetHand\Training\training_words\1324.png,1324.png,Fixal,Fexofenadine Hydrochloride,datasetHand,training,,,,33
D:\ediprjcursor\data\datasetHand\Training\training_words\990.png,990.png,Disopan,Clonazepam,datasetHand,training,,,,24
D:\ediprjcursor\data\datasetHand\Training\training_words\1163.png,1163.png,Fenadin,Fexofenadine Hydrochloride,datasetHand,training,,,,29
D:\ediprjcursor\data\datasetHand\Training\training_words\2161.png,2161.png,Napa Extend,Paracetamol,datasetHand,training,,,,55
D:\ediprjcursor\data\datasetHand\Training\training_words\1520.png,1520.png,Ketocon,Ketoconazole (Shampoo),datasetHand,training,,,,38
D:\ediprjcursor\data\RxHandBD-ML\Train_Set\P2821.jpg,P2821.jpg,Ace,Paracetamol,RxHandBD-ML,train,Ace,exact_clean,100.0,0
D:\ediprjcursor\data\datasetHand\Training\training_words\846.png,846.png,Denixil,Clonazepam,datasetHand,training,,,,21
D:\ediprjcursor\data\datasetHand\Training\training_words\2947.png,2947.png,Telfast,Fexofenadine Hydrochloride,datasetHand,training,,,,73
D:\ediprjcursor\data\datasetHand\Training\training_words\1410.png,1410.png,Flexibac,Baclofen,datasetHand,training,,,,35
D:\ediprjcursor\data\datasetHand\Training\training_words\2170.png,2170.png,Napa Extend,Paracetamol,datasetHand,training,,,,55
D:\ediprjcursor\data\datasetHand\Training\training_words\1527.png,1527.png,Ketocon,Ketoconazole (Shampoo),datasetHand,training,,,,38
D:\ediprjcursor\data\datasetHand\Training\training_words\1508.png,1508.png,Flugal,Fluconazole,datasetHand,training,,,,37
D:\ediprjcursor\data\datasetHand\Training\training_words\266.png,266.png,Azithrocin,Azithromycin Dihydrate,datasetHand,training,,,,7
D:\ediprjcursor\data\datasetHand\Training\training_words\97.png,97.png,Alatrol,Cetirizine Hydrochloride,datasetHand,training,,,,2
D:\ediprjcursor\data\datasetHand\Training\training_words\2427.png,2427.png,Odmon,Montelukast Sodium,datasetHand,training,,,,60
D:\ediprjcursor\data\RxHandBD-ML\Train_Set\P2723.jpg,P2723.jpg,Napa Extend,Paracetamol,RxHandBD-ML,train,Napa,exact_clean,100.0,55
D:\ediprjcursor\data\datasetHand\Training\training_words\1922.png,1922.png,Metro,Metronidazole,datasetHand,training,,,,48
D:\ediprjcursor\data\datasetHand\Training\training_words\463.png,463.png,Baclofen,Baclofen,datasetHand,training,,,,11
D:\ediprjcursor\data\datasetHand\Training\training_words\30.png,30.png,Aceta,Paracetamol,datasetHand,training,,,,1
D:\ediprjcursor\data\datasetHand\Training\training_words\1445.png,1445.png,Flexilax,Baclofen,datasetHand,training,,,,36
D:\ediprjcursor\data\datasetHand\Training\training_words\2389.png,2389.png,Nizoder,Ketoconazole (Cream),datasetHand,training,,,,59
D:\ediprjcursor\data\datasetHand\Training\training_words\2249.png,2249.png,Nexcap,Esomeprazole,datasetHand,training,,,,56
D:\ediprjcursor\data\datasetHand\Training\training_words\1387.png,1387.png,Flamyd,Metronidazole,datasetHand,training,,,,34
D:\ediprjcursor\data\datasetHand\Training\training_words\1018.png,1018.png,Esonix,Esomeprazole,datasetHand,training,,,,25
D:\ediprjcursor\data\datasetHand\Training\training_words\732.png,732.png,Cetisoft,Cetirizine Hydrochloride,datasetHand,training,,,,18
D:\ediprjcursor\data\datasetHand\Training\training_words\2746.png,2746.png,Rivotril,Clonazepam,datasetHand,training,,,,68
D:\ediprjcursor\data\datasetHand\Training\training_words\1110.png,1110.png,Etizin,Cetirizine Hydrochloride,datasetHand,training,,,,27
D:\ediprjcursor\data\datasetHand\Training\training_words\1285.png,1285.png,Filmet,Metronidazole,datasetHand,training,,,,32
D:\ediprjcursor\data\datasetHand\Training\training_words\2237.png,2237.png,Napa,Paracetamol,datasetHand,training,,,,54
D:\ediprjcursor\data\datasetHand\Training\training_words\696.png,696.png,Candinil,Fluconazole,datasetHand,training,,,,17
D:\ediprjcursor\data\datasetHand\Training\training_words\948.png,948.png,Dinafex,Fexofenadine Hydrochloride,datasetHand,training,,,,23
D:\ediprjcursor\data\datasetHand\Training\training_words\480.png,480.png,Baclon,Baclofen,datasetHand,training,,,,12
D:\ediprjcursor\data\datasetHand\Training\training_words\178.png,178.png,Atrizin,Cetirizine Hydrochloride,datasetHand,training,,,,4
D:\ediprjcursor\data\datasetHand\Training\training_words\359.png,359.png,Az,Azithromycin Dihydrate,datasetHand,training,,,,6
D:\ediprjcursor\data\datasetHand\Training\training_words\439.png,439.png,Backtone,Baclofen,datasetHand,training,,,,10
D:\ediprjcursor\data\datasetHand\Training\training_words\2407.png,2407.png,Odmon,Montelukast Sodium,datasetHand,training,,,,60
D:\ediprjcursor\data\datasetHand\Training\training_words\1005.png,1005.png,Esonix,Esomeprazole,datasetHand,training,,,,25
D:\ediprjcursor\data\datasetHand\Training\training_words\1091.png,1091.png,Etizin,Cetirizine Hydrochloride,datasetHand,training,,,,27
D:\ediprjcursor\data\datasetHand\Training\training_words\1943.png,1943.png,Metro,Metronidazole,datasetHand,training,,,,48
D:\ediprjcursor\data\datasetHand\Training\training_words\477.png,477.png,Baclofen,Baclofen,datasetHand,training,,,,11
D:\ediprjcursor\data\datasetHand\Training\training_words\2421.png,2421.png,Odmon,Montelukast Sodium,datasetHand,training,,,,60
D:\ediprjcursor\data\RxHandBD-ML\Train_Set\P4486.jpg,P4486.jpg,Fenadin,Fexofenadine Hydrochloride,RxHandBD-ML,train,fenadin,exact_clean,100.0,29
D:\ediprjcursor\data\datasetHand\Training\training_words\1740.png,1740.png,Lucan-R,Fluconazole,datasetHand,training,,,,43
D:\ediprjcursor\data\datasetHand\Training\training_words\3077.png,3077.png,Vifas,Fexofenadine Hydrochloride,datasetHand,training,,,,76
D:\ediprjcursor\data\datasetHand\Training\training_words\3019.png,3019.png,Trilock,Montelukast Sodium,datasetHand,training,,,,75
D:\ediprjcursor\data\datasetHand\Training\training_words\1075.png,1075.png,Esoral,Esomeprazole,datasetHand,training,,,,26
D:\ediprjcursor\data\datasetHand\Training\training_words\1153.png,1153.png,Exium,Esomeprazole,datasetHand,training,,,,28
D:\ediprjcursor\data\datasetHand\Training\training_words\2401.png,2401.png,Odmon,Montelukast Sodium,datasetHand,training,,,,60
D:\ediprjcursor\data\datasetHand\Training\training_words\166.png,166.png,Atrizin,Cetirizine Hydrochloride,datasetHand,training,,,,4
D:\ediprjcursor\data\datasetHand\Training\training_words\1997.png,1997.png,Metsina,Metronidazole,datasetHand,training,,,,49
D:\ediprjcursor\data\datasetHand\Training\training_words\2656.png,2656.png,Rhinil,Cetirizine Hydrochloride,datasetHand,training,,,,66
D:\ediprjcursor\data\datasetHand\Training\training_words\2239.png,2239.png,Napa,Paracetamol,datasetHand,training,,,,54
D:\ediprjcursor\data\datasetHand\Training\training_words\2229.png,2229.png,Napa,Paracetamol,datasetHand,training,,,,54
D:\ediprjcursor\data\datasetHand\Training\training_words\1514.png,1514.png,Flugal,Fluconazole,datasetHand,training,,,,37
D:\ediprjcursor\data\datasetHand\Training\training_words\804.png,804.png,Dancel,Ketoconazole (Shampoo),datasetHand,training,,,,20
D:\ediprjcursor\data\datasetHand\Training\training_words\2064.png,2064.png,Montair,Montelukast Sodium,datasetHand,training,,,,51
D:\ediprjcursor\data\datasetHand\Training\training_words\2669.png,2669.png,Rhinil,Cetirizine Hydrochloride,datasetHand,training,,,,66
D:\ediprjcursor\data\datasetHand\Training\training_words\2036.png,2036.png,Monas,Montelukast Sodium,datasetHand,training,,,,50
D:\ediprjcursor\data\datasetHand\Training\training_words\22.png,22.png,Aceta,Paracetamol,datasetHand,training,,,,1
D:\ediprjcursor\data\datasetHand\Training\training_words\2288.png,2288.png,Nexum,Esomeprazole,datasetHand,training,,,,57
D:\ediprjcursor\data\RxHandBD-ML\Train_Set\P3907.jpg,P3907.jpg,Napa Extend,Paracetamol,RxHandBD-ML,train,Napa,exact_clean,100.0,55
D:\ediprjcursor\data\datasetHand\Training\training_words\901.png,901.png,Diflu,Fluconazole,datasetHand,training,,,,22
D:\ediprjcursor\data\RxHandBD-ML\Train_Set\P3390.jpg,P3390.jpg,Rivotril,Clonazepam,RxHandBD-ML,train,Rivotril,exact_clean,100.0,68
D:\ediprjcursor\data\datasetHand\Training\training_words\1991.png,1991.png,Metsina,Metronidazole,datasetHand,training,,,,49
D:\ediprjcursor\data\datasetHand\Training\training_words\980.png,980.png,Disopan,Clonazepam,datasetHand,training,,,,24
D:\ediprjcursor\data\datasetHand\Training\training_words\1894.png,1894.png,Maxpro,Esomeprazole,datasetHand,training,,,,47
D:\ediprjcursor\data\datasetHand\Training\training_words\444.png,444.png,Baclofen,Baclofen,datasetHand,training,,,,11
D:\ediprjcursor\data\datasetHand\Training\training_words\481.png,481.png,Baclon,Baclofen,datasetHand,training,,,,12
D:\ediprjcursor\data\datasetHand\Training\training_words\1413.png,1413.png,Flexibac,Baclofen,datasetHand,training,,,,35
D:\ediprjcursor\data\datasetHand\Training\training_words\624.png,624.png,Bicozin,Vitamin B Complex + Zinc,datasetHand,training,,,,15
D:\ediprjcursor\data\datasetHand\Training\training_words\754.png,754.png,Cetisoft,Cetirizine Hydrochloride,datasetHand,training,,,,18
D:\ediprjcursor\data\datasetHand\Training\training_words\1603.png,1603.png,Ketotab,Ketoconazole (Tablet),datasetHand,training,,,,40
D:\ediprjcursor\data\RxHandBD-ML\Train_Set\P5040.jpg,P5040.jpg,Monas,Montelukast Sodium,RxHandBD-ML,train,monas,exact_clean,100.0,50
D:\ediprjcursor\data\datasetHand\Training\training_words\510.png,510.png,Baclon,Baclofen,datasetHand,training,,,,12
D:\ediprjcursor\data\datasetHand\Training\training_words\3086.png,3086.png,Zithrin,Azithromycin Dihydrate,datasetHand,training,,,,77
D:\ediprjcursor\data\datasetHand\Training\training_words\795.png,795.png,Conaz,Fluconazole,datasetHand,training,,,,19
D:\ediprjcursor\data\datasetHand\Training\training_words\1983.png,1983.png,Metsina,Metronidazole,datasetHand,training,,,,49
D:\ediprjcursor\data\datasetHand\Training\training_words\906.png,906.png,Diflu,Fluconazole,datasetHand,training,,,,22
D:\ediprjcursor\data\datasetHand\Training\training_words\452.png,452.png,Baclofen,Baclofen,datasetHand,training,,,,11
D:\ediprjcursor\data\datasetHand\Training\training_words\1186.png,1186.png,Fenadin,Fexofenadine Hydrochloride,datasetHand,training,,,,29
D:\ediprjcursor\data\datasetHand\Training\training_words\1486.png,1486.png,Flugal,Fluconazole,datasetHand,training,,,,37
D:\ediprjcursor\data\datasetHand\Training\training_words\1230.png,1230.png,Fexofast,Fexofenadine Hydrochloride,datasetHand,training,,,,31
D:\ediprjcursor\data\datasetHand\Training\training_words\2282.png,2282.png,Nexum,Esomeprazole,datasetHand,training,,,,57
D:\ediprjcursor\data\datasetHand\Training\training_words\2690.png,2690.png,Ritch,Fexofenadine Hydrochloride,datasetHand,training,,,,67
D:\ediprjcursor\data\datasetHand\Training\training_words\1803.png,1803.png,M-Kast,Montelukast Sodium,datasetHand,training,,,,45
D:\ediprjcursor\data\datasetHand\Training\training_words\643.png,643.png,Canazole,Fluconazole,datasetHand,training,,,,16
D:\ediprjcursor\data\datasetHand\Training\training_words\2247.png,2247.png,Nexcap,Esomeprazole,datasetHand,training,,,,56
D:\ediprjcursor\data\RxHandBD-ML\Train_Set\P3903.jpg,P3903.jpg,Vifas,Fexofenadine Hydrochloride,RxHandBD-ML,train,Vifas,exact_clean,100.0,76
D:\ediprjcursor\data\datasetHand\Training\training_words\2048.png,2048.png,Montair,Montelukast Sodium,datasetHand,training,,,,51
D:\ediprjcursor\data\datasetHand\Training\training_words\1723.png,1723.png,Lucan-R,Fluconazole,datasetHand,training,,,,43
D:\ediprjcursor\data\datasetHand\Training\training_words\2458.png,2458.png,Omastin,Fluconazole,datasetHand,training,,,,61
D:\ediprjcursor\data\RxHandBD-ML\Train_Set\P2923.jpg,P2923.jpg,Montene,Montelukast Sodium,RxHandBD-ML,train,Montene,exact_clean,100.0,52
D:\ediprjcursor\data\datasetHand\Training\training_words\2001.png,2001.png,Monas,Montelukast Sodium,datasetHand,training,,,,50
D:\ediprjcursor\data\datasetHand\Training\training_words\1768.png,1768.png,Lumona,Montelukast Sodium,datasetHand,training,,,,44
D:\ediprjcursor\data\datasetHand\Training\training_words\1793.png,1793.png,Lumona,Montelukast Sodium,datasetHand,training,,,,44
D:\ediprjcursor\data\RxHandBD-ML\Train_Set\P2961.jpg,P2961.jpg,Nexum,Esomeprazole,RxHandBD-ML,train,Nexum,exact_clean,100.0,57
D:\ediprjcursor\data\datasetHand\Training\training_words\976.png,976.png,Disopan,Clonazepam,datasetHand,training,,,,24
D:\ediprjcursor\data\datasetHand\Training\training_words\1061.png,1061.png,Esoral,Esomeprazole,datasetHand,training,,,,26
D:\ediprjcursor\data\datasetHand\Training\training_words\1898.png,1898.png,Maxpro,Esomeprazole,datasetHand,training,,,,47
D:\ediprjcursor\data\datasetHand\Training\training_words\2156.png,2156.png,Montex,Montelukast Sodium,datasetHand,training,,,,53
D:\ediprjcursor\data\datasetHand\Training\training_words\2860.png,2860.png,Sergel,Esomeprazole,datasetHand,training,,,,71
D:\ediprjcursor\data\datasetHand\Training\training_words\910.png,910.png,Diflu,Fluconazole,datasetHand,training,,,,22
D:\ediprjcursor\data\datasetHand\Training\training_words\1716.png,1716.png,Leptic,Clonazepam,datasetHand,training,,,,42
D:\ediprjcursor\data\datasetHand\Training\training_words\513.png,513.png,Baclon,Baclofen,datasetHand,training,,,,12
D:\ediprjcursor\data\datasetHand\Training\training_words\1757.png,1757.png,Lucan-R,Fluconazole,datasetHand,training,,,,43
D:\ediprjcursor\data\datasetHand\Training\training_words\2052.png,2052.png,Montair,Montelukast Sodium,datasetHand,training,,,,51
D:\ediprjcursor\data\datasetHand\Training\training_words\350.png,350.png,Az,Azithromycin Dihydrate,datasetHand,training,,,,6
D:\ediprjcursor\data\datasetHand\Training\training_words\2633.png,2633.png,Renova,Paracetamol,datasetHand,training,,,,65
D:\ediprjcursor\data\datasetHand\Training\training_words\1544.png,1544.png,Ketocon,Ketoconazole (Shampoo),datasetHand,training,,,,38
D:\ediprjcursor\data\datasetHand\Training\training_words\1347.png,1347.png,Fixal,Fexofenadine Hydrochloride,datasetHand,training,,,,33
D:\ediprjcursor\data\datasetHand\Training\training_words\701.png,701.png,Candinil,Fluconazole,datasetHand,training,,,,17
D:\ediprjcursor\data\datasetHand\Training\training_words\709.png,709.png,Candinil,Fluconazole,datasetHand,training,,,,17
D:\ediprjcursor\data\datasetHand\Training\training_words\1874.png,1874.png,Maxima,Esomeprazole,datasetHand,training,,,,46
D:\ediprjcursor\data\datasetHand\Training\training_words\31.png,31.png,Aceta,Paracetamol,datasetHand,training,,,,1
D:\ediprjcursor\data\datasetHand\Training\training_words\1443.png,1443.png,Flexilax,Baclofen,datasetHand,training,,,,36
D:\ediprjcursor\data\RxHandBD-ML\Train_Set\P3059.jpg,P3059.jpg,Nexum,Esomeprazole,RxHandBD-ML,train,Nexum,exact_clean,100.0,57
D:\ediprjcursor\data\datasetHand\Training\training_words\2806.png,2806.png,Rozith,Azithromycin Dihydrate,datasetHand,training,,,,70
D:\ediprjcursor\data\datasetHand\Training\training_words\1831.png,1831.png,M-Kast,Montelukast Sodium,datasetHand,training,,,,45
D:\ediprjcursor\data\datasetHand\Training\training_words\2007.png,2007.png,Monas,Montelukast Sodium,datasetHand,training,,,,50
D:\ediprjcursor\data\datasetHand\Training\training_words\2285.png,2285.png,Nexum,Esomeprazole,datasetHand,training,,,,57
D:\ediprjcursor\data\datasetHand\Training\training_words\2233.png,2233.png,Napa,Paracetamol,datasetHand,training,,,,54
D:\ediprjcursor\data\datasetHand\Training\training_words\1741.png,1741.png,Lucan-R,Fluconazole,datasetHand,training,,,,43
D:\ediprjcursor\data\datasetHand\Training\training_words\2486.png,2486.png,Opton,Esomeprazole,datasetHand,training,,,,62
D:\ediprjcursor\data\datasetHand\Training\training_words\2235.png,2235.png,Napa,Paracetamol,datasetHand,training,,,,54
D:\ediprjcursor\data\datasetHand\Training\training_words\267.png,267.png,Azithrocin,Azithromycin Dihydrate,datasetHand,training,,,,7
D:\ediprjcursor\data\datasetHand\Training\training_words\1473.png,1473.png,Flexilax,Baclofen,datasetHand,training,,,,36
D:\ediprjcursor\data\RxHandBD-ML\Train_Set\P5394.jpg,P5394.jpg,Flamyd,Metronidazole,RxHandBD-ML,train,flamyd,exact_clean,100.0,34
D:\ediprjcursor\data\datasetHand\Training\training_words\2268.png,2268.png,Nexcap,Esomeprazole,datasetHand,training,,,,56
D:\ediprjcursor\data\datasetHand\Training\training_words\1303.png,1303.png,Filmet,Metronidazole,datasetHand,training,,,,32
D:\ediprjcursor\data\datasetHand\Training\training_words\895.png,895.png,Diflu,Fluconazole,datasetHand,training,,,,22
D:\ediprjcursor\data\datasetHand\Training\training_words\1824.png,1824.png,M-Kast,Montelukast Sodium,datasetHand,training,,,,45
D:\ediprjcursor\data\datasetHand\Training\training_words\371.png,371.png,Bacaid,Baclofen,datasetHand,training,,,,9
D:\ediprjcursor\data\datasetHand\Training\training_words\1774.png,1774.png,Lumona,Montelukast Sodium,datasetHand,training,,,,44
D:\ediprjcursor\data\datasetHand\Training\training_words\2710.png,2710.png,Ritch,Fexofenadine Hydrochloride,datasetHand,training,,,,67
D:\ediprjcursor\data\datasetHand\Training\training_words\812.png,812.png,Dancel,Ketoconazole (Shampoo),datasetHand,training,,,,20
D:\ediprjcursor\data\datasetHand\Training\training_words\409.png,409.png,Backtone,Baclofen,datasetHand,training,,,,10
D:\ediprjcursor\data\datasetHand\Training\training_words\1104.png,1104.png,Etizin,Cetirizine Hydrochloride,datasetHand,training,,,,27
D:\ediprjcursor\data\datasetHand\Training\training_words\2500.png,2500.png,Opton,Esomeprazole,datasetHand,training,,,,62
D:\ediprjcursor\data\datasetHand\Training\training_words\1513.png,1513.png,Flugal,Fluconazole,datasetHand,training,,,,37
D:\ediprjcursor\data\datasetHand\Training\training_words\1289.png,1289.png,Filmet,Metronidazole,datasetHand,training,,,,32
D:\ediprjcursor\data\datasetHand\Training\training_words\1081.png,1081.png,Etizin,Cetirizine Hydrochloride,datasetHand,training,,,,27
D:\ediprjcursor\data\datasetHand\Training\training_words\1502.png,1502.png,Flugal,Fluconazole,datasetHand,training,,,,37
D:\ediprjcursor\data\datasetHand\Training\training_words\2087.png,2087.png,Montene,Montelukast Sodium,datasetHand,training,,,,52
D:\ediprjcursor\data\datasetHand\Training\training_words\98.png,98.png,Alatrol,Cetirizine Hydrochloride,datasetHand,training,,,,2
D:\ediprjcursor\data\datasetHand\Training\training_words\2636.png,2636.png,Renova,Paracetamol,datasetHand,training,,,,65
D:\ediprjcursor\data\datasetHand\Training\training_words\1771.png,1771.png,Lumona,Montelukast Sodium,datasetHand,training,,,,44
D:\ediprjcursor\data\datasetHand\Training\training_words\2663.png,2663.png,Rhinil,Cetirizine Hydrochloride,datasetHand,training,,,,66
D:\ediprjcursor\data\datasetHand\Training\training_words\1004.png,1004.png,Esonix,Esomeprazole,datasetHand,training,,,,25
D:\ediprjcursor\data\RxHandBD-ML\Train_Set\P1924.jpg,P1924.jpg,Maxpro,Esomeprazole,RxHandBD-ML,train,Maxpro,exact_clean,100.0,47
D:\ediprjcursor\data\RxHandBD-ML\Train_Set\P2361.jpg,P2361.jpg,Rivotril,Clonazepam,RxHandBD-ML,train,Rivotril,exact_clean,100.0,68
D:\ediprjcursor\data\datasetHand\Training\training_words\2241.png,2241.png,Nexcap,Esomeprazole,datasetHand,training,,,,56
D:\ediprjcursor\data\datasetHand\Training\training_words\695.png,695.png,Candinil,Fluconazole,datasetHand,training,,,,17
D:\ediprjcursor\data\datasetHand\Training\training_words\1176.png,1176.png,Fenadin,Fexofenadine Hydrochloride,datasetHand,training,,,,29
D:\ediprjcursor\data\datasetHand\Training\training_words\36.png,36.png,Aceta,Paracetamol,datasetHand,training,,,,1
D:\ediprjcursor\data\datasetHand\Training\training_words\2506.png,2506.png,Opton,Esomeprazole,datasetHand,training,,,,62
D:\ediprjcursor\data\RxHandBD-ML\Train_Set\P3071.jpg,P3071.jpg,Montene,Montelukast Sodium,RxHandBD-ML,train,Montene,exact_clean,100.0,52
D:\ediprjcursor\data\datasetHand\Training\training_words\42.png,42.png,Ace,Paracetamol,datasetHand,training,,,,0
D:\ediprjcursor\data\datasetHand\Training\training_words\391.png,391.png,Bacaid,Baclofen,datasetHand,training,,,,9
D:\ediprjcursor\data\datasetHand\Training\training_words\789.png,789.png,Conaz,Fluconazole,datasetHand,training,,,,19
D:\ediprjcursor\data\datasetHand\Training\training_words\2501.png,2501.png,Opton,Esomeprazole,datasetHand,training,,,,62
D:\ediprjcursor\data\datasetHand\Training\training_words\663.png,663.png,Canazole,Fluconazole,datasetHand,training,,,,16
D:\ediprjcursor\data\datasetHand\Training\training_words\418.png,418.png,Backtone,Baclofen,datasetHand,training,,,,10
D:\ediprjcursor\data\datasetHand\Training\training_words\670.png,670.png,Canazole,Fluconazole,datasetHand,training,,,,16
D:\ediprjcursor\data\datasetHand\Training\training_words\438.png,438.png,Backtone,Baclofen,datasetHand,training,,,,10
D:\ediprjcursor\data\datasetHand\Training\training_words\1023.png,1023.png,Esonix,Esomeprazole,datasetHand,training,,,,25
D:\ediprjcursor\data\datasetHand\Training\training_words\3038.png,3038.png,Trilock,Montelukast Sodium,datasetHand,training,,,,75
D:\ediprjcursor\data\datasetHand\Training\training_words\2897.png,2897.png,Tamen,Paracetamol,datasetHand,training,,,,72
D:\ediprjcursor\data\datasetHand\Training\training_words\2645.png,2645.png,Rhinil,Cetirizine Hydrochloride,datasetHand,training,,,,66
D:\ediprjcursor\data\datasetHand\Training\training_words\2154.png,2154.png,Montex,Montelukast Sodium,datasetHand,training,,,,53
D:\ediprjcursor\data\datasetHand\Training\training_words\2535.png,2535.png,Progut,Esomeprazole,datasetHand,training,,,,63
D:\ediprjcursor\data\datasetHand\Training\training_words\881.png,881.png,Diflu,Fluconazole,datasetHand,training,,,,22
D:\ediprjcursor\data\RxHandBD-ML\Train_Set\P3807.jpg,P3807.jpg,Napa Extend,Paracetamol,RxHandBD-ML,train,Napa,exact_clean,100.0,55
D:\ediprjcursor\data\datasetHand\Training\training_words\298.png,298.png,Azyth,Azithromycin Dihydrate,datasetHand,training,,,,8
D:\ediprjcursor\data\datasetHand\Training\training_words\205.png,205.png,Axodin,Fexofenadine Hydrochloride,datasetHand,training,,,,5
D:\ediprjcursor\data\datasetHand\Training\training_words\929.png,929.png,Dinafex,Fexofenadine Hydrochloride,datasetHand,training,,,,23
D:\ediprjcursor\data\datasetHand\Training\training_words\862.png,862.png,Denixil,Clonazepam,datasetHand,training,,,,21
D:\ediprjcursor\data\datasetHand\Training\training_words\2293.png,2293.png,Nexum,Esomeprazole,datasetHand,training,,,,57
D:\ediprjcursor\data\datasetHand\Training\training_words\649.png,649.png,Canazole,Fluconazole,datasetHand,training,,,,16
D:\ediprjcursor\data\datasetHand\Training\training_words\1960.png,1960.png,Metsina,Metronidazole,datasetHand,training,,,,49
D:\ediprjcursor\data\datasetHand\Training\training_words\221.png,221.png,Axodin,Fexofenadine Hydrochloride,datasetHand,training,,,,5
D:\ediprjcursor\data\datasetHand\Training\training_words\2068.png,2068.png,Montair,Montelukast Sodium,datasetHand,training,,,,51
D:\ediprjcursor\data\datasetHand\Training\training_words\2461.png,2461.png,Omastin,Fluconazole,datasetHand,training,,,,61
D:\ediprjcursor\data\datasetHand\Training\training_words\549.png,549.png,Bacmax,Baclofen,datasetHand,training,,,,13
D:\ediprjcursor\data\datasetHand\Training\training_words\827.png,827.png,Dancel,Ketoconazole (Shampoo),datasetHand,training,,,,20
D:\ediprjcursor\data\datasetHand\Training\training_words\1504.png,1504.png,Flugal,Fluconazole,datasetHand,training,,,,37
D:\ediprjcursor\data\datasetHand\Training\training_words\3059.png,3059.png,Vifas,Fexofenadine Hydrochloride,datasetHand,training,,,,76
D:\ediprjcursor\data\datasetHand\Training\training_words\2965.png,2965.png,Tridosil,Azithromycin Dihydrate,datasetHand,training,,,,74
D:\ediprjcursor\data\datasetHand\Training\training_words\2931.png,2931.png,Telfast,Fexofenadine Hydrochloride,datasetHand,training,,,,73
D:\ediprjcursor\data\datasetHand\Training\training_words\3104.png,3104.png,Zithrin,Azithromycin Dihydrate,datasetHand,training,,,,77
D:\ediprjcursor\data\datasetHand\Training\training_words\1085.png,1085.png,Etizin,Cetirizine Hydrochloride,datasetHand,training,,,,27
D:\ediprjcursor\data\datasetHand\Training\training_words\522.png,522.png,Bacmax,Baclofen,datasetHand,training,,,,13
D:\ediprjcursor\data\datasetHand\Training\training_words\1190.png,1190.png,Fenadin,Fexofenadine Hydrochloride,datasetHand,training,,,,29
D:\ediprjcursor\data\datasetHand\Training\training_words\2397.png,2397.png,Nizoder,Ketoconazole (Cream),datasetHand,training,,,,59
D:\ediprjcursor\data\datasetHand\Training\training_words\412.png,412.png,Backtone,Baclofen,datasetHand,training,,,,10
D:\ediprjcursor\data\datasetHand\Training\training_words\1704.png,1704.png,Leptic,Clonazepam,datasetHand,training,,,,42
D:\ediprjcursor\data\datasetHand\Training\training_words\913.png,913.png,Diflu,Fluconazole,datasetHand,training,,,,22
D:\ediprjcursor\data\datasetHand\Training\training_words\1461.png,1461.png,Flexilax,Baclofen,datasetHand,training,,,,36
D:\ediprjcursor\data\datasetHand\Training\training_words\2671.png,2671.png,Rhinil,Cetirizine Hydrochloride,datasetHand,training,,,,66
D:\ediprjcursor\data\datasetHand\Training\training_words\2521.png,2521.png,Progut,Esomeprazole,datasetHand,training,,,,63
D:\ediprjcursor\data\datasetHand\Training\training_words\1674.png,1674.png,Ketozol,Ketoconazole (Shampoo),datasetHand,training,,,,41
D:\ediprjcursor\data\RxHandBD-ML\Train_Set\P2295.jpg,P2295.jpg,Montene,Montelukast Sodium,RxHandBD-ML,train,Montene,exact_clean,100.0,52
D:\ediprjcursor\data\datasetHand\Training\training_words\2159.png,2159.png,Montex,Montelukast Sodium,datasetHand,training,,,,53
D:\ediprjcursor\data\datasetHand\Training\training_words\437.png,437.png,Backtone,Baclofen,datasetHand,training,,,,10
D:\ediprjcursor\data\datasetHand\Training\training_words\1910.png,1910.png,Maxpro,Esomeprazole,datasetHand,training,,,,47
D:\ediprjcursor\data\datasetHand\Training\training_words\618.png,618.png,Bicozin,Vitamin B Complex + Zinc,datasetHand,training,,,,15
D:\ediprjcursor\data\datasetHand\Training\training_words\2638.png,2638.png,Renova,Paracetamol,datasetHand,training,,,,65
D:\ediprjcursor\data\datasetHand\Training\training_words\2893.png,2893.png,Tamen,Paracetamol,datasetHand,training,,,,72
D:\ediprjcursor\data\RxHandBD-ML\Train_Set\P5287.jpg,P5287.jpg,Progut,Esomeprazole,RxHandBD-ML,train,progut,exact_clean,100.0,63
D:\ediprjcursor\data\datasetHand\Training\training_words\3007.png,3007.png,Trilock,Montelukast Sodium,datasetHand,training,,,,75
D:\ediprjcursor\data\RxHandBD-ML\Train_Set\P5073.jpg,P5073.jpg,Rivotril,Clonazepam,RxHandBD-ML,train,rivotril,exact_clean,100.0,68
D:\ediprjcursor\data\datasetHand\Training\training_words\1366.png,1366.png,Flamyd,Metronidazole,datasetHand,training,,,,34
D:\ediprjcursor\data\datasetHand\Training\training_words\1650.png,1650.png,Ketozol,Ketoconazole (Shampoo),datasetHand,training,,,,41
D:\ediprjcursor\data\datasetHand\Training\training_words\987.png,987.png,Disopan,Clonazepam,datasetHand,training,,,,24
D:\ediprjcursor\data\RxHandBD-ML\Train_Set\P2965.jpg,P2965.jpg,Montene,Montelukast Sodium,RxHandBD-ML,train,Montene,exact_clean,100.0,52
D:\ediprjcursor\data\datasetHand\Training\training_words\1955.png,1955.png,Metro,Metronidazole,datasetHand,training,,,,48
D:\ediprjcursor\data\datasetHand\Training\training_words\2751.png,2751.png,Rivotril,Clonazepam,datasetHand,training,,,,68
D:\ediprjcursor\data\RxHandBD-ML\Train_Set\P4746.jpg,P4746.jpg,Napa Extend,Paracetamol,RxHandBD-ML,train,napa,exact_clean,100.0,55
D:\ediprjcursor\data\datasetHand\Training\training_words\1677.png,1677.png,Ketozol,Ketoconazole (Shampoo),datasetHand,training,,,,41
D:\ediprjcursor\data\datasetHand\Training\training_words\253.png,253.png,Azithrocin,Azithromycin Dihydrate,datasetHand,training,,,,7
D:\ediprjcursor\data\datasetHand\Training\training_words\1857.png,1857.png,Maxima,Esomeprazole,datasetHand,training,,,,46
D:\ediprjcursor\data\datasetHand\Training\training_words\2723.png,2723.png,Rivotril,Clonazepam,datasetHand,training,,,,68
D:\ediprjcursor\data\datasetHand\Training\training_words\673.png,673.png,Canazole,Fluconazole,datasetHand,training,,,,16
D:\ediprjcursor\data\datasetHand\Training\training_words\2297.png,2297.png,Nexum,Esomeprazole,datasetHand,training,,,,57
D:\ediprjcursor\data\datasetHand\Training\training_words\229.png,229.png,Axodin,Fexofenadine Hydrochloride,datasetHand,training,,,,5
D:\ediprjcursor\data\datasetHand\Training\training_words\2307.png,2307.png,Nexum,Esomeprazole,datasetHand,training,,,,57
D:\ediprjcursor\data\datasetHand\Training\training_words\1339.png,1339.png,Fixal,Fexofenadine Hydrochloride,datasetHand,training,,,,33
D:\ediprjcursor\data\datasetHand\Training\training_words\2678.png,2678.png,Rhinil,Cetirizine Hydrochloride,datasetHand,training,,,,66
D:\ediprjcursor\data\datasetHand\Training\training_words\2468.png,2468.png,Omastin,Fluconazole,datasetHand,training,,,,61
D:\ediprjcursor\data\datasetHand\Training\training_words\2243.png,2243.png,Nexcap,Esomeprazole,datasetHand,training,,,,56
D:\ediprjcursor\data\datasetHand\Training\training_words\1734.png,1734.png,Lucan-R,Fluconazole,datasetHand,training,,,,43
D:\ediprjcursor\data\datasetHand\Training\training_words\366.png,366.png,Bacaid,Baclofen,datasetHand,training,,,,9
D:\ediprjcursor\data\RxHandBD-ML\Train_Set\P2895.jpg,P2895.jpg,Nexum,Esomeprazole,RxHandBD-ML,train,Nexum,exact_clean,100.0,57
D:\ediprjcursor\data\datasetHand\Training\training_words\1554.png,1554.png,Ketocon,Ketoconazole (Shampoo),datasetHand,training,,,,38
D:\ediprjcursor\data\datasetHand\Training\training_words\93.png,93.png,Alatrol,Cetirizine Hydrochloride,datasetHand,training,,,,2
D:\ediprjcursor\data\datasetHand\Training\training_words\64.png,64.png,Ace,Paracetamol,datasetHand,training,,,,0
D:\ediprjcursor\data\datasetHand\Training\training_words\1524.png,1524.png,Ketocon,Ketoconazole (Shampoo),datasetHand,training,,,,38
D:\ediprjcursor\data\datasetHand\Training\training_words\1048.png,1048.png,Esoral,Esomeprazole,datasetHand,training,,,,26
D:\ediprjcursor\data\datasetHand\Training\training_words\774.png,774.png,Conaz,Fluconazole,datasetHand,training,,,,19
D:\ediprjcursor\data\RxHandBD-ML\Train_Set\P3812.jpg,P3812.jpg,Napa Extend,Paracetamol,RxHandBD-ML,train,Napa,exact_clean,100.0,55
D:\ediprjcursor\data\RxHandBD-ML\Train_Set\P3744.jpg,P3744.jpg,Napa Extend,Paracetamol,RxHandBD-ML,train,Napa,exact_clean,100.0,55
D:\ediprjcursor\data\datasetHand\Training\training_words\1583.png,1583.png,Ketoral,Ketoconazole (Tablet),datasetHand,training,,,,39
D:\ediprjcursor\data\datasetHand\Training\training_words\1022.png,1022.png,Esonix,Esomeprazole,datasetHand,training,,,,25
D:\ediprjcursor\data\RxHandBD-ML\Train_Set\P1504.jpg,P1504.jpg,Renova,Paracetamol,RxHandBD-ML,train,Renova XR,exact_clean,100.0,65
D:\ediprjcursor\data\datasetHand\Training\training_words\1743.png,1743.png,Lucan-R,Fluconazole,datasetHand,training,,,,43
D:\ediprjcursor\data\datasetHand\Training\training_words\2280.png,2280.png,Nexum,Esomeprazole,datasetHand,training,,,,57
D:\ediprjcursor\data\datasetHand\Training\training_words\337.png,337.png,Az,Azithromycin Dihydrate,datasetHand,training,,,,6
D:\ediprjcursor\data\datasetHand\Training\training_words\245.png,245.png,Azithrocin,Azithromycin Dihydrate,datasetHand,training,,,,7
D:\ediprjcursor\data\datasetHand\Training\training_words\89.png,89.png,Alatrol,Cetirizine Hydrochloride,datasetHand,training,,,,2
D:\ediprjcursor\data\datasetHand\Training\training_words\2637.png,2637.png,Renova,Paracetamol,datasetHand,training,,,,65
D:\ediprjcursor\data\RxHandBD-ML\Train_Set\P1667.jpg,P1667.jpg,Montene,Montelukast Sodium,RxHandBD-ML,train,Montene,exact_clean,100.0,52
D:\ediprjcursor\data\datasetHand\Training\training_words\2986.png,2986.png,Tridosil,Azithromycin Dihydrate,datasetHand,training,,,,74
D:\ediprjcursor\data\datasetHand\Training\training_words\2568.png,2568.png,Provair,Montelukast Sodium,datasetHand,training,,,,64
D:\ediprjcursor\data\datasetHand\Training\training_words\3100.png,3100.png,Zithrin,Azithromycin Dihydrate,datasetHand,training,,,,77
D:\ediprjcursor\data\datasetHand\Training\training_words\2668.png,2668.png,Rhinil,Cetirizine Hydrochloride,datasetHand,training,,,,66
D:\ediprjcursor\data\datasetHand\Training\training_words\534.png,534.png,Bacmax,Baclofen,datasetHand,training,,,,13
D:\ediprjcursor\data\datasetHand\Training\training_words\1273.png,1273.png,Fexo,Fexofenadine Hydrochloride,datasetHand,training,,,,30
D:\ediprjcursor\data\datasetHand\Training\training_words\2644.png,2644.png,Rhinil,Cetirizine Hydrochloride,datasetHand,training,,,,66
D:\ediprjcursor\data\datasetHand\Training\training_words\405.png,405.png,Backtone,Baclofen,datasetHand,training,,,,10
D:\ediprjcursor\data\datasetHand\Training\training_words\2681.png,2681.png,Ritch,Fexofenadine Hydrochloride,datasetHand,training,,,,67
D:\ediprjcursor\data\datasetHand\Training\training_words\2359.png,2359.png,Nidazyl,Metronidazole,datasetHand,training,,,,58
D:\ediprjcursor\data\datasetHand\Training\training_words\1760.png,1760.png,Lumona,Montelukast Sodium,datasetHand,training,,,,44
D:\ediprjcursor\data\datasetHand\Training\training_words\1170.png,1170.png,Fenadin,Fexofenadine Hydrochloride,datasetHand,training,,,,29
D:\ediprjcursor\data\datasetHand\Training\training_words\1525.png,1525.png,Ketocon,Ketoconazole (Shampoo),datasetHand,training,,,,38
D:\ediprjcursor\data\datasetHand\Training\training_words\1401.png,1401.png,Flexibac,Baclofen,datasetHand,training,,,,35
D:\ediprjcursor\data\datasetHand\Training\training_words\2223.png,2223.png,Napa,Paracetamol,datasetHand,training,,,,54
D:\ediprjcursor\data\datasetHand\Training\training_words\1821.png,1821.png,M-Kast,Montelukast Sodium,datasetHand,training,,,,45
D:\ediprjcursor\data\RxHandBD-ML\Train_Set\P3459.jpg,P3459.jpg,Napa Extend,Paracetamol,RxHandBD-ML,train,Napa,exact_clean,100.0,55
D:\ediprjcursor\data\datasetHand\Training\training_words\1901.png,1901.png,Maxpro,Esomeprazole,datasetHand,training,,,,47
D:\ediprjcursor\data\datasetHand\Training\training_words\1974.png,1974.png,Metsina,Metronidazole,datasetHand,training,,,,49
D:\ediprjcursor\data\datasetHand\Training\training_words\488.png,488.png,Baclon,Baclofen,datasetHand,training,,,,12
D:\ediprjcursor\data\datasetHand\Training\training_words\1641.png,1641.png,Ketozol,Ketoconazole (Shampoo),datasetHand,training,,,,41
D:\ediprjcursor\data\datasetHand\Training\training_words\2739.png,2739.png,Rivotril,Clonazepam,datasetHand,training,,,,68
D:\ediprjcursor\data\datasetHand\Training\training_words\171.png,171.png,Atrizin,Cetirizine Hydrochloride,datasetHand,training,,,,4
D:\ediprjcursor\data\datasetHand\Training\training_words\2240.png,2240.png,Nexcap,Esomeprazole,datasetHand,training,,,,56
D:\ediprjcursor\data\RxHandBD-ML\Train_Set\P2641.jpg,P2641.jpg,Sergel,Esomeprazole,RxHandBD-ML,train,Sergel,exact_clean,100.0,71
D:\ediprjcursor\data\datasetHand\Training\training_words\1853.png,1853.png,Maxima,Esomeprazole,datasetHand,training,,,,46
D:\ediprjcursor\data\datasetHand\Training\training_words\265.png,265.png,Azithrocin,Azithromycin Dihydrate,datasetHand,training,,,,7
D:\ediprjcursor\data\datasetHand\Training\training_words\2008.png,2008.png,Monas,Montelukast Sodium,datasetHand,training,,,,50
D:\ediprjcursor\data\datasetHand\Training\training_words\2759.png,2759.png,Rivotril,Clonazepam,datasetHand,training,,,,68
D:\ediprjcursor\data\datasetHand\Training\training_words\1239.png,1239.png,Fexofast,Fexofenadine Hydrochloride,datasetHand,training,,,,31
D:\ediprjcursor\data\datasetHand\Training\training_words\1854.png,1854.png,Maxima,Esomeprazole,datasetHand,training,,,,46
D:\ediprjcursor\data\datasetHand\Training\training_words\1501.png,1501.png,Flugal,Fluconazole,datasetHand,training,,,,37
D:\ediprjcursor\data\datasetHand\Training\training_words\2976.png,2976.png,Tridosil,Azithromycin Dihydrate,datasetHand,training,,,,74
D:\ediprjcursor\data\datasetHand\Training\training_words\2531.png,2531.png,Progut,Esomeprazole,datasetHand,training,,,,63
D:\ediprjcursor\data\datasetHand\Training\training_words\1135.png,1135.png,Exium,Esomeprazole,datasetHand,training,,,,28
D:\ediprjcursor\data\datasetHand\Training\training_words\126.png,126.png,Amodis,Metronidazole,datasetHand,training,,,,3
D:\ediprjcursor\data\RxHandBD-ML\Train_Set\P3216.jpg,P3216.jpg,Fexo,Fexofenadine Hydrochloride,RxHandBD-ML,train,Fexo,exact_clean,100.0,30
D:\ediprjcursor\data\RxHandBD-ML\Train_Set\P3573.jpg,P3573.jpg,Napa Extend,Paracetamol,RxHandBD-ML,train,Napa,exact_clean,100.0,55
D:\ediprjcursor\data\datasetHand\Training\training_words\769.png,769.png,Conaz,Fluconazole,datasetHand,training,,,,19
D:\ediprjcursor\data\RxHandBD-ML\Train_Set\P3767.jpg,P3767.jpg,Napa Extend,Paracetamol,RxHandBD-ML,train,Napa,exact_clean,100.0,55
D:\ediprjcursor\data\datasetHand\Training\training_words\634.png,634.png,Bicozin,Vitamin B Complex + Zinc,datasetHand,training,,,,15
D:\ediprjcursor\data\datasetHand\Training\training_words\1132.png,1132.png,Exium,Esomeprazole,datasetHand,training,,,,28
D:\ediprjcursor\data\datasetHand\Training\training_words\492.png,492.png,Baclon,Baclofen,datasetHand,training,,,,12
D:\ediprjcursor\data\datasetHand\Training\training_words\2734.png,2734.png,Rivotril,Clonazepam,datasetHand,training,,,,68
D:\ediprjcursor\data\datasetHand\Training\training_words\770.png,770.png,Conaz,Fluconazole,datasetHand,training,,,,19
D:\ediprjcursor\data\RxHandBD-ML\Train_Set\P3609.jpg,P3609.jpg,Napa Extend,Paracetamol,RxHandBD-ML,train,Napa,exact_clean,100.0,55
D:\ediprjcursor\data\RxHandBD-ML\Train_Set\P3074.jpg,P3074.jpg,Nexum,Esomeprazole,RxHandBD-ML,train,Nexum,exact_clean,100.0,57
D:\ediprjcursor\data\datasetHand\Training\training_words\307.png,307.png,Azyth,Azithromycin Dihydrate,datasetHand,training,,,,8
D:\ediprjcursor\data\datasetHand\Training\training_words\952.png,952.png,Dinafex,Fexofenadine Hydrochloride,datasetHand,training,,,,23
D:\ediprjcursor\data\datasetHand\Training\training_words\2348.png,2348.png,Nidazyl,Metronidazole,datasetHand,training,,,,58
D:\ediprjcursor\data\RxHandBD-ML\Train_Set\P3192.jpg,P3192.jpg,Napa Extend,Paracetamol,RxHandBD-ML,train,Napa,exact_clean,100.0,55
D:\ediprjcursor\data\datasetHand\Training\training_words\1217.png,1217.png,Fexofast,Fexofenadine Hydrochloride,datasetHand,training,,,,31
D:\ediprjcursor\data\datasetHand\Training\training_words\2608.png,2608.png,Renova,Paracetamol,datasetHand,training,,,,65
D:\ediprjcursor\data\datasetHand\Training\training_words\773.png,773.png,Conaz,Fluconazole,datasetHand,training,,,,19
D:\ediprjcursor\data\datasetHand\Training\training_words\593.png,593.png,Beklo,Baclofen,datasetHand,training,,,,14
D:\ediprjcursor\data\datasetHand\Training\training_words\2925.png,2925.png,Telfast,Fexofenadine Hydrochloride,datasetHand,training,,,,73
D:\ediprjcursor\data\datasetHand\Training\training_words\757.png,757.png,Cetisoft,Cetirizine Hydrochloride,datasetHand,training,,,,18
D:\ediprjcursor\data\RxHandBD-ML\Train_Set\P4480.jpg,P4480.jpg,Metro,Metronidazole,RxHandBD-ML,train,metro,exact_clean,100.0,48
D:\ediprjcursor\data\datasetHand\Training\training_words\2896.png,2896.png,Tamen,Paracetamol,datasetHand,training,,,,72
D:\ediprjcursor\data\datasetHand\Training\training_words\2939.png,2939.png,Telfast,Fexofenadine Hydrochloride,datasetHand,training,,,,73
D:\ediprjcursor\data\datasetHand\Training\training_words\1283.png,1283.png,Filmet,Metronidazole,datasetHand,training,,,,32
D:\ediprjcursor\data\datasetHand\Training\training_words\1934.png,1934.png,Metro,Metronidazole,datasetHand,training,,,,48
D:\ediprjcursor\data\datasetHand\Training\training_words\2561.png,2561.png,Provair,Montelukast Sodium,datasetHand,training,,,,64
D:\ediprjcursor\data\datasetHand\Training\training_words\1663.png,1663.png,Ketozol,Ketoconazole (Shampoo),datasetHand,training,,,,41
D:\ediprjcursor\data\datasetHand\Training\training_words\2505.png,2505.png,Opton,Esomeprazole,datasetHand,training,,,,62
D:\ediprjcursor\data\datasetHand\Training\training_words\821.png,821.png,Dancel,Ketoconazole (Shampoo),datasetHand,training,,,,20
D:\ediprjcursor\data\datasetHand\Training\training_words\796.png,796.png,Conaz,Fluconazole,datasetHand,training,,,,19
D:\ediprjcursor\data\datasetHand\Training\training_words\1918.png,1918.png,Maxpro,Esomeprazole,datasetHand,training,,,,47
D:\ediprjcursor\data\datasetHand\Training\training_words\1985.png,1985.png,Metsina,Metronidazole,datasetHand,training,,,,49
D:\ediprjcursor\data\datasetHand\Training\training_words\1483.png,1483.png,Flugal,Fluconazole,datasetHand,training,,,,37
D:\ediprjcursor\data\datasetHand\Training\training_words\1528.png,1528.png,Ketocon,Ketoconazole (Shampoo),datasetHand,training,,,,38
D:\ediprjcursor\data\datasetHand\Training\training_words\2688.png,2688.png,Ritch,Fexofenadine Hydrochloride,datasetHand,training,,,,67
D:\ediprjcursor\data\datasetHand\Training\training_words\2336.png,2336.png,Nidazyl,Metronidazole,datasetHand,training,,,,58
D:\ediprjcursor\data\datasetHand\Training\training_words\2415.png,2415.png,Odmon,Montelukast Sodium,datasetHand,training,,,,60
D:\ediprjcursor\data\datasetHand\Training\training_words\2555.png,2555.png,Progut,Esomeprazole,datasetHand,training,,,,63
D:\ediprjcursor\data\datasetHand\Training\training_words\2952.png,2952.png,Telfast,Fexofenadine Hydrochloride,datasetHand,training,,,,73
D:\ediprjcursor\data\datasetHand\Training\training_words\2826.png,2826.png,Rozith,Azithromycin Dihydrate,datasetHand,training,,,,70
D:\ediprjcursor\data\datasetHand\Training\training_words\112.png,112.png,Alatrol,Cetirizine Hydrochloride,datasetHand,training,,,,2
D:\ediprjcursor\data\datasetHand\Training\training_words\573.png,573.png,Beklo,Baclofen,datasetHand,training,,,,14
D:\ediprjcursor\data\datasetHand\Training\training_words\90.png,90.png,Alatrol,Cetirizine Hydrochloride,datasetHand,training,,,,2
D:\ediprjcursor\data\datasetHand\Training\training_words\1720.png,1720.png,Lucan-R,Fluconazole,datasetHand,training,,,,43
D:\ediprjcursor\data\datasetHand\Training\training_words\271.png,271.png,Azithrocin,Azithromycin Dihydrate,datasetHand,training,,,,7
D:\ediprjcursor\data\datasetHand\Training\training_words\782.png,782.png,Conaz,Fluconazole,datasetHand,training,,,,19
D:\ediprjcursor\data\RxHandBD-ML\Train_Set\P2506.jpg,P2506.jpg,Nexum,Esomeprazole,RxHandBD-ML,train,Nexum,exact_clean,100.0,57
D:\ediprjcursor\data\RxHandBD-ML\Train_Set\P2259.jpg,P2259.jpg,Nexum,Esomeprazole,RxHandBD-ML,train,Nexum,exact_clean,100.0,57
D:\ediprjcursor\data\datasetHand\Training\training_words\2569.png,2569.png,Provair,Montelukast Sodium,datasetHand,training,,,,64
D:\ediprjcursor\data\datasetHand\Training\training_words\2950.png,2950.png,Telfast,Fexofenadine Hydrochloride,datasetHand,training,,,,73
D:\ediprjcursor\data\datasetHand\Training\training_words\145.png,145.png,Amodis,Metronidazole,datasetHand,training,,,,3
D:\ediprjcursor\data\datasetHand\Training\training_words\1270.png,1270.png,Fexo,Fexofenadine Hydrochloride,datasetHand,training,,,,30
D:\ediprjcursor\data\datasetHand\Training\training_words\1232.png,1232.png,Fexofast,Fexofenadine Hydrochloride,datasetHand,training,,,,31
D:\ediprjcursor\data\datasetHand\Training\training_words\2575.png,2575.png,Provair,Montelukast Sodium,datasetHand,training,,,,64
D:\ediprjcursor\data\datasetHand\Training\training_words\1020.png,1020.png,Esonix,Esomeprazole,datasetHand,training,,,,25
D:\ediprjcursor\data\datasetHand\Training\training_words\1464.png,1464.png,Flexilax,Baclofen,datasetHand,training,,,,36
D:\ediprjcursor\data\datasetHand\Training\training_words\3030.png,3030.png,Trilock,Montelukast Sodium,datasetHand,training,,,,75
D:\ediprjcursor\data\datasetHand\Training\training_words\106.png,106.png,Alatrol,Cetirizine Hydrochloride,datasetHand,training,,,,2
D:\ediprjcursor\data\datasetHand\Training\training_words\1046.png,1046.png,Esoral,Esomeprazole,datasetHand,training,,,,26
D:\ediprjcursor\data\datasetHand\Training\training_words\982.png,982.png,Disopan,Clonazepam,datasetHand,training,,,,24
D:\ediprjcursor\data\datasetHand\Training\training_words\381.png,381.png,Bacaid,Baclofen,datasetHand,training,,,,9
D:\ediprjcursor\data\datasetHand\Training\training_words\1672.png,1672.png,Ketozol,Ketoconazole (Shampoo),datasetHand,training,,,,41
D:\ediprjcursor\data\datasetHand\Training\training_words\1431.png,1431.png,Flexibac,Baclofen,datasetHand,training,,,,35
D:\ediprjcursor\data\datasetHand\Training\training_words\779.png,779.png,Conaz,Fluconazole,datasetHand,training,,,,19
D:\ediprjcursor\data\datasetHand\Training\training_words\1847.png,1847.png,Maxima,Esomeprazole,datasetHand,training,,,,46
D:\ediprjcursor\data\datasetHand\Training\training_words\1645.png,1645.png,Ketozol,Ketoconazole (Shampoo),datasetHand,training,,,,41
D:\ediprjcursor\data\datasetHand\Training\training_words\703.png,703.png,Candinil,Fluconazole,datasetHand,training,,,,17
D:\ediprjcursor\data\datasetHand\Training\training_words\645.png,645.png,Canazole,Fluconazole,datasetHand,training,,,,16
D:\ediprjcursor\data\datasetHand\Training\training_words\2122.png,2122.png,Montex,Montelukast Sodium,datasetHand,training,,,,53
D:\ediprjcursor\data\datasetHand\Training\training_words\1596.png,1596.png,Ketoral,Ketoconazole (Tablet),datasetHand,training,,,,39
D:\ediprjcursor\data\datasetHand\Training\training_words\2541.png,2541.png,Progut,Esomeprazole,datasetHand,training,,,,63
D:\ediprjcursor\data\datasetHand\Training\training_words\2700.png,2700.png,Ritch,Fexofenadine Hydrochloride,datasetHand,training,,,,67
D:\ediprjcursor\data\datasetHand\Training\training_words\24.png,24.png,Aceta,Paracetamol,datasetHand,training,,,,1
D:\ediprjcursor\data\datasetHand\Training\training_words\1561.png,1561.png,Ketoral,Ketoconazole (Tablet),datasetHand,training,,,,39
D:\ediprjcursor\data\datasetHand\Training\training_words\3014.png,3014.png,Trilock,Montelukast Sodium,datasetHand,training,,,,75
D:\ediprjcursor\data\datasetHand\Training\training_words\2996.png,2996.png,Tridosil,Azithromycin Dihydrate,datasetHand,training,,,,74
D:\ediprjcursor\data\datasetHand\Training\training_words\1982.png,1982.png,Metsina,Metronidazole,datasetHand,training,,,,49
D:\ediprjcursor\data\datasetHand\Training\training_words\1858.png,1858.png,Maxima,Esomeprazole,datasetHand,training,,,,46
D:\ediprjcursor\data\datasetHand\Training\training_words\891.png,891.png,Diflu,Fluconazole,datasetHand,training,,,,22
D:\ediprjcursor\data\datasetHand\Training\training_words\361.png,361.png,Bacaid,Baclofen,datasetHand,training,,,,9
D:\ediprjcursor\data\datasetHand\Training\training_words\303.png,303.png,Azyth,Azithromycin Dihydrate,datasetHand,training,,,,8
D:\ediprjcursor\data\datasetHand\Training\training_words\1758.png,1758.png,Lucan-R,Fluconazole,datasetHand,training,,,,43
D:\ediprjcursor\data\datasetHand\Training\training_words\2332.png,2332.png,Nidazyl,Metronidazole,datasetHand,training,,,,58
D:\ediprjcursor\data\datasetHand\Training\training_words\219.png,219.png,Axodin,Fexofenadine Hydrochloride,datasetHand,training,,,,5
D:\ediprjcursor\data\datasetHand\Training\training_words\2440.png,2440.png,Omastin,Fluconazole,datasetHand,training,,,,61
D:\ediprjcursor\data\datasetHand\Training\training_words\2635.png,2635.png,Renova,Paracetamol,datasetHand,training,,,,65
D:\ediprjcursor\data\datasetHand\Training\training_words\1185.png,1185.png,Fenadin,Fexofenadine Hydrochloride,datasetHand,training,,,,29
D:\ediprjcursor\data\datasetHand\Training\training_words\983.png,983.png,Disopan,Clonazepam,datasetHand,training,,,,24
D:\ediprjcursor\data\RxHandBD-ML\Train_Set\P3878.jpg,P3878.jpg,Maxpro,Esomeprazole,RxHandBD-ML,train,Maxpro,exact_clean,100.0,47
D:\ediprjcursor\data\RxHandBD-ML\Train_Set\P1429.jpg,P1429.jpg,Maxpro,Esomeprazole,RxHandBD-ML,train,Max Pro,exact_clean,100.0,47
D:\ediprjcursor\data\datasetHand\Training\training_words\365.png,365.png,Bacaid,Baclofen,datasetHand,training,,,,9
D:\ediprjcursor\data\datasetHand\Training\training_words\724.png,724.png,Cetisoft,Cetirizine Hydrochloride,datasetHand,training,,,,18
D:\ediprjcursor\data\datasetHand\Training\training_words\2193.png,2193.png,Napa Extend,Paracetamol,datasetHand,training,,,,55
D:\ediprjcursor\data\RxHandBD-ML\Train_Set\P1305.jpg,P1305.jpg,Beklo,Baclofen,RxHandBD-ML,train,Tab. Beklo,exact_clean,100.0,14
D:\ediprjcursor\data\datasetHand\Training\training_words\259.png,259.png,Azithrocin,Azithromycin Dihydrate,datasetHand,training,,,,7
D:\ediprjcursor\data\datasetHand\Training\training_words\60.png,60.png,Ace,Paracetamol,datasetHand,training,,,,0
D:\ediprjcursor\data\datasetHand\Training\training_words\2273.png,2273.png,Nexcap,Esomeprazole,datasetHand,training,,,,56
D:\ediprjcursor\data\datasetHand\Training\training_words\843.png,843.png,Denixil,Clonazepam,datasetHand,training,,,,21
D:\ediprjcursor\data\datasetHand\Training\training_words\761.png,761.png,Conaz,Fluconazole,datasetHand,training,,,,19
D:\ediprjcursor\data\datasetHand\Training\training_words\1154.png,1154.png,Exium,Esomeprazole,datasetHand,training,,,,28
D:\ediprjcursor\data\datasetHand\Training\training_words\1278.png,1278.png,Fexo,Fexofenadine Hydrochloride,datasetHand,training,,,,30
D:\ediprjcursor\data\datasetHand\Training\training_words\2251.png,2251.png,Nexcap,Esomeprazole,datasetHand,training,,,,56
D:\ediprjcursor\data\RxHandBD-ML\Train_Set\P4039.jpg,P4039.jpg,Fexofast,Fexofenadine Hydrochloride,RxHandBD-ML,train,Fexofast,exact_clean,100.0,31
D:\ediprjcursor\data\datasetHand\Training\training_words\1935.png,1935.png,Metro,Metronidazole,datasetHand,training,,,,48
D:\ediprjcursor\data\datasetHand\Training\training_words\1666.png,1666.png,Ketozol,Ketoconazole (Shampoo),datasetHand,training,,,,41
D:\ediprjcursor\data\datasetHand\Training\training_words\140.png,140.png,Amodis,Metronidazole,datasetHand,training,,,,3
D:\ediprjcursor\data\datasetHand\Training\training_words\2101.png,2101.png,Montene,Montelukast Sodium,datasetHand,training,,,,52
D:\ediprjcursor\data\datasetHand\Training\training_words\1151.png,1151.png,Exium,Esomeprazole,datasetHand,training,,,,28
D:\ediprjcursor\data\datasetHand\Training\training_words\2915.png,2915.png,Tamen,Paracetamol,datasetHand,training,,,,72
D:\ediprjcursor\data\datasetHand\Training\training_words\1259.png,1259.png,Fexo,Fexofenadine Hydrochloride,datasetHand,training,,,,30
D:\ediprjcursor\data\datasetHand\Training\training_words\1002.png,1002.png,Esonix,Esomeprazole,datasetHand,training,,,,25
D:\ediprjcursor\data\datasetHand\Training\training_words\1360.png,1360.png,Flamyd,Metronidazole,datasetHand,training,,,,34
D:\ediprjcursor\data\datasetHand\Training\training_words\1450.png,1450.png,Flexilax,Baclofen,datasetHand,training,,,,36
D:\ediprjcursor\data\datasetHand\Training\training_words\1255.png,1255.png,Fexo,Fexofenadine Hydrochloride,datasetHand,training,,,,30
D:\ediprjcursor\data\datasetHand\Training\training_words\2224.png,2224.png,Napa,Paracetamol,datasetHand,training,,,,54
D:\ediprjcursor\data\datasetHand\Training\training_words\114.png,114.png,Alatrol,Cetirizine Hydrochloride,datasetHand,training,,,,2
D:\ediprjcursor\data\datasetHand\Training\training_words\2781.png,2781.png,Romycin,Azithromycin Dihydrate (Ophthalmic),datasetHand,training,,,,69
D:\ediprjcursor\data\datasetHand\Training\training_words\1057.png,1057.png,Esoral,Esomeprazole,datasetHand,training,,,,26
D:\ediprjcursor\data\datasetHand\Training\training_words\1917.png,1917.png,Maxpro,Esomeprazole,datasetHand,training,,,,47
D:\ediprjcursor\data\datasetHand\Training\training_words\195.png,195.png,Atrizin,Cetirizine Hydrochloride,datasetHand,training,,,,4
D:\ediprjcursor\data\datasetHand\Training\training_words\264.png,264.png,Azithrocin,Azithromycin Dihydrate,datasetHand,training,,,,7
D:\ediprjcursor\data\datasetHand\Training\training_words\3044.png,3044.png,Vifas,Fexofenadine Hydrochloride,datasetHand,training,,,,76
D:\ediprjcursor\data\datasetHand\Training\training_words\957.png,957.png,Dinafex,Fexofenadine Hydrochloride,datasetHand,training,,,,23
D:\ediprjcursor\data\datasetHand\Training\training_words\2888.png,2888.png,Tamen,Paracetamol,datasetHand,training,,,,72
D:\ediprjcursor\data\datasetHand\Training\training_words\1404.png,1404.png,Flexibac,Baclofen,datasetHand,training,,,,35
D:\ediprjcursor\data\datasetHand\Training\training_words\2022.png,2022.png,Monas,Montelukast Sodium,datasetHand,training,,,,50
D:\ediprjcursor\data\datasetHand\Training\training_words\2606.png,2606.png,Renova,Paracetamol,datasetHand,training,,,,65
D:\ediprjcursor\data\datasetHand\Training\training_words\604.png,604.png,Bicozin,Vitamin B Complex + Zinc,datasetHand,training,,,,15
D:\ediprjcursor\data\datasetHand\Training\training_words\1963.png,1963.png,Metsina,Metronidazole,datasetHand,training,,,,49
D:\ediprjcursor\data\datasetHand\Training\training_words\15.png,15.png,Aceta,Paracetamol,datasetHand,training,,,,1
D:\ediprjcursor\data\datasetHand\Training\training_words\3064.png,3064.png,Vifas,Fexofenadine Hydrochloride,datasetHand,training,,,,76
D:\ediprjcursor\data\datasetHand\Training\training_words\1843.png,1843.png,Maxima,Esomeprazole,datasetHand,training,,,,46
D:\ediprjcursor\data\datasetHand\Training\training_words\110.png,110.png,Alatrol,Cetirizine Hydrochloride,datasetHand,training,,,,2
D:\ediprjcursor\data\datasetHand\Training\training_words\1606.png,1606.png,Ketotab,Ketoconazole (Tablet),datasetHand,training,,,,40
D:\ediprjcursor\data\datasetHand\Training\training_words\2973.png,2973.png,Tridosil,Azithromycin Dihydrate,datasetHand,training,,,,74
D:\ediprjcursor\data\datasetHand\Training\training_words\2452.png,2452.png,Omastin,Fluconazole,datasetHand,training,,,,61
D:\ediprjcursor\data\datasetHand\Training\training_words\2619.png,2619.png,Renova,Paracetamol,datasetHand,training,,,,65
D:\ediprjcursor\data\datasetHand\Training\training_words\1920.png,1920.png,Metro,Metronidazole,datasetHand,training,,,,48
D:\ediprjcursor\data\datasetHand\Training\training_words\2466.png,2466.png,Omastin,Fluconazole,datasetHand,training,,,,61
D:\ediprjcursor\data\datasetHand\Training\training_words\824.png,824.png,Dancel,Ketoconazole (Shampoo),datasetHand,training,,,,20
D:\ediprjcursor\data\datasetHand\Training\training_words\893.png,893.png,Diflu,Fluconazole,datasetHand,training,,,,22
D:\ediprjcursor\data\datasetHand\Training\training_words\1411.png,1411.png,Flexibac,Baclofen,datasetHand,training,,,,35
D:\ediprjcursor\data\datasetHand\Training\training_words\150.png,150.png,Amodis,Metronidazole,datasetHand,training,,,,3
D:\ediprjcursor\data\datasetHand\Training\training_words\474.png,474.png,Baclofen,Baclofen,datasetHand,training,,,,11
D:\ediprjcursor\data\RxHandBD-ML\Train_Set\P1947.jpg,P1947.jpg,Maxpro,Esomeprazole,RxHandBD-ML,train,Maxpro,exact_clean,100.0,47
D:\ediprjcursor\data\datasetHand\Training\training_words\546.png,546.png,Bacmax,Baclofen,datasetHand,training,,,,13
D:\ediprjcursor\data\datasetHand\Training\training_words\921.png,921.png,Dinafex,Fexofenadine Hydrochloride,datasetHand,training,,,,23
D:\ediprjcursor\data\datasetHand\Training\training_words\1056.png,1056.png,Esoral,Esomeprazole,datasetHand,training,,,,26
D:\ediprjcursor\data\datasetHand\Training\training_words\1426.png,1426.png,Flexibac,Baclofen,datasetHand,training,,,,35
D:\ediprjcursor\data\datasetHand\Training\training_words\706.png,706.png,Candinil,Fluconazole,datasetHand,training,,,,17
D:\ediprjcursor\data\datasetHand\Training\training_words\2212.png,2212.png,Napa,Paracetamol,datasetHand,training,,,,54
D:\ediprjcursor\data\datasetHand\Training\training_words\2775.png,2775.png,Romycin,Azithromycin Dihydrate (Ophthalmic),datasetHand,training,,,,69
D:\ediprjcursor\data\datasetHand\Training\training_words\641.png,641.png,Canazole,Fluconazole,datasetHand,training,,,,16
D:\ediprjcursor\data\datasetHand\Training\training_words\2038.png,2038.png,Monas,Montelukast Sodium,datasetHand,training,,,,50
D:\ediprjcursor\data\datasetHand\Training\training_words\1060.png,1060.png,Esoral,Esomeprazole,datasetHand,training,,,,26
D:\ediprjcursor\data\datasetHand\Training\training_words\991.png,991.png,Disopan,Clonazepam,datasetHand,training,,,,24
D:\ediprjcursor\data\datasetHand\Training\training_words\1658.png,1658.png,Ketozol,Ketoconazole (Shampoo),datasetHand,training,,,,41
D:\ediprjcursor\data\datasetHand\Training\training_words\384.png,384.png,Bacaid,Baclofen,datasetHand,training,,,,9
D:\ediprjcursor\data\datasetHand\Training\training_words\2201.png,2201.png,Napa,Paracetamol,datasetHand,training,,,,54
D:\ediprjcursor\data\datasetHand\Training\training_words\3096.png,3096.png,Zithrin,Azithromycin Dihydrate,datasetHand,training,,,,77
D:\ediprjcursor\data\datasetHand\Training\training_words\2394.png,2394.png,Nizoder,Ketoconazole (Cream),datasetHand,training,,,,59
D:\ediprjcursor\data\datasetHand\Training\training_words\2414.png,2414.png,Odmon,Montelukast Sodium,datasetHand,training,,,,60
D:\ediprjcursor\data\datasetHand\Training\training_words\1291.png,1291.png,Filmet,Metronidazole,datasetHand,training,,,,32
D:\ediprjcursor\data\datasetHand\Training\training_words\897.png,897.png,Diflu,Fluconazole,datasetHand,training,,,,22
D:\ediprjcursor\data\RxHandBD-ML\Train_Set\P1417.jpg,P1417.jpg,Beklo,Baclofen,RxHandBD-ML,train,Beklo,exact_clean,100.0,14
D:\ediprjcursor\data\RxHandBD-ML\Train_Set\P4179.jpg,P4179.jpg,Bicozin,Vitamin B Complex + Zinc,RxHandBD-ML,train,Bicozin,exact_clean,100.0,15
D:\ediprjcursor\data\datasetHand\Training\training_words\864.png,864.png,Denixil,Clonazepam,datasetHand,training,,,,21
D:\ediprjcursor\data\datasetHand\Training\training_words\2875.png,2875.png,Sergel,Esomeprazole,datasetHand,training,,,,71
D:\ediprjcursor\data\datasetHand\Training\training_words\2073.png,2073.png,Montair,Montelukast Sodium,datasetHand,training,,,,51
D:\ediprjcursor\data\datasetHand\Training\training_words\722.png,722.png,Cetisoft,Cetirizine Hydrochloride,datasetHand,training,,,,18
D:\ediprjcursor\data\RxHandBD-ML\Train_Set\P5037.jpg,P5037.jpg,Napa Extend,Paracetamol,RxHandBD-ML,train,napa,exact_clean,100.0,55
D:\ediprjcursor\data\datasetHand\Training\training_words\1277.png,1277.png,Fexo,Fexofenadine Hydrochloride,datasetHand,training,,,,30
D:\ediprjcursor\data\datasetHand\Training\training_words\1019.png,1019.png,Esonix,Esomeprazole,datasetHand,training,,,,25
D:\ediprjcursor\data\datasetHand\Training\training_words\2618.png,2618.png,Renova,Paracetamol,datasetHand,training,,,,65
D:\ediprjcursor\data\datasetHand\Training\training_words\2728.png,2728.png,Rivotril,Clonazepam,datasetHand,training,,,,68
D:\ediprjcursor\data\RxHandBD-ML\Train_Set\P3345.jpg,P3345.jpg,Monas,Montelukast Sodium,RxHandBD-ML,train,Monas,exact_clean,100.0,50
D:\ediprjcursor\data\datasetHand\Training\training_words\612.png,612.png,Bicozin,Vitamin B Complex + Zinc,datasetHand,training,,,,15
D:\ediprjcursor\data\datasetHand\Training\training_words\710.png,710.png,Candinil,Fluconazole,datasetHand,training,,,,17
D:\ediprjcursor\data\datasetHand\Training\training_words\390.png,390.png,Bacaid,Baclofen,datasetHand,training,,,,9
D:\ediprjcursor\data\RxHandBD-ML\Train_Set\P2274.jpg,P2274.jpg,Nexum,Esomeprazole,RxHandBD-ML,train,Nexum,exact_clean,100.0,57
D:\ediprjcursor\data\RxHandBD-ML\Train_Set\P2752.jpg,P2752.jpg,Flexibac,Baclofen,RxHandBD-ML,train,Flexibac,exact_clean,100.0,35
D:\ediprjcursor\data\datasetHand\Training\training_words\311.png,311.png,Azyth,Azithromycin Dihydrate,datasetHand,training,,,,8
D:\ediprjcursor\data\datasetHand\Training\training_words\797.png,797.png,Conaz,Fluconazole,datasetHand,training,,,,19
D:\ediprjcursor\data\RxHandBD-ML\Train_Set\P4148.jpg,P4148.jpg,Maxima,Esomeprazole,RxHandBD-ML,train,Maxima,exact_clean,100.0,46
D:\ediprjcursor\data\datasetHand\Training\training_words\1622.png,1622.png,Ketotab,Ketoconazole (Tablet),datasetHand,training,,,,40
D:\ediprjcursor\data\datasetHand\Training\training_words\2457.png,2457.png,Omastin,Fluconazole,datasetHand,training,,,,61
D:\ediprjcursor\data\datasetHand\Training\training_words\1835.png,1835.png,M-Kast,Montelukast Sodium,datasetHand,training,,,,45
D:\ediprjcursor\data\datasetHand\Training\training_words\2800.png,2800.png,Rozith,Azithromycin Dihydrate,datasetHand,training,,,,70
D:\ediprjcursor\data\datasetHand\Training\training_words\2596.png,2596.png,Provair,Montelukast Sodium,datasetHand,training,,,,64
D:\ediprjcursor\data\datasetHand\Training\training_words\419.png,419.png,Backtone,Baclofen,datasetHand,training,,,,10
D:\ediprjcursor\data\datasetHand\Training\training_words\3068.png,3068.png,Vifas,Fexofenadine Hydrochloride,datasetHand,training,,,,76
D:\ediprjcursor\data\datasetHand\Training\training_words\2685.png,2685.png,Ritch,Fexofenadine Hydrochloride,datasetHand,training,,,,67
D:\ediprjcursor\data\datasetHand\Training\training_words\1418.png,1418.png,Flexibac,Baclofen,datasetHand,training,,,,35
D:\ediprjcursor\data\datasetHand\Training\training_words\1562.png,1562.png,Ketoral,Ketoconazole (Tablet),datasetHand,training,,,,39
D:\ediprjcursor\data\datasetHand\Training\training_words\2234.png,2234.png,Napa,Paracetamol,datasetHand,training,,,,54
D:\ediprjcursor\data\datasetHand\Training\training_words\1161.png,1161.png,Fenadin,Fexofenadine Hydrochloride,datasetHand,training,,,,29
D:\ediprjcursor\data\RxHandBD-ML\Train_Set\P5217.jpg,P5217.jpg,Exium,Esomeprazole,RxHandBD-ML,train,exium,exact_clean,100.0,28
D:\ediprjcursor\data\datasetHand\Training\training_words\25.png,25.png,Aceta,Paracetamol,datasetHand,training,,,,1
D:\ediprjcursor\data\datasetHand\Training\training_words\344.png,344.png,Az,Azithromycin Dihydrate,datasetHand,training,,,,6
D:\ediprjcursor\data\datasetHand\Training\training_words\369.png,369.png,Bacaid,Baclofen,datasetHand,training,,,,9
D:\ediprjcursor\data\datasetHand\Training\training_words\2927.png,2927.png,Telfast,Fexofenadine Hydrochloride,datasetHand,training,,,,73
D:\ediprjcursor\data\datasetHand\Training\training_words\2571.png,2571.png,Provair,Montelukast Sodium,datasetHand,training,,,,64
D:\ediprjcursor\data\datasetHand\Training\training_words\393.png,393.png,Bacaid,Baclofen,datasetHand,training,,,,9
D:\ediprjcursor\data\datasetHand\Training\training_words\99.png,99.png,Alatrol,Cetirizine Hydrochloride,datasetHand,training,,,,2
D:\ediprjcursor\data\datasetHand\Training\training_words\1642.png,1642.png,Ketozol,Ketoconazole (Shampoo),datasetHand,training,,,,41
D:\ediprjcursor\data\datasetHand\Training\training_words\892.png,892.png,Diflu,Fluconazole,datasetHand,training,,,,22
D:\ediprjcursor\data\datasetHand\Training\training_words\1907.png,1907.png,Maxpro,Esomeprazole,datasetHand,training,,,,47
D:\ediprjcursor\data\datasetHand\Training\training_words\2822.png,2822.png,Rozith,Azithromycin Dihydrate,datasetHand,training,,,,70
D:\ediprjcursor\data\RxHandBD-ML\Train_Set\P2638.jpg,P2638.jpg,Filmet,Metronidazole,RxHandBD-ML,train,Filmet,exact_clean,100.0,32
D:\ediprjcursor\data\datasetHand\Training\training_words\1754.png,1754.png,Lucan-R,Fluconazole,datasetHand,training,,,,43
D:\ediprjcursor\data\datasetHand\Training\training_words\1766.png,1766.png,Lumona,Montelukast Sodium,datasetHand,training,,,,44
D:\ediprjcursor\data\datasetHand\Training\training_words\2438.png,2438.png,Odmon,Montelukast Sodium,datasetHand,training,,,,60
D:\ediprjcursor\data\datasetHand\Training\training_words\182.png,182.png,Atrizin,Cetirizine Hydrochloride,datasetHand,training,,,,4
D:\ediprjcursor\data\datasetHand\Training\training_words\956.png,956.png,Dinafex,Fexofenadine Hydrochloride,datasetHand,training,,,,23
D:\ediprjcursor\data\datasetHand\Training\training_words\2367.png,2367.png,Nizoder,Ketoconazole (Cream),datasetHand,training,,,,59
D:\ediprjcursor\data\datasetHand\Training\training_words\3.png,3.png,Aceta,Paracetamol,datasetHand,training,,,,1
D:\ediprjcursor\data\datasetHand\Training\training_words\2032.png,2032.png,Monas,Montelukast Sodium,datasetHand,training,,,,50
D:\ediprjcursor\data\datasetHand\Training\training_words\1818.png,1818.png,M-Kast,Montelukast Sodium,datasetHand,training,,,,45
D:\ediprjcursor\data\datasetHand\Training\training_words\2477.png,2477.png,Omastin,Fluconazole,datasetHand,training,,,,61
D:\ediprjcursor\data\RxHandBD-ML\Train_Set\P3148.jpg,P3148.jpg,Napa Extend,Paracetamol,RxHandBD-ML,train,Napa,exact_clean,100.0,55
D:\ediprjcursor\data\datasetHand\Training\training_words\220.png,220.png,Axodin,Fexofenadine Hydrochloride,datasetHand,training,,,,5
D:\ediprjcursor\data\datasetHand\Training\training_words\2522.png,2522.png,Progut,Esomeprazole,datasetHand,training,,,,63
D:\ediprjcursor\data\datasetHand\Training\training_words\473.png,473.png,Baclofen,Baclofen,datasetHand,training,,,,11
D:\ediprjcursor\data\datasetHand\Training\training_words\2396.png,2396.png,Nizoder,Ketoconazole (Cream),datasetHand,training,,,,59
D:\ediprjcursor\data\datasetHand\Training\training_words\2811.png,2811.png,Rozith,Azithromycin Dihydrate,datasetHand,training,,,,70
D:\ediprjcursor\data\RxHandBD-ML\Train_Set\P2689.jpg,P2689.jpg,Esoral,Esomeprazole,RxHandBD-ML,train,Esoral,exact_clean,100.0,26
D:\ediprjcursor\data\datasetHand\Training\training_words\2679.png,2679.png,Rhinil,Cetirizine Hydrochloride,datasetHand,training,,,,66
D:\ediprjcursor\data\datasetHand\Training\training_words\1124.png,1124.png,Exium,Esomeprazole,datasetHand,training,,,,28
D:\ediprjcursor\data\RxHandBD-ML\Train_Set\P3360.jpg,P3360.jpg,Napa Extend,Paracetamol,RxHandBD-ML,train,Napa,exact_clean,100.0,55
D:\ediprjcursor\data\datasetHand\Training\training_words\2660.png,2660.png,Rhinil,Cetirizine Hydrochloride,datasetHand,training,,,,66
D:\ediprjcursor\data\datasetHand\Training\training_words\2303.png,2303.png,Nexum,Esomeprazole,datasetHand,training,,,,57
D:\ediprjcursor\data\datasetHand\Training\training_words\456.png,456.png,Baclofen,Baclofen,datasetHand,training,,,,11
D:\ediprjcursor\data\datasetHand\Training\training_words\1899.png,1899.png,Maxpro,Esomeprazole,datasetHand,training,,,,47
D:\ediprjcursor\data\datasetHand\Training\training_words\2691.png,2691.png,Ritch,Fexofenadine Hydrochloride,datasetHand,training,,,,67
D:\ediprjcursor\data\datasetHand\Training\training_words\1542.png,1542.png,Ketocon,Ketoconazole (Shampoo),datasetHand,training,,,,38
D:\ediprjcursor\data\datasetHand\Training\training_words\455.png,455.png,Baclofen,Baclofen,datasetHand,training,,,,11
D:\ediprjcursor\data\datasetHand\Training\training_words\2334.png,2334.png,Nidazyl,Metronidazole,datasetHand,training,,,,58
D:\ediprjcursor\data\datasetHand\Training\training_words\1706.png,1706.png,Leptic,Clonazepam,datasetHand,training,,,,42
D:\ediprjcursor\data\datasetHand\Training\training_words\1391.png,1391.png,Flamyd,Metronidazole,datasetHand,training,,,,34
D:\ediprjcursor\data\datasetHand\Training\training_words\1608.png,1608.png,Ketotab,Ketoconazole (Tablet),datasetHand,training,,,,40
D:\ediprjcursor\data\datasetHand\Training\training_words\1812.png,1812.png,M-Kast,Montelukast Sodium,datasetHand,training,,,,45
D:\ediprjcursor\data\datasetHand\Training\training_words\2094.png,2094.png,Montene,Montelukast Sodium,datasetHand,training,,,,52
D:\ediprjcursor\data\datasetHand\Training\training_words\1680.png,1680.png,Leptic,Clonazepam,datasetHand,training,,,,42
D:\ediprjcursor\data\datasetHand\Training\training_words\849.png,849.png,Denixil,Clonazepam,datasetHand,training,,,,21
D:\ediprjcursor\data\datasetHand\Training\training_words\33.png,33.png,Aceta,Paracetamol,datasetHand,training,,,,1
D:\ediprjcursor\data\datasetHand\Training\training_words\2090.png,2090.png,Montene,Montelukast Sodium,datasetHand,training,,,,52
D:\ediprjcursor\data\datasetHand\Training\training_words\464.png,464.png,Baclofen,Baclofen,datasetHand,training,,,,11
D:\ediprjcursor\data\datasetHand\Training\training_words\1039.png,1039.png,Esonix,Esomeprazole,datasetHand,training,,,,25
D:\ediprjcursor\data\datasetHand\Training\training_words\3054.png,3054.png,Vifas,Fexofenadine Hydrochloride,datasetHand,training,,,,76
D:\ediprjcursor\data\datasetHand\Training\training_words\1409.png,1409.png,Flexibac,Baclofen,datasetHand,training,,,,35
D:\ediprjcursor\data\datasetHand\Training\training_words\238.png,238.png,Axodin,Fexofenadine Hydrochloride,datasetHand,training,,,,5
D:\ediprjcursor\data\datasetHand\Training\training_words\729.png,729.png,Cetisoft,Cetirizine Hydrochloride,datasetHand,training,,,,18
D:\ediprjcursor\data\datasetHand\Training\training_words\2492.png,2492.png,Opton,Esomeprazole,datasetHand,training,,,,62
D:\ediprjcursor\data\datasetHand\Training\training_words\88.png,88.png,Alatrol,Cetirizine Hydrochloride,datasetHand,training,,,,2
D:\ediprjcursor\data\datasetHand\Training\training_words\1016.png,1016.png,Esonix,Esomeprazole,datasetHand,training,,,,25
D:\ediprjcursor\data\RxHandBD-ML\Train_Set\P4094.jpg,P4094.jpg,Fexofast,Fexofenadine Hydrochloride,RxHandBD-ML,train,Fexofast,exact_clean,100.0,31
D:\ediprjcursor\data\datasetHand\Training\training_words\2677.png,2677.png,Rhinil,Cetirizine Hydrochloride,datasetHand,training,,,,66
D:\ediprjcursor\data\datasetHand\Training\training_words\362.png,362.png,Bacaid,Baclofen,datasetHand,training,,,,9
D:\ediprjcursor\data\datasetHand\Training\training_words\1726.png,1726.png,Lucan-R,Fluconazole,datasetHand,training,,,,43
D:\ediprjcursor\data\datasetHand\Training\training_words\310.png,310.png,Azyth,Azithromycin Dihydrate,datasetHand,training,,,,8
D:\ediprjcursor\data\datasetHand\Training\training_words\2242.png,2242.png,Nexcap,Esomeprazole,datasetHand,training,,,,56
D:\ediprjcursor\data\datasetHand\Training\training_words\2995.png,2995.png,Tridosil,Azithromycin Dihydrate,datasetHand,training,,,,74
D:\ediprjcursor\data\datasetHand\Training\training_words\725.png,725.png,Cetisoft,Cetirizine Hydrochloride,datasetHand,training,,,,18
D:\ediprjcursor\data\datasetHand\Training\training_words\2105.png,2105.png,Montene,Montelukast Sodium,datasetHand,training,,,,52
D:\ediprjcursor\data\RxHandBD-ML\Train_Set\P2916.jpg,P2916.jpg,Flugal,Fluconazole,RxHandBD-ML,train,Flugal,exact_clean,100.0,37
D:\ediprjcursor\data\datasetHand\Training\training_words\2316.png,2316.png,Nexum,Esomeprazole,datasetHand,training,,,,57
D:\ediprjcursor\data\datasetHand\Training\training_words\819.png,819.png,Dancel,Ketoconazole (Shampoo),datasetHand,training,,,,20
D:\ediprjcursor\data\datasetHand\Training\training_words\3089.png,3089.png,Zithrin,Azithromycin Dihydrate,datasetHand,training,,,,77
D:\ediprjcursor\data\datasetHand\Training\training_words\2177.png,2177.png,Napa Extend,Paracetamol,datasetHand,training,,,,55
D:\ediprjcursor\data\datasetHand\Training\training_words\1361.png,1361.png,Flamyd,Metronidazole,datasetHand,training,,,,34
D:\ediprjcursor\data\datasetHand\Training\training_words\3095.png,3095.png,Zithrin,Azithromycin Dihydrate,datasetHand,training,,,,77
D:\ediprjcursor\data\datasetHand\Training\training_words\482.png,482.png,Baclon,Baclofen,datasetHand,training,,,,12
D:\ediprjcursor\data\datasetHand\Training\training_words\2698.png,2698.png,Ritch,Fexofenadine Hydrochloride,datasetHand,training,,,,67
D:\ediprjcursor\data\datasetHand\Training\training_words\116.png,116.png,Alatrol,Cetirizine Hydrochloride,datasetHand,training,,,,2
D:\ediprjcursor\data\datasetHand\Training\training_words\1722.png,1722.png,Lucan-R,Fluconazole,datasetHand,training,,,,43
D:\ediprjcursor\data\datasetHand\Training\training_words\894.png,894.png,Diflu,Fluconazole,datasetHand,training,,,,22
D:\ediprjcursor\data\datasetHand\Training\training_words\719.png,719.png,Candinil,Fluconazole,datasetHand,training,,,,17
D:\ediprjcursor\data\datasetHand\Training\training_words\566.png,566.png,Beklo,Baclofen,datasetHand,training,,,,14
D:\ediprjcursor\data\datasetHand\Training\training_words\84.png,84.png,Alatrol,Cetirizine Hydrochloride,datasetHand,training,,,,2
D:\ediprjcursor\data\datasetHand\Training\training_words\1534.png,1534.png,Ketocon,Ketoconazole (Shampoo),datasetHand,training,,,,38
D:\ediprjcursor\data\datasetHand\Training\training_words\2026.png,2026.png,Monas,Montelukast Sodium,datasetHand,training,,,,50
D:\ediprjcursor\data\RxHandBD-ML\Train_Set\P2787.jpg,P2787.jpg,Flamyd,Metronidazole,RxHandBD-ML,train,Flamyd,exact_clean,100.0,34
D:\ediprjcursor\data\datasetHand\Training\training_words\1692.png,1692.png,Leptic,Clonazepam,datasetHand,training,,,,42
D:\ediprjcursor\data\datasetHand\Training\training_words\738.png,738.png,Cetisoft,Cetirizine Hydrochloride,datasetHand,training,,,,18
D:\ediprjcursor\data\datasetHand\Training\training_words\516.png,516.png,Baclon,Baclofen,datasetHand,training,,,,12
D:\ediprjcursor\data\datasetHand\Training\training_words\1175.png,1175.png,Fenadin,Fexofenadine Hydrochloride,datasetHand,training,,,,29
D:\ediprjcursor\data\datasetHand\Training\training_words\2306.png,2306.png,Nexum,Esomeprazole,datasetHand,training,,,,57
D:\ediprjcursor\data\datasetHand\Training\training_words\1839.png,1839.png,M-Kast,Montelukast Sodium,datasetHand,training,,,,45
D:\ediprjcursor\data\datasetHand\Training\training_words\839.png,839.png,Dancel,Ketoconazole (Shampoo),datasetHand,training,,,,20
D:\ediprjcursor\data\datasetHand\Training\training_words\347.png,347.png,Az,Azithromycin Dihydrate,datasetHand,training,,,,6
D:\ediprjcursor\data\RxHandBD-ML\Train_Set\P4937.jpg,P4937.jpg,Napa Extend,Paracetamol,RxHandBD-ML,train,napa,exact_clean,100.0,55
D:\ediprjcursor\data\datasetHand\Training\training_words\2533.png,2533.png,Progut,Esomeprazole,datasetHand,training,,,,63
D:\ediprjcursor\data\datasetHand\Training\training_words\2960.png,2960.png,Tridosil,Azithromycin Dihydrate,datasetHand,training,,,,74
D:\ediprjcursor\data\datasetHand\Training\training_words\1938.png,1938.png,Metro,Metronidazole,datasetHand,training,,,,48
D:\ediprjcursor\data\datasetHand\Training\training_words\2323.png,2323.png,Nidazyl,Metronidazole,datasetHand,training,,,,58
D:\ediprjcursor\data\datasetHand\Training\training_words\351.png,351.png,Az,Azithromycin Dihydrate,datasetHand,training,,,,6
D:\ediprjcursor\data\datasetHand\Training\training_words\2128.png,2128.png,Montex,Montelukast Sodium,datasetHand,training,,,,53
D:\ediprjcursor\data\datasetHand\Training\training_words\947.png,947.png,Dinafex,Fexofenadine Hydrochloride,datasetHand,training,,,,23
D:\ediprjcursor\data\RxHandBD-ML\Train_Set\P3120.jpg,P3120.jpg,Monas,Montelukast Sodium,RxHandBD-ML,train,Monas,exact_clean,100.0,50
D:\ediprjcursor\data\RxHandBD-ML\Train_Set\P5574.jpg,P5574.jpg,Napa Extend,Paracetamol,RxHandBD-ML,train,napa,exact_clean,100.0,55
D:\ediprjcursor\data\datasetHand\Training\training_words\556.png,556.png,Bacmax,Baclofen,datasetHand,training,,,,13
D:\ediprjcursor\data\datasetHand\Training\training_words\1794.png,1794.png,Lumona,Montelukast Sodium,datasetHand,training,,,,44
D:\ediprjcursor\data\datasetHand\Training\training_words\2472.png,2472.png,Omastin,Fluconazole,datasetHand,training,,,,61
D:\ediprjcursor\data\datasetHand\Training\training_words\2426.png,2426.png,Odmon,Montelukast Sodium,datasetHand,training,,,,60
D:\ediprjcursor\data\datasetHand\Training\training_words\2343.png,2343.png,Nidazyl,Metronidazole,datasetHand,training,,,,58
D:\ediprjcursor\data\datasetHand\Training\training_words\1702.png,1702.png,Leptic,Clonazepam,datasetHand,training,,,,42
D:\ediprjcursor\data\datasetHand\Training\training_words\1574.png,1574.png,Ketoral,Ketoconazole (Tablet),datasetHand,training,,,,39
D:\ediprjcursor\data\datasetHand\Training\training_words\623.png,623.png,Bicozin,Vitamin B Complex + Zinc,datasetHand,training,,,,15
D:\ediprjcursor\data\datasetHand\Training\training_words\2720.png,2720.png,Rivotril,Clonazepam,datasetHand,training,,,,68
D:\ediprjcursor\data\datasetHand\Training\training_words\335.png,335.png,Az,Azithromycin Dihydrate,datasetHand,training,,,,6
D:\ediprjcursor\data\datasetHand\Training\training_words\1971.png,1971.png,Metsina,Metronidazole,datasetHand,training,,,,49
D:\ediprjcursor\data\datasetHand\Training\training_words\1919.png,1919.png,Maxpro,Esomeprazole,datasetHand,training,,,,47
D:\ediprjcursor\data\datasetHand\Training\training_words\1703.png,1703.png,Leptic,Clonazepam,datasetHand,training,,,,42
D:\ediprjcursor\data\datasetHand\Training\training_words\717.png,717.png,Candinil,Fluconazole,datasetHand,training,,,,17
D:\ediprjcursor\data\datasetHand\Training\training_words\469.png,469.png,Baclofen,Baclofen,datasetHand,training,,,,11
D:\ediprjcursor\data\datasetHand\Training\training_words\2747.png,2747.png,Rivotril,Clonazepam,datasetHand,training,,,,68
D:\ediprjcursor\data\datasetHand\Training\training_words\942.png,942.png,Dinafex,Fexofenadine Hydrochloride,datasetHand,training,,,,23
D:\ediprjcursor\data\datasetHand\Training\training_words\3065.png,3065.png,Vifas,Fexofenadine Hydrochloride,datasetHand,training,,,,76
D:\ediprjcursor\data\datasetHand\Training\training_words\146.png,146.png,Amodis,Metronidazole,datasetHand,training,,,,3
D:\ediprjcursor\data\datasetHand\Training\training_words\1877.png,1877.png,Maxima,Esomeprazole,datasetHand,training,,,,46
D:\ediprjcursor\data\datasetHand\Training\training_words\334.png,334.png,Az,Azithromycin Dihydrate,datasetHand,training,,,,6
D:\ediprjcursor\data\datasetHand\Training\training_words\1305.png,1305.png,Filmet,Metronidazole,datasetHand,training,,,,32
D:\ediprjcursor\data\datasetHand\Training\training_words\2424.png,2424.png,Odmon,Montelukast Sodium,datasetHand,training,,,,60
D:\ediprjcursor\data\datasetHand\Training\training_words\2353.png,2353.png,Nidazyl,Metronidazole,datasetHand,training,,,,58
D:\ediprjcursor\data\datasetHand\Training\training_words\1746.png,1746.png,Lucan-R,Fluconazole,datasetHand,training,,,,43
D:\ediprjcursor\data\datasetHand\Training\training_words\907.png,907.png,Diflu,Fluconazole,datasetHand,training,,,,22
D:\ediprjcursor\data\datasetHand\Training\training_words\2985.png,2985.png,Tridosil,Azithromycin Dihydrate,datasetHand,training,,,,74
D:\ediprjcursor\data\datasetHand\Training\training_words\13.png,13.png,Aceta,Paracetamol,datasetHand,training,,,,1
D:\ediprjcursor\data\datasetHand\Training\training_words\1573.png,1573.png,Ketoral,Ketoconazole (Tablet),datasetHand,training,,,,39
D:\ediprjcursor\data\datasetHand\Training\training_words\1087.png,1087.png,Etizin,Cetirizine Hydrochloride,datasetHand,training,,,,27
D:\ediprjcursor\data\RxHandBD-ML\Train_Set\P4695.jpg,P4695.jpg,Napa Extend,Paracetamol,RxHandBD-ML,train,napa,exact_clean,100.0,55
D:\ediprjcursor\data\datasetHand\Training\training_words\620.png,620.png,Bicozin,Vitamin B Complex + Zinc,datasetHand,training,,,,15
D:\ediprjcursor\data\datasetHand\Training\training_words\2528.png,2528.png,Progut,Esomeprazole,datasetHand,training,,,,63
D:\ediprjcursor\data\datasetHand\Training\training_words\193.png,193.png,Atrizin,Cetirizine Hydrochloride,datasetHand,training,,,,4
D:\ediprjcursor\data\datasetHand\Training\training_words\2536.png,2536.png,Progut,Esomeprazole,datasetHand,training,,,,63
D:\ediprjcursor\data\datasetHand\Training\training_words\2854.png,2854.png,Sergel,Esomeprazole,datasetHand,training,,,,71
D:\ediprjcursor\data\datasetHand\Training\training_words\2981.png,2981.png,Tridosil,Azithromycin Dihydrate,datasetHand,training,,,,74
D:\ediprjcursor\data\datasetHand\Training\training_words\570.png,570.png,Beklo,Baclofen,datasetHand,training,,,,14
D:\ediprjcursor\data\datasetHand\Training\training_words\601.png,601.png,Bicozin,Vitamin B Complex + Zinc,datasetHand,training,,,,15
D:\ediprjcursor\data\datasetHand\Training\training_words\1453.png,1453.png,Flexilax,Baclofen,datasetHand,training,,,,36
D:\ediprjcursor\data\datasetHand\Training\training_words\720.png,720.png,Cetisoft,Cetirizine Hydrochloride,datasetHand,training,,,,18
D:\ediprjcursor\data\datasetHand\Training\training_words\554.png,554.png,Bacmax,Baclofen,datasetHand,training,,,,13
D:\ediprjcursor\data\datasetHand\Training\training_words\448.png,448.png,Baclofen,Baclofen,datasetHand,training,,,,11
D:\ediprjcursor\data\datasetHand\Training\training_words\3018.png,3018.png,Trilock,Montelukast Sodium,datasetHand,training,,,,75
D:\ediprjcursor\data\datasetHand\Training\training_words\374.png,374.png,Bacaid,Baclofen,datasetHand,training,,,,9
D:\ediprjcursor\data\RxHandBD-ML\Train_Set\P4982.jpg,P4982.jpg,Renova,Paracetamol,RxHandBD-ML,train,renova,exact_clean,100.0,65
D:\ediprjcursor\data\datasetHand\Training\training_words\1813.png,1813.png,M-Kast,Montelukast Sodium,datasetHand,training,,,,45
D:\ediprjcursor\data\datasetHand\Training\training_words\530.png,530.png,Bacmax,Baclofen,datasetHand,training,,,,13
D:\ediprjcursor\data\datasetHand\Training\training_words\1798.png,1798.png,Lumona,Montelukast Sodium,datasetHand,training,,,,44
D:\ediprjcursor\data\datasetHand\Training\training_words\1092.png,1092.png,Etizin,Cetirizine Hydrochloride,datasetHand,training,,,,27
D:\ediprjcursor\data\datasetHand\Training\training_words\810.png,810.png,Dancel,Ketoconazole (Shampoo),datasetHand,training,,,,20
D:\ediprjcursor\data\datasetHand\Training\training_words\1795.png,1795.png,Lumona,Montelukast Sodium,datasetHand,training,,,,44
D:\ediprjcursor\data\datasetHand\Training\training_words\2630.png,2630.png,Renova,Paracetamol,datasetHand,training,,,,65
D:\ediprjcursor\data\datasetHand\Training\training_words\611.png,611.png,Bicozin,Vitamin B Complex + Zinc,datasetHand,training,,,,15
D:\ediprjcursor\data\RxHandBD-ML\Train_Set\P2190.jpg,P2190.jpg,Fexo,Fexofenadine Hydrochloride,RxHandBD-ML,train,Fexo,exact_clean,100.0,30
D:\ediprjcursor\data\datasetHand\Training\training_words\490.png,490.png,Baclon,Baclofen,datasetHand,training,,,,12
D:\ediprjcursor\data\datasetHand\Training\training_words\1749.png,1749.png,Lucan-R,Fluconazole,datasetHand,training,,,,43
D:\ediprjcursor\data\datasetHand\Training\training_words\1427.png,1427.png,Flexibac,Baclofen,datasetHand,training,,,,35
D:\ediprjcursor\data\datasetHand\Training\training_words\1243.png,1243.png,Fexo,Fexofenadine Hydrochloride,datasetHand,training,,,,30
D:\ediprjcursor\data\datasetHand\Training\training_words\1082.png,1082.png,Etizin,Cetirizine Hydrochloride,datasetHand,training,,,,27
D:\ediprjcursor\data\RxHandBD-ML\Train_Set\P1224.jpg,P1224.jpg,Napa Extend,Paracetamol,RxHandBD-ML,train,Napa,exact_clean,100.0,55
D:\ediprjcursor\data\datasetHand\Training\training_words\941.png,941.png,Dinafex,Fexofenadine Hydrochloride,datasetHand,training,,,,23
D:\ediprjcursor\data\datasetHand\Training\training_words\874.png,874.png,Denixil,Clonazepam,datasetHand,training,,,,21
D:\ediprjcursor\data\datasetHand\Training\training_words\831.png,831.png,Dancel,Ketoconazole (Shampoo),datasetHand,training,,,,20
D:\ediprjcursor\data\datasetHand\Training\training_words\1541.png,1541.png,Ketocon,Ketoconazole (Shampoo),datasetHand,training,,,,38
D:\ediprjcursor\data\datasetHand\Training\training_words\2120.png,2120.png,Montex,Montelukast Sodium,datasetHand,training,,,,53
D:\ediprjcursor\data\datasetHand\Training\training_words\82.png,82.png,Alatrol,Cetirizine Hydrochloride,datasetHand,training,,,,2
D:\ediprjcursor\data\datasetHand\Training\training_words\2167.png,2167.png,Napa Extend,Paracetamol,datasetHand,training,,,,55
D:\ediprjcursor\data\datasetHand\Training\training_words\5.png,5.png,Aceta,Paracetamol,datasetHand,training,,,,1
D:\ediprjcursor\data\datasetHand\Training\training_words\1071.png,1071.png,Esoral,Esomeprazole,datasetHand,training,,,,26
D:\ediprjcursor\data\datasetHand\Training\training_words\471.png,471.png,Baclofen,Baclofen,datasetHand,training,,,,11
D:\ediprjcursor\data\RxHandBD-ML\Train_Set\P4416.jpg,P4416.jpg,Napa Extend,Paracetamol,RxHandBD-ML,train,Napa,exact_clean,100.0,55
D:\ediprjcursor\data\datasetHand\Training\training_words\1370.png,1370.png,Flamyd,Metronidazole,datasetHand,training,,,,34
D:\ediprjcursor\data\datasetHand\Training\training_words\1861.png,1861.png,Maxima,Esomeprazole,datasetHand,training,,,,46
D:\ediprjcursor\data\datasetHand\Training\training_words\2949.png,2949.png,Telfast,Fexofenadine Hydrochloride,datasetHand,training,,,,73
D:\ediprjcursor\data\datasetHand\Training\training_words\1.png,1.png,Aceta,Paracetamol,datasetHand,training,,,,1
D:\ediprjcursor\data\datasetHand\Training\training_words\239.png,239.png,Axodin,Fexofenadine Hydrochloride,datasetHand,training,,,,5
D:\ediprjcursor\data\datasetHand\Training\training_words\2398.png,2398.png,Nizoder,Ketoconazole (Cream),datasetHand,training,,,,59
D:\ediprjcursor\data\datasetHand\Training\training_words\225.png,225.png,Axodin,Fexofenadine Hydrochloride,datasetHand,training,,,,5
D:\ediprjcursor\data\RxHandBD-ML\Train_Set\P4335.jpg,P4335.jpg,Napa Extend,Paracetamol,RxHandBD-ML,train,Napa,exact_clean,100.0,55
D:\ediprjcursor\data\datasetHand\Training\training_words\1282.png,1282.png,Filmet,Metronidazole,datasetHand,training,,,,32
D:\ediprjcursor\data\datasetHand\Training\training_words\699.png,699.png,Candinil,Fluconazole,datasetHand,training,,,,17
D:\ediprjcursor\data\datasetHand\Training\training_words\2456.png,2456.png,Omastin,Fluconazole,datasetHand,training,,,,61
D:\ediprjcursor\data\datasetHand\Training\training_words\1577.png,1577.png,Ketoral,Ketoconazole (Tablet),datasetHand,training,,,,39
D:\ediprjcursor\data\datasetHand\Training\training_words\1629.png,1629.png,Ketotab,Ketoconazole (Tablet),datasetHand,training,,,,40
D:\ediprjcursor\data\datasetHand\Training\training_words\282.png,282.png,Azyth,Azithromycin Dihydrate,datasetHand,training,,,,8
D:\ediprjcursor\data\datasetHand\Training\training_words\3036.png,3036.png,Trilock,Montelukast Sodium,datasetHand,training,,,,75
D:\ediprjcursor\data\datasetHand\Training\training_words\1376.png,1376.png,Flamyd,Metronidazole,datasetHand,training,,,,34
D:\ediprjcursor\data\datasetHand\Training\training_words\2337.png,2337.png,Nidazyl,Metronidazole,datasetHand,training,,,,58
D:\ediprjcursor\data\datasetHand\Training\training_words\2497.png,2497.png,Opton,Esomeprazole,datasetHand,training,,,,62
D:\ediprjcursor\data\datasetHand\Training\training_words\939.png,939.png,Dinafex,Fexofenadine Hydrochloride,datasetHand,training,,,,23
D:\ediprjcursor\data\datasetHand\Training\training_words\1953.png,1953.png,Metro,Metronidazole,datasetHand,training,,,,48
D:\ediprjcursor\data\datasetHand\Training\training_words\616.png,616.png,Bicozin,Vitamin B Complex + Zinc,datasetHand,training,,,,15
D:\ediprjcursor\data\datasetHand\Training\training_words\209.png,209.png,Axodin,Fexofenadine Hydrochloride,datasetHand,training,,,,5
D:\ediprjcursor\data\datasetHand\Training\training_words\2738.png,2738.png,Rivotril,Clonazepam,datasetHand,training,,,,68
D:\ediprjcursor\data\datasetHand\Training\training_words\506.png,506.png,Baclon,Baclofen,datasetHand,training,,,,12
D:\ediprjcursor\data\datasetHand\Training\training_words\2650.png,2650.png,Rhinil,Cetirizine Hydrochloride,datasetHand,training,,,,66
D:\ediprjcursor\data\RxHandBD-ML\Train_Set\P3629.jpg,P3629.jpg,Napa Extend,Paracetamol,RxHandBD-ML,train,Napa,exact_clean,100.0,55
D:\ediprjcursor\data\datasetHand\Training\training_words\135.png,135.png,Amodis,Metronidazole,datasetHand,training,,,,3
D:\ediprjcursor\data\datasetHand\Training\training_words\3074.png,3074.png,Vifas,Fexofenadine Hydrochloride,datasetHand,training,,,,76
D:\ediprjcursor\data\datasetHand\Training\training_words\1103.png,1103.png,Etizin,Cetirizine Hydrochloride,datasetHand,training,,,,27
D:\ediprjcursor\data\datasetHand\Training\training_words\1318.png,1318.png,Filmet,Metronidazole,datasetHand,training,,,,32
D:\ediprjcursor\data\datasetHand\Training\training_words\2045.png,2045.png,Montair,Montelukast Sodium,datasetHand,training,,,,51
D:\ediprjcursor\data\datasetHand\Training\training_words\1449.png,1449.png,Flexilax,Baclofen,datasetHand,training,,,,36
D:\ediprjcursor\data\datasetHand\Training\training_words\2236.png,2236.png,Napa,Paracetamol,datasetHand,training,,,,54
D:\ediprjcursor\data\datasetHand\Training\training_words\1951.png,1951.png,Metro,Metronidazole,datasetHand,training,,,,48
D:\ediprjcursor\data\datasetHand\Training\training_words\160.png,160.png,Atrizin,Cetirizine Hydrochloride,datasetHand,training,,,,4
D:\ediprjcursor\data\datasetHand\Training\training_words\3117.png,3117.png,Zithrin,Azithromycin Dihydrate,datasetHand,training,,,,77
D:\ediprjcursor\data\datasetHand\Training\training_words\1842.png,1842.png,Maxima,Esomeprazole,datasetHand,training,,,,46
D:\ediprjcursor\data\datasetHand\Training\training_words\2586.png,2586.png,Provair,Montelukast Sodium,datasetHand,training,,,,64
D:\ediprjcursor\data\datasetHand\Training\training_words\3115.png,3115.png,Zithrin,Azithromycin Dihydrate,datasetHand,training,,,,77
D:\ediprjcursor\data\datasetHand\Training\training_words\607.png,607.png,Bicozin,Vitamin B Complex + Zinc,datasetHand,training,,,,15
D:\ediprjcursor\data\datasetHand\Training\training_words\2517.png,2517.png,Opton,Esomeprazole,datasetHand,training,,,,62
D:\ediprjcursor\data\datasetHand\Training\training_words\2437.png,2437.png,Odmon,Montelukast Sodium,datasetHand,training,,,,60
D:\ediprjcursor\data\datasetHand\Training\training_words\525.png,525.png,Bacmax,Baclofen,datasetHand,training,,,,13
D:\ediprjcursor\data\RxHandBD-ML\Train_Set\P1708.jpg,P1708.jpg,Nexum,Esomeprazole,RxHandBD-ML,train,Nexum,exact_clean,100.0,57
D:\ediprjcursor\data\datasetHand\Training\training_words\2121.png,2121.png,Montex,Montelukast Sodium,datasetHand,training,,,,53
D:\ediprjcursor\data\datasetHand\Training\training_words\314.png,314.png,Azyth,Azithromycin Dihydrate,datasetHand,training,,,,8
D:\ediprjcursor\data\RxHandBD-ML\Train_Set\P3579.jpg,P3579.jpg,Napa Extend,Paracetamol,RxHandBD-ML,train,Napa,exact_clean,100.0,55
D:\ediprjcursor\data\datasetHand\Training\training_words\367.png,367.png,Bacaid,Baclofen,datasetHand,training,,,,9
D:\ediprjcursor\data\datasetHand\Training\training_words\324.png,324.png,Az,Azithromycin Dihydrate,datasetHand,training,,,,6
D:\ediprjcursor\data\datasetHand\Training\training_words\2917.png,2917.png,Tamen,Paracetamol,datasetHand,training,,,,72
D:\ediprjcursor\data\datasetHand\Training\training_words\3049.png,3049.png,Vifas,Fexofenadine Hydrochloride,datasetHand,training,,,,76
D:\ediprjcursor\data\datasetHand\Training\training_words\621.png,621.png,Bicozin,Vitamin B Complex + Zinc,datasetHand,training,,,,15
D:\ediprjcursor\data\datasetHand\Training\training_words\329.png,329.png,Az,Azithromycin Dihydrate,datasetHand,training,,,,6
D:\ediprjcursor\data\datasetHand\Training\training_words\1713.png,1713.png,Leptic,Clonazepam,datasetHand,training,,,,42
D:\ediprjcursor\data\datasetHand\Training\training_words\1333.png,1333.png,Fixal,Fexofenadine Hydrochloride,datasetHand,training,,,,33
D:\ediprjcursor\data\datasetHand\Training\training_words\1073.png,1073.png,Esoral,Esomeprazole,datasetHand,training,,,,26
D:\ediprjcursor\data\datasetHand\Training\training_words\377.png,377.png,Bacaid,Baclofen,datasetHand,training,,,,9
D:\ediprjcursor\data\datasetHand\Training\training_words\2144.png,2144.png,Montex,Montelukast Sodium,datasetHand,training,,,,53
D:\ediprjcursor\data\datasetHand\Training\training_words\2657.png,2657.png,Rhinil,Cetirizine Hydrochloride,datasetHand,training,,,,66
D:\ediprjcursor\data\RxHandBD-ML\Train_Set\P3139.jpg,P3139.jpg,Napa Extend,Paracetamol,RxHandBD-ML,train,Napa,exact_clean,100.0,55
D:\ediprjcursor\data\datasetHand\Training\training_words\484.png,484.png,Baclon,Baclofen,datasetHand,training,,,,12
D:\ediprjcursor\data\datasetHand\Training\training_words\1828.png,1828.png,M-Kast,Montelukast Sodium,datasetHand,training,,,,45
D:\ediprjcursor\data\datasetHand\Training\training_words\1009.png,1009.png,Esonix,Esomeprazole,datasetHand,training,,,,25
D:\ediprjcursor\data\RxHandBD-ML\Train_Set\P3852.jpg,P3852.jpg,Napa Extend,Paracetamol,RxHandBD-ML,train,Napa,exact_clean,100.0,55
D:\ediprjcursor\data\datasetHand\Training\training_words\2158.png,2158.png,Montex,Montelukast Sodium,datasetHand,training,,,,53
D:\ediprjcursor\data\datasetHand\Training\training_words\430.png,430.png,Backtone,Baclofen,datasetHand,training,,,,10
D:\ediprjcursor\data\datasetHand\Training\training_words\3017.png,3017.png,Trilock,Montelukast Sodium,datasetHand,training,,,,75
D:\ediprjcursor\data\datasetHand\Training\training_words\453.png,453.png,Baclofen,Baclofen,datasetHand,training,,,,11
D:\ediprjcursor\data\RxHandBD-ML\Train_Set\P4019.jpg,P4019.jpg,M-Kast,Montelukast Sodium,RxHandBD-ML,train,M-Kast,exact_clean,100.0,45
D:\ediprjcursor\data\datasetHand\Training\training_words\353.png,353.png,Az,Azithromycin Dihydrate,datasetHand,training,,,,6
D:\ediprjcursor\data\RxHandBD-ML\Train_Set\P3838.jpg,P3838.jpg,Napa Extend,Paracetamol,RxHandBD-ML,train,Napa,exact_clean,100.0,55
D:\ediprjcursor\data\RxHandBD-ML\Train_Set\P4462.jpg,P4462.jpg,Metro,Metronidazole,RxHandBD-ML,train,Metro,exact_clean,100.0,48
D:\ediprjcursor\data\datasetHand\Training\training_words\2721.png,2721.png,Rivotril,Clonazepam,datasetHand,training,,,,68
D:\ediprjcursor\data\datasetHand\Training\training_words\1600.png,1600.png,Ketotab,Ketoconazole (Tablet),datasetHand,training,,,,40
D:\ediprjcursor\data\datasetHand\Training\training_words\1565.png,1565.png,Ketoral,Ketoconazole (Tablet),datasetHand,training,,,,39
D:\ediprjcursor\data\datasetHand\Training\training_words\2547.png,2547.png,Progut,Esomeprazole,datasetHand,training,,,,63
D:\ediprjcursor\data\datasetHand\Training\training_words\1031.png,1031.png,Esonix,Esomeprazole,datasetHand,training,,,,25
D:\ediprjcursor\data\datasetHand\Training\training_words\814.png,814.png,Dancel,Ketoconazole (Shampoo),datasetHand,training,,,,20
D:\ediprjcursor\data\datasetHand\Training\training_words\213.png,213.png,Axodin,Fexofenadine Hydrochloride,datasetHand,training,,,,5
D:\ediprjcursor\data\datasetHand\Training\training_words\261.png,261.png,Azithrocin,Azithromycin Dihydrate,datasetHand,training,,,,7
D:\ediprjcursor\data\datasetHand\Training\training_words\2629.png,2629.png,Renova,Paracetamol,datasetHand,training,,,,65
D:\ediprjcursor\data\datasetHand\Training\training_words\682.png,682.png,Candinil,Fluconazole,datasetHand,training,,,,17
D:\ediprjcursor\data\datasetHand\Training\training_words\285.png,285.png,Azyth,Azithromycin Dihydrate,datasetHand,training,,,,8
D:\ediprjcursor\data\datasetHand\Training\training_words\294.png,294.png,Azyth,Azithromycin Dihydrate,datasetHand,training,,,,8
D:\ediprjcursor\data\RxHandBD-ML\Train_Set\P3606.jpg,P3606.jpg,Napa Extend,Paracetamol,RxHandBD-ML,train,Napa,exact_clean,100.0,55
D:\ediprjcursor\data\datasetHand\Training\training_words\1271.png,1271.png,Fexo,Fexofenadine Hydrochloride,datasetHand,training,,,,30
D:\ediprjcursor\data\datasetHand\Training\training_words\2469.png,2469.png,Omastin,Fluconazole,datasetHand,training,,,,61
D:\ediprjcursor\data\datasetHand\Training\training_words\3080.png,3080.png,Zithrin,Azithromycin Dihydrate,datasetHand,training,,,,77
D:\ediprjcursor\data\datasetHand\Training\training_words\19.png,19.png,Aceta,Paracetamol,datasetHand,training,,,,1
D:\ediprjcursor\data\datasetHand\Training\training_words\1657.png,1657.png,Ketozol,Ketoconazole (Shampoo),datasetHand,training,,,,41
D:\ediprjcursor\data\RxHandBD-ML\Train_Set\P3510.jpg,P3510.jpg,Napa Extend,Paracetamol,RxHandBD-ML,train,Napa,exact_clean,100.0,55
D:\ediprjcursor\data\datasetHand\Training\training_words\319.png,319.png,Azyth,Azithromycin Dihydrate,datasetHand,training,,,,8
D:\ediprjcursor\data\datasetHand\Training\training_words\2538.png,2538.png,Progut,Esomeprazole,datasetHand,training,,,,63
D:\ediprjcursor\data\RxHandBD-ML\Train_Set\P1739.jpg,P1739.jpg,Beklo,Baclofen,RxHandBD-ML,train,BEKLO,exact_clean,100.0,14
D:\ediprjcursor\data\datasetHand\Training\training_words\2912.png,2912.png,Tamen,Paracetamol,datasetHand,training,,,,72
D:\ediprjcursor\data\datasetHand\Training\training_words\750.png,750.png,Cetisoft,Cetirizine Hydrochloride,datasetHand,training,,,,18
D:\ediprjcursor\data\datasetHand\Training\training_words\130.png,130.png,Amodis,Metronidazole,datasetHand,training,,,,3
D:\ediprjcursor\data\datasetHand\Training\training_words\1651.png,1651.png,Ketozol,Ketoconazole (Shampoo),datasetHand,training,,,,41
D:\ediprjcursor\data\datasetHand\Training\training_words\332.png,332.png,Az,Azithromycin Dihydrate,datasetHand,training,,,,6
D:\ediprjcursor\data\datasetHand\Training\training_words\1683.png,1683.png,Leptic,Clonazepam,datasetHand,training,,,,42
D:\ediprjcursor\data\datasetHand\Training\training_words\96.png,96.png,Alatrol,Cetirizine Hydrochloride,datasetHand,training,,,,2
D:\ediprjcursor\data\datasetHand\Training\training_words\1064.png,1064.png,Esoral,Esomeprazole,datasetHand,training,,,,26
D:\ediprjcursor\data\datasetHand\Training\training_words\2436.png,2436.png,Odmon,Montelukast Sodium,datasetHand,training,,,,60
D:\ediprjcursor\data\RxHandBD-ML\Train_Set\P2383.jpg,P2383.jpg,Beklo,Baclofen,RxHandBD-ML,train,Beklo 10,exact_clean,100.0,14
D:\ediprjcursor\data\datasetHand\Training\training_words\483.png,483.png,Baclon,Baclofen,datasetHand,training,,,,12
D:\ediprjcursor\data\datasetHand\Training\training_words\656.png,656.png,Canazole,Fluconazole,datasetHand,training,,,,16
D:\ediprjcursor\data\datasetHand\Training\training_words\2634.png,2634.png,Renova,Paracetamol,datasetHand,training,,,,65
D:\ediprjcursor\data\datasetHand\Training\training_words\2255.png,2255.png,Nexcap,Esomeprazole,datasetHand,training,,,,56
D:\ediprjcursor\data\datasetHand\Training\training_words\2490.png,2490.png,Opton,Esomeprazole,datasetHand,training,,,,62
D:\ediprjcursor\data\datasetHand\Training\training_words\851.png,851.png,Denixil,Clonazepam,datasetHand,training,,,,21
D:\ediprjcursor\data\datasetHand\Training\training_words\1348.png,1348.png,Fixal,Fexofenadine Hydrochloride,datasetHand,training,,,,33
D:\ediprjcursor\data\datasetHand\Training\training_words\2322.png,2322.png,Nidazyl,Metronidazole,datasetHand,training,,,,58
D:\ediprjcursor\data\datasetHand\Training\training_words\820.png,820.png,Dancel,Ketoconazole (Shampoo),datasetHand,training,,,,20
D:\ediprjcursor\data\datasetHand\Training\training_words\3085.png,3085.png,Zithrin,Azithromycin Dihydrate,datasetHand,training,,,,77
D:\ediprjcursor\data\datasetHand\Training\training_words\760.png,760.png,Conaz,Fluconazole,datasetHand,training,,,,19
D:\ediprjcursor\data\datasetHand\Training\training_words\878.png,878.png,Denixil,Clonazepam,datasetHand,training,,,,21
D:\ediprjcursor\data\datasetHand\Training\training_words\1890.png,1890.png,Maxpro,Esomeprazole,datasetHand,training,,,,47
D:\ediprjcursor\data\datasetHand\Training\training_words\3066.png,3066.png,Vifas,Fexofenadine Hydrochloride,datasetHand,training,,,,76
D:\ediprjcursor\data\datasetHand\Training\training_words\2791.png,2791.png,Romycin,Azithromycin Dihydrate (Ophthalmic),datasetHand,training,,,,69
D:\ediprjcursor\data\datasetHand\Training\training_words\1700.png,1700.png,Leptic,Clonazepam,datasetHand,training,,,,42
D:\ediprjcursor\data\datasetHand\Training\training_words\1465.png,1465.png,Flexilax,Baclofen,datasetHand,training,,,,36
D:\ediprjcursor\data\RxHandBD-ML\Train_Set\P4638.jpg,P4638.jpg,Napa Extend,Paracetamol,RxHandBD-ML,train,napa,exact_clean,100.0,55
D:\ediprjcursor\data\RxHandBD-ML\Train_Set\P3146.jpg,P3146.jpg,Napa Extend,Paracetamol,RxHandBD-ML,train,Napa,exact_clean,100.0,55
D:\ediprjcursor\data\datasetHand\Training\training_words\137.png,137.png,Amodis,Metronidazole,datasetHand,training,,,,3
D:\ediprjcursor\data\datasetHand\Training\training_words\1226.png,1226.png,Fexofast,Fexofenadine Hydrochloride,datasetHand,training,,,,31
D:\ediprjcursor\data\datasetHand\Training\training_words\360.png,360.png,Bacaid,Baclofen,datasetHand,training,,,,9
D:\ediprjcursor\data\datasetHand\Training\training_words\1539.png,1539.png,Ketocon,Ketoconazole (Shampoo),datasetHand,training,,,,38
D:\ediprjcursor\data\datasetHand\Training\training_words\1717.png,1717.png,Leptic,Clonazepam,datasetHand,training,,,,42
D:\ediprjcursor\data\datasetHand\Training\training_words\2174.png,2174.png,Napa Extend,Paracetamol,datasetHand,training,,,,55
D:\ediprjcursor\data\datasetHand\Training\training_words\196.png,196.png,Atrizin,Cetirizine Hydrochloride,datasetHand,training,,,,4
D:\ediprjcursor\data\datasetHand\Training\training_words\2113.png,2113.png,Montene,Montelukast Sodium,datasetHand,training,,,,52
D:\ediprjcursor\data\datasetHand\Training\training_words\2368.png,2368.png,Nizoder,Ketoconazole (Cream),datasetHand,training,,,,59
D:\ediprjcursor\data\RxHandBD-ML\Train_Set\P2698.jpg,P2698.jpg,Filmet,Metronidazole,RxHandBD-ML,train,Filmet,exact_clean,100.0,32
D:\ediprjcursor\data\datasetHand\Training\training_words\853.png,853.png,Denixil,Clonazepam,datasetHand,training,,,,21
D:\ediprjcursor\data\RxHandBD-ML\Train_Set\P4238.jpg,P4238.jpg,Napa Extend,Paracetamol,RxHandBD-ML,train,Napa,exact_clean,100.0,55
D:\ediprjcursor\data\datasetHand\Training\training_words\1072.png,1072.png,Esoral,Esomeprazole,datasetHand,training,,,,26
D:\ediprjcursor\data\datasetHand\Training\training_words\3013.png,3013.png,Trilock,Montelukast Sodium,datasetHand,training,,,,75
D:\ediprjcursor\data\datasetHand\Training\training_words\837.png,837.png,Dancel,Ketoconazole (Shampoo),datasetHand,training,,,,20
D:\ediprjcursor\data\datasetHand\Training\training_words\284.png,284.png,Azyth,Azithromycin Dihydrate,datasetHand,training,,,,8
D:\ediprjcursor\data\datasetHand\Training\training_words\2560.png,2560.png,Provair,Montelukast Sodium,datasetHand,training,,,,64
D:\ediprjcursor\data\datasetHand\Training\training_words\762.png,762.png,Conaz,Fluconazole,datasetHand,training,,,,19
D:\ediprjcursor\data\datasetHand\Training\training_words\2717.png,2717.png,Ritch,Fexofenadine Hydrochloride,datasetHand,training,,,,67
D:\ediprjcursor\data\datasetHand\Training\training_words\414.png,414.png,Backtone,Baclofen,datasetHand,training,,,,10
D:\ediprjcursor\data\datasetHand\Training\training_words\726.png,726.png,Cetisoft,Cetirizine Hydrochloride,datasetHand,training,,,,18
D:\ediprjcursor\data\datasetHand\Training\training_words\2383.png,2383.png,Nizoder,Ketoconazole (Cream),datasetHand,training,,,,59
D:\ediprjcursor\data\datasetHand\Training\training_words\3091.png,3091.png,Zithrin,Azithromycin Dihydrate,datasetHand,training,,,,77
D:\ediprjcursor\data\datasetHand\Training\training_words\808.png,808.png,Dancel,Ketoconazole (Shampoo),datasetHand,training,,,,20
D:\ediprjcursor\data\datasetHand\Training\training_words\2761.png,2761.png,Romycin,Azithromycin Dihydrate (Ophthalmic),datasetHand,training,,,,69
D:\ediprjcursor\data\datasetHand\Training\training_words\40.png,40.png,Ace,Paracetamol,datasetHand,training,,,,0
D:\ediprjcursor\data\datasetHand\Training\training_words\2771.png,2771.png,Romycin,Azithromycin Dihydrate (Ophthalmic),datasetHand,training,,,,69
D:\ediprjcursor\data\datasetHand\Training\training_words\1993.png,1993.png,Metsina,Metronidazole,datasetHand,training,,,,49
D:\ediprjcursor\data\datasetHand\Training\training_words\422.png,422.png,Backtone,Baclofen,datasetHand,training,,,,10
D:\ediprjcursor\data\RxHandBD-ML\Train_Set\P1345.jpg,P1345.jpg,Maxpro,Esomeprazole,RxHandBD-ML,train,Max Pro,exact_clean,100.0,47
D:\ediprjcursor\data\datasetHand\Training\training_words\1150.png,1150.png,Exium,Esomeprazole,datasetHand,training,,,,28
D:\ediprjcursor\data\datasetHand\Training\training_words\1054.png,1054.png,Esoral,Esomeprazole,datasetHand,training,,,,26
D:\ediprjcursor\data\RxHandBD-ML\Train_Set\P1868.jpg,P1868.jpg,Montene,Montelukast Sodium,RxHandBD-ML,train,montene,exact_clean,100.0,52
D:\ediprjcursor\data\datasetHand\Training\training_words\2476.png,2476.png,Omastin,Fluconazole,datasetHand,training,,,,61
D:\ediprjcursor\data\datasetHand\Training\training_words\2774.png,2774.png,Romycin,Azithromycin Dihydrate (Ophthalmic),datasetHand,training,,,,69
D:\ediprjcursor\data\datasetHand\Training\training_words\2441.png,2441.png,Omastin,Fluconazole,datasetHand,training,,,,61
D:\ediprjcursor\data\datasetHand\Training\training_words\1927.png,1927.png,Metro,Metronidazole,datasetHand,training,,,,48
D:\ediprjcursor\data\datasetHand\Training\training_words\2350.png,2350.png,Nidazyl,Metronidazole,datasetHand,training,,,,58
D:\ediprjcursor\data\datasetHand\Training\training_words\2921.png,2921.png,Telfast,Fexofenadine Hydrochloride,datasetHand,training,,,,73
D:\ediprjcursor\data\datasetHand\Training\training_words\115.png,115.png,Alatrol,Cetirizine Hydrochloride,datasetHand,training,,,,2
D:\ediprjcursor\data\datasetHand\Training\training_words\2321.png,2321.png,Nidazyl,Metronidazole,datasetHand,training,,,,58
D:\ediprjcursor\data\datasetHand\Training\training_words\2203.png,2203.png,Napa,Paracetamol,datasetHand,training,,,,54
D:\ediprjcursor\data\datasetHand\Training\training_words\207.png,207.png,Axodin,Fexofenadine Hydrochloride,datasetHand,training,,,,5
D:\ediprjcursor\data\datasetHand\Training\training_words\1205.png,1205.png,Fexofast,Fexofenadine Hydrochloride,datasetHand,training,,,,31
D:\ediprjcursor\data\datasetHand\Training\training_words\2823.png,2823.png,Rozith,Azithromycin Dihydrate,datasetHand,training,,,,70
D:\ediprjcursor\data\datasetHand\Training\training_words\606.png,606.png,Bicozin,Vitamin B Complex + Zinc,datasetHand,training,,,,15
D:\ediprjcursor\data\RxHandBD-ML\Train_Set\P4512.jpg,P4512.jpg,Napa Extend,Paracetamol,RxHandBD-ML,train,napa,exact_clean,100.0,55
D:\ediprjcursor\data\RxHandBD-ML\Train_Set\P4043.jpg,P4043.jpg,Ace,Paracetamol,RxHandBD-ML,train,Ace,exact_clean,100.0,0
D:\ediprjcursor\data\datasetHand\Training\training_words\605.png,605.png,Bicozin,Vitamin B Complex + Zinc,datasetHand,training,,,,15
D:\ediprjcursor\data\datasetHand\Training\training_words\1480.png,1480.png,Flugal,Fluconazole,datasetHand,training,,,,37
D:\ediprjcursor\data\datasetHand\Training\training_words\1137.png,1137.png,Exium,Esomeprazole,datasetHand,training,,,,28
D:\ediprjcursor\data\datasetHand\Training\training_words\273.png,273.png,Azithrocin,Azithromycin Dihydrate,datasetHand,training,,,,7
D:\ediprjcursor\data\datasetHand\Training\training_words\2126.png,2126.png,Montex,Montelukast Sodium,datasetHand,training,,,,53
D:\ediprjcursor\data\datasetHand\Training\training_words\723.png,723.png,Cetisoft,Cetirizine Hydrochloride,datasetHand,training,,,,18
D:\ediprjcursor\data\datasetHand\Training\training_words\1559.png,1559.png,Ketocon,Ketoconazole (Shampoo),datasetHand,training,,,,38
D:\ediprjcursor\data\datasetHand\Training\training_words\2364.png,2364.png,Nizoder,Ketoconazole (Cream),datasetHand,training,,,,59
D:\ediprjcursor\data\datasetHand\Training\training_words\962.png,962.png,Disopan,Clonazepam,datasetHand,training,,,,24
D:\ediprjcursor\data\datasetHand\Training\training_words\3052.png,3052.png,Vifas,Fexofenadine Hydrochloride,datasetHand,training,,,,76
D:\ediprjcursor\data\datasetHand\Training\training_words\2601.png,2601.png,Renova,Paracetamol,datasetHand,training,,,,65
D:\ediprjcursor\data\datasetHand\Training\training_words\1519.png,1519.png,Flugal,Fluconazole,datasetHand,training,,,,37
D:\ediprjcursor\data\datasetHand\Training\training_words\1648.png,1648.png,Ketozol,Ketoconazole (Shampoo),datasetHand,training,,,,41
D:\ediprjcursor\data\datasetHand\Training\training_words\2420.png,2420.png,Odmon,Montelukast Sodium,datasetHand,training,,,,60
D:\ediprjcursor\data\RxHandBD-ML\Train_Set\P1986.jpg,P1986.jpg,Napa Extend,Paracetamol,RxHandBD-ML,train,Napa,exact_clean,100.0,55
D:\ediprjcursor\data\datasetHand\Training\training_words\1083.png,1083.png,Etizin,Cetirizine Hydrochloride,datasetHand,training,,,,27
D:\ediprjcursor\data\RxHandBD-ML\Train_Set\P5224.jpg,P5224.jpg,Esoral,Esomeprazole,RxHandBD-ML,train,esoral,exact_clean,100.0,26
D:\ediprjcursor\data\RxHandBD-ML\Train_Set\P3207.jpg,P3207.jpg,Napa Extend,Paracetamol,RxHandBD-ML,train,Napa,exact_clean,100.0,55
D:\ediprjcursor\data\datasetHand\Training\training_words\2772.png,2772.png,Romycin,Azithromycin Dihydrate (Ophthalmic),datasetHand,training,,,,69
D:\ediprjcursor\data\datasetHand\Training\training_words\1904.png,1904.png,Maxpro,Esomeprazole,datasetHand,training,,,,47
D:\ediprjcursor\data\datasetHand\Training\training_words\425.png,425.png,Backtone,Baclofen,datasetHand,training,,,,10
D:\ediprjcursor\data\datasetHand\Training\training_words\1371.png,1371.png,Flamyd,Metronidazole,datasetHand,training,,,,34
D:\ediprjcursor\data\datasetHand\Training\training_words\1635.png,1635.png,Ketotab,Ketoconazole (Tablet),datasetHand,training,,,,40
D:\ediprjcursor\data\datasetHand\Training\training_words\2870.png,2870.png,Sergel,Esomeprazole,datasetHand,training,,,,71
D:\ediprjcursor\data\RxHandBD-ML\Train_Set\P2222.jpg,P2222.jpg,Flugal,Fluconazole,RxHandBD-ML,train,Flugal,exact_clean,100.0,37
D:\ediprjcursor\data\RxHandBD-ML\Train_Set\P3859.jpg,P3859.jpg,Napa Extend,Paracetamol,RxHandBD-ML,train,Napa,exact_clean,100.0,55
D:\ediprjcursor\data\datasetHand\Training\training_words\697.png,697.png,Candinil,Fluconazole,datasetHand,training,,,,17
D:\ediprjcursor\data\datasetHand\Training\training_words\2570.png,2570.png,Provair,Montelukast Sodium,datasetHand,training,,,,64
D:\ediprjcursor\data\datasetHand\Training\training_words\3070.png,3070.png,Vifas,Fexofenadine Hydrochloride,datasetHand,training,,,,76
D:\ediprjcursor\data\datasetHand\Training\training_words\1964.png,1964.png,Metsina,Metronidazole,datasetHand,training,,,,49
D:\ediprjcursor\data\datasetHand\Training\training_words\1068.png,1068.png,Esoral,Esomeprazole,datasetHand,training,,,,26
D:\ediprjcursor\data\datasetHand\Training\training_words\1846.png,1846.png,Maxima,Esomeprazole,datasetHand,training,,,,46
D:\ediprjcursor\data\RxHandBD-ML\Train_Set\P1586.jpg,P1586.jpg,Nexum,Esomeprazole,RxHandBD-ML,train,Nexum,exact_clean,100.0,57
D:\ediprjcursor\data\datasetHand\Training\training_words\748.png,748.png,Cetisoft,Cetirizine Hydrochloride,datasetHand,training,,,,18
D:\ediprjcursor\data\datasetHand\Training\training_words\635.png,635.png,Bicozin,Vitamin B Complex + Zinc,datasetHand,training,,,,15
D:\ediprjcursor\data\datasetHand\Training\training_words\1350.png,1350.png,Fixal,Fexofenadine Hydrochloride,datasetHand,training,,,,33
D:\ediprjcursor\data\datasetHand\Training\training_words\1829.png,1829.png,M-Kast,Montelukast Sodium,datasetHand,training,,,,45
D:\ediprjcursor\data\RxHandBD-ML\Train_Set\P3929.jpg,P3929.jpg,Fexo,Fexofenadine Hydrochloride,RxHandBD-ML,train,Fexo,exact_clean,100.0,30
D:\ediprjcursor\data\datasetHand\Training\training_words\2254.png,2254.png,Nexcap,Esomeprazole,datasetHand,training,,,,56
D:\ediprjcursor\data\datasetHand\Training\training_words\2041.png,2041.png,Montair,Montelukast Sodium,datasetHand,training,,,,51
D:\ediprjcursor\data\datasetHand\Training\training_words\3101.png,3101.png,Zithrin,Azithromycin Dihydrate,datasetHand,training,,,,77
D:\ediprjcursor\data\RxHandBD-ML\Train_Set\P3186.jpg,P3186.jpg,Renova,Paracetamol,RxHandBD-ML,train,Renova,exact_clean,100.0,65
D:\ediprjcursor\data\datasetHand\Training\training_words\2776.png,2776.png,Romycin,Azithromycin Dihydrate (Ophthalmic),datasetHand,training,,,,69
D:\ediprjcursor\data\datasetHand\Training\training_words\1855.png,1855.png,Maxima,Esomeprazole,datasetHand,training,,,,46
D:\ediprjcursor\data\datasetHand\Training\training_words\2590.png,2590.png,Provair,Montelukast Sodium,datasetHand,training,,,,64
D:\ediprjcursor\data\RxHandBD-ML\Train_Set\P5259.jpg,P5259.jpg,Flamyd,Metronidazole,RxHandBD-ML,train,flamyd,exact_clean,100.0,34
D:\ediprjcursor\data\RxHandBD-ML\Train_Set\P2038.jpg,P2038.jpg,Nexum,Esomeprazole,RxHandBD-ML,train,Nexum,exact_clean,100.0,57
D:\ediprjcursor\data\RxHandBD-ML\Train_Set\P3893.jpg,P3893.jpg,Sergel,Esomeprazole,RxHandBD-ML,train,Sergel,exact_clean,100.0,71
D:\ediprjcursor\data\datasetHand\Training\training_words\1965.png,1965.png,Metsina,Metronidazole,datasetHand,training,,,,49
D:\ediprjcursor\data\datasetHand\Training\training_words\2889.png,2889.png,Tamen,Paracetamol,datasetHand,training,,,,72
D:\ediprjcursor\data\datasetHand\Training\training_words\2542.png,2542.png,Progut,Esomeprazole,datasetHand,training,,,,63
D:\ediprjcursor\data\datasetHand\Training\training_words\2153.png,2153.png,Montex,Montelukast Sodium,datasetHand,training,,,,53
D:\ediprjcursor\data\datasetHand\Training\training_words\2250.png,2250.png,Nexcap,Esomeprazole,datasetHand,training,,,,56
D:\ediprjcursor\data\RxHandBD-ML\Train_Set\P2327.jpg,P2327.jpg,Montene,Montelukast Sodium,RxHandBD-ML,train,Montene,exact_clean,100.0,52
D:\ediprjcursor\data\datasetHand\Training\training_words\852.png,852.png,Denixil,Clonazepam,datasetHand,training,,,,21
D:\ediprjcursor\data\datasetHand\Training\training_words\197.png,197.png,Atrizin,Cetirizine Hydrochloride,datasetHand,training,,,,4
D:\ediprjcursor\data\datasetHand\Training\training_words\1888.png,1888.png,Maxpro,Esomeprazole,datasetHand,training,,,,47
D:\ediprjcursor\data\RxHandBD-ML\Train_Set\P1193.jpg,P1193.jpg,Monas,Montelukast Sodium,RxHandBD-ML,train,Monas,exact_clean,100.0,50
D:\ediprjcursor\data\datasetHand\Training\training_words\320.png,320.png,Az,Azithromycin Dihydrate,datasetHand,training,,,,6
D:\ediprjcursor\data\datasetHand\Training\training_words\1317.png,1317.png,Filmet,Metronidazole,datasetHand,training,,,,32
D:\ediprjcursor\data\datasetHand\Training\training_words\585.png,585.png,Beklo,Baclofen,datasetHand,training,,,,14
D:\ediprjcursor\data\RxHandBD-ML\Train_Set\P3857.jpg,P3857.jpg,Napa Extend,Paracetamol,RxHandBD-ML,train,Napa,exact_clean,100.0,55
D:\ediprjcursor\data\datasetHand\Training\training_words\1274.png,1274.png,Fexo,Fexofenadine Hydrochloride,datasetHand,training,,,,30
D:\ediprjcursor\data\datasetHand\Training\training_words\1308.png,1308.png,Filmet,Metronidazole,datasetHand,training,,,,32
D:\ediprjcursor\data\datasetHand\Training\training_words\597.png,597.png,Beklo,Baclofen,datasetHand,training,,,,14
D:\ediprjcursor\data\datasetHand\Training\training_words\2588.png,2588.png,Provair,Montelukast Sodium,datasetHand,training,,,,64
D:\ediprjcursor\data\datasetHand\Training\training_words\1710.png,1710.png,Leptic,Clonazepam,datasetHand,training,,,,42
D:\ediprjcursor\data\datasetHand\Training\training_words\55.png,55.png,Ace,Paracetamol,datasetHand,training,,,,0
D:\ediprjcursor\data\datasetHand\Training\training_words\1346.png,1346.png,Fixal,Fexofenadine Hydrochloride,datasetHand,training,,,,33
D:\ediprjcursor\data\datasetHand\Training\training_words\1915.png,1915.png,Maxpro,Esomeprazole,datasetHand,training,,,,47
D:\ediprjcursor\data\datasetHand\Training\training_words\1841.png,1841.png,Maxima,Esomeprazole,datasetHand,training,,,,46
D:\ediprjcursor\data\datasetHand\Training\training_words\255.png,255.png,Azithrocin,Azithromycin Dihydrate,datasetHand,training,,,,7
D:\ediprjcursor\data\datasetHand\Training\training_words\308.png,308.png,Azyth,Azithromycin Dihydrate,datasetHand,training,,,,8
D:\ediprjcursor\data\datasetHand\Training\training_words\552.png,552.png,Bacmax,Baclofen,datasetHand,training,,,,13
D:\ediprjcursor\data\datasetHand\Training\training_words\1188.png,1188.png,Fenadin,Fexofenadine Hydrochloride,datasetHand,training,,,,29
D:\ediprjcursor\data\datasetHand\Training\training_words\2135.png,2135.png,Montex,Montelukast Sodium,datasetHand,training,,,,53
D:\ediprjcursor\data\datasetHand\Training\training_words\767.png,767.png,Conaz,Fluconazole,datasetHand,training,,,,19
D:\ediprjcursor\data\datasetHand\Training\training_words\487.png,487.png,Baclon,Baclofen,datasetHand,training,,,,12
D:\ediprjcursor\data\datasetHand\Training\training_words\1337.png,1337.png,Fixal,Fexofenadine Hydrochloride,datasetHand,training,,,,33
D:\ediprjcursor\data\datasetHand\Training\training_words\1913.png,1913.png,Maxpro,Esomeprazole,datasetHand,training,,,,47
D:\ediprjcursor\data\datasetHand\Training\training_words\629.png,629.png,Bicozin,Vitamin B Complex + Zinc,datasetHand,training,,,,15
D:\ediprjcursor\data\datasetHand\Training\training_words\1470.png,1470.png,Flexilax,Baclofen,datasetHand,training,,,,36
D:\ediprjcursor\data\datasetHand\Training\training_words\1383.png,1383.png,Flamyd,Metronidazole,datasetHand,training,,,,34
D:\ediprjcursor\data\datasetHand\Training\training_words\1280.png,1280.png,Filmet,Metronidazole,datasetHand,training,,,,32
D:\ediprjcursor\data\datasetHand\Training\training_words\1481.png,1481.png,Flugal,Fluconazole,datasetHand,training,,,,37
D:\ediprjcursor\data\datasetHand\Training\training_words\2412.png,2412.png,Odmon,Montelukast Sodium,datasetHand,training,,,,60
D:\ediprjcursor\data\datasetHand\Training\training_words\562.png,562.png,Beklo,Baclofen,datasetHand,training,,,,14
D:\ediprjcursor\data\datasetHand\Training\training_words\223.png,223.png,Axodin,Fexofenadine Hydrochloride,datasetHand,training,,,,5
D:\ediprjcursor\data\datasetHand\Training\training_words\756.png,756.png,Cetisoft,Cetirizine Hydrochloride,datasetHand,training,,,,18
D:\ediprjcursor\data\datasetHand\Training\training_words\776.png,776.png,Conaz,Fluconazole,datasetHand,training,,,,19
D:\ediprjcursor\data\datasetHand\Training\training_words\1301.png,1301.png,Filmet,Metronidazole,datasetHand,training,,,,32
D:\ediprjcursor\data\datasetHand\Training\training_words\2913.png,2913.png,Tamen,Paracetamol,datasetHand,training,,,,72
D:\ediprjcursor\data\datasetHand\Training\training_words\349.png,349.png,Az,Azithromycin Dihydrate,datasetHand,training,,,,6
D:\ediprjcursor\data\datasetHand\Training\training_words\433.png,433.png,Backtone,Baclofen,datasetHand,training,,,,10
D:\ediprjcursor\data\datasetHand\Training\training_words\2432.png,2432.png,Odmon,Montelukast Sodium,datasetHand,training,,,,60
D:\ediprjcursor\data\datasetHand\Training\training_words\561.png,561.png,Beklo,Baclofen,datasetHand,training,,,,14
D:\ediprjcursor\data\datasetHand\Training\training_words\392.png,392.png,Bacaid,Baclofen,datasetHand,training,,,,9
D:\ediprjcursor\data\datasetHand\Training\training_words\1189.png,1189.png,Fenadin,Fexofenadine Hydrochloride,datasetHand,training,,,,29
D:\ediprjcursor\data\datasetHand\Training\training_words\567.png,567.png,Beklo,Baclofen,datasetHand,training,,,,14
D:\ediprjcursor\data\datasetHand\Training\training_words\2702.png,2702.png,Ritch,Fexofenadine Hydrochloride,datasetHand,training,,,,67
D:\ediprjcursor\data\datasetHand\Training\training_words\904.png,904.png,Diflu,Fluconazole,datasetHand,training,,,,22
D:\ediprjcursor\data\datasetHand\Training\training_words\2944.png,2944.png,Telfast,Fexofenadine Hydrochloride,datasetHand,training,,,,73
D:\ediprjcursor\data\RxHandBD-ML\Train_Set\P2265.jpg,P2265.jpg,Nexum,Esomeprazole,RxHandBD-ML,train,Nexum,exact_clean,100.0,57
D:\ediprjcursor\data\datasetHand\Training\training_words\2309.png,2309.png,Nexum,Esomeprazole,datasetHand,training,,,,57
D:\ediprjcursor\data\datasetHand\Training\training_words\57.png,57.png,Ace,Paracetamol,datasetHand,training,,,,0
D:\ediprjcursor\data\datasetHand\Training\training_words\838.png,838.png,Dancel,Ketoconazole (Shampoo),datasetHand,training,,,,20
D:\ediprjcursor\data\datasetHand\Training\training_words\1838.png,1838.png,M-Kast,Montelukast Sodium,datasetHand,training,,,,45
D:\ediprjcursor\data\datasetHand\Training\training_words\2042.png,2042.png,Montair,Montelukast Sodium,datasetHand,training,,,,51
D:\ediprjcursor\data\datasetHand\Training\training_words\1697.png,1697.png,Leptic,Clonazepam,datasetHand,training,,,,42
D:\ediprjcursor\data\RxHandBD-ML\Train_Set\P3869.jpg,P3869.jpg,Sergel,Esomeprazole,RxHandBD-ML,train,Sergel,exact_clean,100.0,71
D:\ediprjcursor\data\datasetHand\Training\training_words\2833.png,2833.png,Rozith,Azithromycin Dihydrate,datasetHand,training,,,,70
D:\ediprjcursor\data\datasetHand\Training\training_words\2030.png,2030.png,Monas,Montelukast Sodium,datasetHand,training,,,,50
D:\ediprjcursor\data\RxHandBD-ML\Train_Set\P4112.jpg,P4112.jpg,Monas,Montelukast Sodium,RxHandBD-ML,train,Monas,exact_clean,100.0,50
D:\ediprjcursor\data\datasetHand\Training\training_words\2839.png,2839.png,Rozith,Azithromycin Dihydrate,datasetHand,training,,,,70
D:\ediprjcursor\data\datasetHand\Training\training_words\3067.png,3067.png,Vifas,Fexofenadine Hydrochloride,datasetHand,training,,,,76
D:\ediprjcursor\data\datasetHand\Training\training_words\148.png,148.png,Amodis,Metronidazole,datasetHand,training,,,,3
D:\ediprjcursor\data\datasetHand\Training\training_words\2549.png,2549.png,Progut,Esomeprazole,datasetHand,training,,,,63
D:\ediprjcursor\data\datasetHand\Training\training_words\1673.png,1673.png,Ketozol,Ketoconazole (Shampoo),datasetHand,training,,,,41
D:\ediprjcursor\data\datasetHand\Training\training_words\917.png,917.png,Diflu,Fluconazole,datasetHand,training,,,,22
D:\ediprjcursor\data\RxHandBD-ML\Train_Set\P2133.jpg,P2133.jpg,Rivotril,Clonazepam,RxHandBD-ML,train,Rivotril,exact_clean,100.0,68
D:\ediprjcursor\data\datasetHand\Training\training_words\226.png,226.png,Axodin,Fexofenadine Hydrochloride,datasetHand,training,,,,5
D:\ediprjcursor\data\datasetHand\Training\training_words\654.png,654.png,Canazole,Fluconazole,datasetHand,training,,,,16
D:\ediprjcursor\data\datasetHand\Training\training_words\1114.png,1114.png,Etizin,Cetirizine Hydrochloride,datasetHand,training,,,,27
D:\ediprjcursor\data\datasetHand\Training\training_words\2284.png,2284.png,Nexum,Esomeprazole,datasetHand,training,,,,57
D:\ediprjcursor\data\datasetHand\Training\training_words\2923.png,2923.png,Telfast,Fexofenadine Hydrochloride,datasetHand,training,,,,73
D:\ediprjcursor\data\datasetHand\Training\training_words\468.png,468.png,Baclofen,Baclofen,datasetHand,training,,,,11
D:\ediprjcursor\data\datasetHand\Training\training_words\816.png,816.png,Dancel,Ketoconazole (Shampoo),datasetHand,training,,,,20
D:\ediprjcursor\data\datasetHand\Training\training_words\498.png,498.png,Baclon,Baclofen,datasetHand,training,,,,12
D:\ediprjcursor\data\datasetHand\Training\training_words\2769.png,2769.png,Romycin,Azithromycin Dihydrate (Ophthalmic),datasetHand,training,,,,69
D:\ediprjcursor\data\datasetHand\Training\training_words\2098.png,2098.png,Montene,Montelukast Sodium,datasetHand,training,,,,52
D:\ediprjcursor\data\datasetHand\Training\training_words\3060.png,3060.png,Vifas,Fexofenadine Hydrochloride,datasetHand,training,,,,76
D:\ediprjcursor\data\RxHandBD-ML\Train_Set\P2994.jpg,P2994.jpg,Nexum,Esomeprazole,RxHandBD-ML,train,Nexum,exact_clean,100.0,57
D:\ediprjcursor\data\datasetHand\Training\training_words\1292.png,1292.png,Filmet,Metronidazole,datasetHand,training,,,,32
D:\ediprjcursor\data\datasetHand\Training\training_words\1976.png,1976.png,Metsina,Metronidazole,datasetHand,training,,,,49
D:\ediprjcursor\data\datasetHand\Training\training_words\2299.png,2299.png,Nexum,Esomeprazole,datasetHand,training,,,,57
D:\ediprjcursor\data\datasetHand\Training\training_words\154.png,154.png,Amodis,Metronidazole,datasetHand,training,,,,3
D:\ediprjcursor\data\datasetHand\Training\training_words\2314.png,2314.png,Nexum,Esomeprazole,datasetHand,training,,,,57
D:\ediprjcursor\data\datasetHand\Training\training_words\1878.png,1878.png,Maxima,Esomeprazole,datasetHand,training,,,,46
D:\ediprjcursor\data\datasetHand\Training\training_words\2504.png,2504.png,Opton,Esomeprazole,datasetHand,training,,,,62
D:\ediprjcursor\data\datasetHand\Training\training_words\2837.png,2837.png,Rozith,Azithromycin Dihydrate,datasetHand,training,,,,70
D:\ediprjcursor\data\datasetHand\Training\training_words\431.png,431.png,Backtone,Baclofen,datasetHand,training,,,,10
D:\ediprjcursor\data\datasetHand\Training\training_words\2988.png,2988.png,Tridosil,Azithromycin Dihydrate,datasetHand,training,,,,74
D:\ediprjcursor\data\datasetHand\Training\training_words\1721.png,1721.png,Lucan-R,Fluconazole,datasetHand,training,,,,43
D:\ediprjcursor\data\datasetHand\Training\training_words\1027.png,1027.png,Esonix,Esomeprazole,datasetHand,training,,,,25
D:\ediprjcursor\data\datasetHand\Training\training_words\676.png,676.png,Canazole,Fluconazole,datasetHand,training,,,,16
D:\ediprjcursor\data\datasetHand\Training\training_words\1157.png,1157.png,Exium,Esomeprazole,datasetHand,training,,,,28
D:\ediprjcursor\data\datasetHand\Training\training_words\2624.png,2624.png,Renova,Paracetamol,datasetHand,training,,,,65
D:\ediprjcursor\data\datasetHand\Training\training_words\1213.png,1213.png,Fexofast,Fexofenadine Hydrochloride,datasetHand,training,,,,31
D:\ediprjcursor\data\datasetHand\Training\training_words\2591.png,2591.png,Provair,Montelukast Sodium,datasetHand,training,,,,64
D:\ediprjcursor\data\datasetHand\Training\training_words\2145.png,2145.png,Montex,Montelukast Sodium,datasetHand,training,,,,53
D:\ediprjcursor\data\datasetHand\Training\training_words\937.png,937.png,Dinafex,Fexofenadine Hydrochloride,datasetHand,training,,,,23
D:\ediprjcursor\data\datasetHand\Training\training_words\2076.png,2076.png,Montair,Montelukast Sodium,datasetHand,training,,,,51
D:\ediprjcursor\data\RxHandBD-ML\Train_Set\P2619.jpg,P2619.jpg,Telfast,Fexofenadine Hydrochloride,RxHandBD-ML,train,Telfast,exact_clean,100.0,73
D:\ediprjcursor\data\datasetHand\Training\training_words\2067.png,2067.png,Montair,Montelukast Sodium,datasetHand,training,,,,51
D:\ediprjcursor\data\datasetHand\Training\training_words\1433.png,1433.png,Flexibac,Baclofen,datasetHand,training,,,,35
D:\ediprjcursor\data\datasetHand\Training\training_words\2213.png,2213.png,Napa,Paracetamol,datasetHand,training,,,,54
D:\ediprjcursor\data\RxHandBD-ML\Train_Set\P5389.jpg,P5389.jpg,Napa Extend,Paracetamol,RxHandBD-ML,train,napa,exact_clean,100.0,55
D:\ediprjcursor\data\RxHandBD-ML\Train_Set\P3250.jpg,P3250.jpg,Napa Extend,Paracetamol,RxHandBD-ML,train,Napa,exact_clean,100.0,55
D:\ediprjcursor\data\datasetHand\Training\training_words\1172.png,1172.png,Fenadin,Fexofenadine Hydrochloride,datasetHand,training,,,,29
D:\ediprjcursor\data\datasetHand\Training\training_words\1775.png,1775.png,Lumona,Montelukast Sodium,datasetHand,training,,,,44
D:\ediprjcursor\data\datasetHand\Training\training_words\417.png,417.png,Backtone,Baclofen,datasetHand,training,,,,10
D:\ediprjcursor\data\datasetHand\Training\training_words\768.png,768.png,Conaz,Fluconazole,datasetHand,training,,,,19
D:\ediprjcursor\data\datasetHand\Training\training_words\2903.png,2903.png,Tamen,Paracetamol,datasetHand,training,,,,72
D:\ediprjcursor\data\datasetHand\Training\training_words\1321.png,1321.png,Fixal,Fexofenadine Hydrochloride,datasetHand,training,,,,33
D:\ediprjcursor\data\datasetHand\Training\training_words\494.png,494.png,Baclon,Baclofen,datasetHand,training,,,,12
D:\ediprjcursor\data\datasetHand\Training\training_words\2488.png,2488.png,Opton,Esomeprazole,datasetHand,training,,,,62
D:\ediprjcursor\data\datasetHand\Training\training_words\2951.png,2951.png,Telfast,Fexofenadine Hydrochloride,datasetHand,training,,,,73
D:\ediprjcursor\data\datasetHand\Training\training_words\1737.png,1737.png,Lucan-R,Fluconazole,datasetHand,training,,,,43
D:\ediprjcursor\data\datasetHand\Training\training_words\1113.png,1113.png,Etizin,Cetirizine Hydrochloride,datasetHand,training,,,,27
D:\ediprjcursor\data\datasetHand\Training\training_words\1040.png,1040.png,Esoral,Esomeprazole,datasetHand,training,,,,26
D:\ediprjcursor\data\RxHandBD-ML\Train_Set\P1430.jpg,P1430.jpg,Flugal,Fluconazole,RxHandBD-ML,train,Flugal,exact_clean,100.0,37
D:\ediprjcursor\data\datasetHand\Training\training_words\341.png,341.png,Az,Azithromycin Dihydrate,datasetHand,training,,,,6
D:\ediprjcursor\data\RxHandBD-ML\Train_Set\P3500.jpg,P3500.jpg,Napa Extend,Paracetamol,RxHandBD-ML,train,Napa,exact_clean,100.0,55
D:\ediprjcursor\data\datasetHand\Training\training_words\1987.png,1987.png,Metsina,Metronidazole,datasetHand,training,,,,49
D:\ediprjcursor\data\datasetHand\Training\training_words\1800.png,1800.png,M-Kast,Montelukast Sodium,datasetHand,training,,,,45
D:\ediprjcursor\data\datasetHand\Training\training_words\1639.png,1639.png,Ketotab,Ketoconazole (Tablet),datasetHand,training,,,,40
D:\ediprjcursor\data\datasetHand\Training\training_words\1869.png,1869.png,Maxima,Esomeprazole,datasetHand,training,,,,46
D:\ediprjcursor\data\RxHandBD-ML\Train_Set\P3353.jpg,P3353.jpg,Fexo,Fexofenadine Hydrochloride,RxHandBD-ML,train,Fexo,exact_clean,100.0,30
D:\ediprjcursor\data\datasetHand\Training\training_words\1597.png,1597.png,Ketoral,Ketoconazole (Tablet),datasetHand,training,,,,39
D:\ediprjcursor\data\datasetHand\Training\training_words\1806.png,1806.png,M-Kast,Montelukast Sodium,datasetHand,training,,,,45
D:\ediprjcursor\data\datasetHand\Training\training_words\2815.png,2815.png,Rozith,Azithromycin Dihydrate,datasetHand,training,,,,70
D:\ediprjcursor\data\datasetHand\Training\training_words\1129.png,1129.png,Exium,Esomeprazole,datasetHand,training,,,,28
D:\ediprjcursor\data\datasetHand\Training\training_words\1543.png,1543.png,Ketocon,Ketoconazole (Shampoo),datasetHand,training,,,,38
D:\ediprjcursor\data\datasetHand\Training\training_words\1999.png,1999.png,Metsina,Metronidazole,datasetHand,training,,,,49
D:\ediprjcursor\data\datasetHand\Training\training_words\2074.png,2074.png,Montair,Montelukast Sodium,datasetHand,training,,,,51
D:\ediprjcursor\data\datasetHand\Training\training_words\662.png,662.png,Canazole,Fluconazole,datasetHand,training,,,,16
D:\ediprjcursor\data\datasetHand\Training\training_words\2035.png,2035.png,Monas,Montelukast Sodium,datasetHand,training,,,,50
D:\ediprjcursor\data\datasetHand\Training\training_words\1949.png,1949.png,Metro,Metronidazole,datasetHand,training,,,,48
D:\ediprjcursor\data\datasetHand\Training\training_words\972.png,972.png,Disopan,Clonazepam,datasetHand,training,,,,24
D:\ediprjcursor\data\datasetHand\Training\training_words\539.png,539.png,Bacmax,Baclofen,datasetHand,training,,,,13
D:\ediprjcursor\data\datasetHand\Training\training_words\2088.png,2088.png,Montene,Montelukast Sodium,datasetHand,training,,,,52
D:\ediprjcursor\data\datasetHand\Training\training_words\631.png,631.png,Bicozin,Vitamin B Complex + Zinc,datasetHand,training,,,,15
D:\ediprjcursor\data\datasetHand\Training\training_words\2807.png,2807.png,Rozith,Azithromycin Dihydrate,datasetHand,training,,,,70
D:\ediprjcursor\data\datasetHand\Training\training_words\1322.png,1322.png,Fixal,Fexofenadine Hydrochloride,datasetHand,training,,,,33
D:\ediprjcursor\data\datasetHand\Training\training_words\251.png,251.png,Azithrocin,Azithromycin Dihydrate,datasetHand,training,,,,7
D:\ediprjcursor\data\datasetHand\Training\training_words\66.png,66.png,Ace,Paracetamol,datasetHand,training,,,,0
D:\ediprjcursor\data\datasetHand\Training\training_words\2463.png,2463.png,Omastin,Fluconazole,datasetHand,training,,,,61
D:\ediprjcursor\data\datasetHand\Training\training_words\1099.png,1099.png,Etizin,Cetirizine Hydrochloride,datasetHand,training,,,,27
D:\ediprjcursor\data\RxHandBD-ML\Train_Set\P3435.jpg,P3435.jpg,Napa Extend,Paracetamol,RxHandBD-ML,train,Napa,exact_clean,100.0,55
D:\ediprjcursor\data\datasetHand\Training\training_words\1146.png,1146.png,Exium,Esomeprazole,datasetHand,training,,,,28
D:\ediprjcursor\data\RxHandBD-ML\Train_Set\P3410.jpg,P3410.jpg,Napa Extend,Paracetamol,RxHandBD-ML,train,Napa,exact_clean,100.0,55
D:\ediprjcursor\data\datasetHand\Training\training_words\2493.png,2493.png,Opton,Esomeprazole,datasetHand,training,,,,62
D:\ediprjcursor\data\RxHandBD-ML\Train_Set\P5438.jpg,P5438.jpg,Beklo,Baclofen,RxHandBD-ML,train,beklo,exact_clean,100.0,14
D:\ediprjcursor\data\RxHandBD-ML\Train_Set\P2678.jpg,P2678.jpg,Rivotril,Clonazepam,RxHandBD-ML,train,Rivotril,exact_clean,100.0,68
D:\ediprjcursor\data\datasetHand\Training\training_words\2164.png,2164.png,Napa Extend,Paracetamol,datasetHand,training,,,,55
D:\ediprjcursor\data\datasetHand\Training\training_words\330.png,330.png,Az,Azithromycin Dihydrate,datasetHand,training,,,,6
D:\ediprjcursor\data\datasetHand\Training\training_words\2473.png,2473.png,Omastin,Fluconazole,datasetHand,training,,,,61
D:\ediprjcursor\data\datasetHand\Training\training_words\1281.png,1281.png,Filmet,Metronidazole,datasetHand,training,,,,32
D:\ediprjcursor\data\datasetHand\Training\training_words\2408.png,2408.png,Odmon,Montelukast Sodium,datasetHand,training,,,,60
D:\ediprjcursor\data\datasetHand\Training\training_words\1015.png,1015.png,Esonix,Esomeprazole,datasetHand,training,,,,25
D:\ediprjcursor\data\datasetHand\Training\training_words\1739.png,1739.png,Lucan-R,Fluconazole,datasetHand,training,,,,43
D:\ediprjcursor\data\datasetHand\Training\training_words\538.png,538.png,Bacmax,Baclofen,datasetHand,training,,,,13
D:\ediprjcursor\data\datasetHand\Training\training_words\1995.png,1995.png,Metsina,Metronidazole,datasetHand,training,,,,49
D:\ediprjcursor\data\datasetHand\Training\training_words\3020.png,3020.png,Trilock,Montelukast Sodium,datasetHand,training,,,,75
D:\ediprjcursor\data\datasetHand\Training\training_words\176.png,176.png,Atrizin,Cetirizine Hydrochloride,datasetHand,training,,,,4
D:\ediprjcursor\data\RxHandBD-ML\Train_Set\P5142.jpg,P5142.jpg,Metro,Metronidazole,RxHandBD-ML,train,metro,exact_clean,100.0,48
D:\ediprjcursor\data\datasetHand\Training\training_words\763.png,763.png,Conaz,Fluconazole,datasetHand,training,,,,19
D:\ediprjcursor\data\datasetHand\Training\training_words\829.png,829.png,Dancel,Ketoconazole (Shampoo),datasetHand,training,,,,20
D:\ediprjcursor\data\datasetHand\Training\training_words\1422.png,1422.png,Flexibac,Baclofen,datasetHand,training,,,,35
D:\ediprjcursor\data\datasetHand\Training\training_words\2218.png,2218.png,Napa,Paracetamol,datasetHand,training,,,,54
D:\ediprjcursor\data\datasetHand\Training\training_words\1098.png,1098.png,Etizin,Cetirizine Hydrochloride,datasetHand,training,,,,27
D:\ediprjcursor\data\datasetHand\Training\training_words\2623.png,2623.png,Renova,Paracetamol,datasetHand,training,,,,65
D:\ediprjcursor\data\datasetHand\Training\training_words\2707.png,2707.png,Ritch,Fexofenadine Hydrochloride,datasetHand,training,,,,67
D:\ediprjcursor\data\datasetHand\Training\training_words\3053.png,3053.png,Vifas,Fexofenadine Hydrochloride,datasetHand,training,,,,76
D:\ediprjcursor\data\datasetHand\Training\training_words\2096.png,2096.png,Montene,Montelukast Sodium,datasetHand,training,,,,52
D:\ediprjcursor\data\datasetHand\Training\training_words\1008.png,1008.png,Esonix,Esomeprazole,datasetHand,training,,,,25
D:\ediprjcursor\data\datasetHand\Training\training_words\1325.png,1325.png,Fixal,Fexofenadine Hydrochloride,datasetHand,training,,,,33
D:\ediprjcursor\data\datasetHand\Training\training_words\2496.png,2496.png,Opton,Esomeprazole,datasetHand,training,,,,62
D:\ediprjcursor\data\datasetHand\Training\training_words\2622.png,2622.png,Renova,Paracetamol,datasetHand,training,,,,65
D:\ediprjcursor\data\RxHandBD-ML\Train_Set\P2311.jpg,P2311.jpg,Montene,Montelukast Sodium,RxHandBD-ML,train,Montene,exact_clean,100.0,52
D:\ediprjcursor\data\RxHandBD-ML\Train_Set\P3406.jpg,P3406.jpg,Napa Extend,Paracetamol,RxHandBD-ML,train,Napa,exact_clean,100.0,55
D:\ediprjcursor\data\datasetHand\Training\training_words\1500.png,1500.png,Flugal,Fluconazole,datasetHand,training,,,,37
D:\ediprjcursor\data\datasetHand\Training\training_words\1276.png,1276.png,Fexo,Fexofenadine Hydrochloride,datasetHand,training,,,,30
D:\ediprjcursor\data\datasetHand\Training\training_words\1729.png,1729.png,Lucan-R,Fluconazole,datasetHand,training,,,,43
D:\ediprjcursor\data\datasetHand\Training\training_words\2034.png,2034.png,Monas,Montelukast Sodium,datasetHand,training,,,,50
D:\ediprjcursor\data\datasetHand\Training\training_words\2942.png,2942.png,Telfast,Fexofenadine Hydrochloride,datasetHand,training,,,,73
D:\ediprjcursor\data\datasetHand\Training\training_words\420.png,420.png,Backtone,Baclofen,datasetHand,training,,,,10
D:\ediprjcursor\data\datasetHand\Training\training_words\1041.png,1041.png,Esoral,Esomeprazole,datasetHand,training,,,,26
D:\ediprjcursor\data\datasetHand\Training\training_words\2957.png,2957.png,Telfast,Fexofenadine Hydrochloride,datasetHand,training,,,,73
D:\ediprjcursor\data\datasetHand\Training\training_words\1234.png,1234.png,Fexofast,Fexofenadine Hydrochloride,datasetHand,training,,,,31
D:\ediprjcursor\data\datasetHand\Training\training_words\1761.png,1761.png,Lumona,Montelukast Sodium,datasetHand,training,,,,44
D:\ediprjcursor\data\datasetHand\Training\training_words\1789.png,1789.png,Lumona,Montelukast Sodium,datasetHand,training,,,,44
D:\ediprjcursor\data\datasetHand\Training\training_words\1469.png,1469.png,Flexilax,Baclofen,datasetHand,training,,,,36
D:\ediprjcursor\data\datasetHand\Training\training_words\2557.png,2557.png,Progut,Esomeprazole,datasetHand,training,,,,63
D:\ediprjcursor\data\RxHandBD-ML\Train_Set\P4045.jpg,P4045.jpg,Fexofast,Fexofenadine Hydrochloride,RxHandBD-ML,train,Fexofast,exact_clean,100.0,31
D:\ediprjcursor\data\datasetHand\Training\training_words\1203.png,1203.png,Fexofast,Fexofenadine Hydrochloride,datasetHand,training,,,,31
D:\ediprjcursor\data\datasetHand\Training\training_words\2740.png,2740.png,Rivotril,Clonazepam,datasetHand,training,,,,68
D:\ediprjcursor\data\datasetHand\Training\training_words\18.png,18.png,Aceta,Paracetamol,datasetHand,training,,,,1
D:\ediprjcursor\data\datasetHand\Training\training_words\1249.png,1249.png,Fexo,Fexofenadine Hydrochloride,datasetHand,training,,,,30
D:\ediprjcursor\data\datasetHand\Training\training_words\2745.png,2745.png,Rivotril,Clonazepam,datasetHand,training,,,,68
D:\ediprjcursor\data\datasetHand\Training\training_words\185.png,185.png,Atrizin,Cetirizine Hydrochloride,datasetHand,training,,,,4
D:\ediprjcursor\data\datasetHand\Training\training_words\800.png,800.png,Dancel,Ketoconazole (Shampoo),datasetHand,training,,,,20
D:\ediprjcursor\data\datasetHand\Training\training_words\1882.png,1882.png,Maxpro,Esomeprazole,datasetHand,training,,,,47
D:\ediprjcursor\data\datasetHand\Training\training_words\1892.png,1892.png,Maxpro,Esomeprazole,datasetHand,training,,,,47
D:\ediprjcursor\data\datasetHand\Training\training_words\1785.png,1785.png,Lumona,Montelukast Sodium,datasetHand,training,,,,44
D:\ediprjcursor\data\datasetHand\Training\training_words\1735.png,1735.png,Lucan-R,Fluconazole,datasetHand,training,,,,43
D:\ediprjcursor\data\datasetHand\Training\training_words\2914.png,2914.png,Tamen,Paracetamol,datasetHand,training,,,,72
D:\ediprjcursor\data\datasetHand\Training\training_words\235.png,235.png,Axodin,Fexofenadine Hydrochloride,datasetHand,training,,,,5
D:\ediprjcursor\data\datasetHand\Training\training_words\3021.png,3021.png,Trilock,Montelukast Sodium,datasetHand,training,,,,75
D:\ediprjcursor\data\RxHandBD-ML\Train_Set\P1778.jpg,P1778.jpg,Nexum,Esomeprazole,RxHandBD-ML,train,Nexum,exact_clean,100.0,57
D:\ediprjcursor\data\datasetHand\Training\training_words\1523.png,1523.png,Ketocon,Ketoconazole (Shampoo),datasetHand,training,,,,38
D:\ediprjcursor\data\RxHandBD-ML\Train_Set\P5510.jpg,P5510.jpg,Filmet,Metronidazole,RxHandBD-ML,train,filmet,exact_clean,100.0,32
D:\ediprjcursor\data\datasetHand\Training\training_words\3116.png,3116.png,Zithrin,Azithromycin Dihydrate,datasetHand,training,,,,77
D:\ediprjcursor\data\datasetHand\Training\training_words\545.png,545.png,Bacmax,Baclofen,datasetHand,training,,,,13
D:\ediprjcursor\data\datasetHand\Training\training_words\1984.png,1984.png,Metsina,Metronidazole,datasetHand,training,,,,49
D:\ediprjcursor\data\datasetHand\Training\training_words\2611.png,2611.png,Renova,Paracetamol,datasetHand,training,,,,65
D:\ediprjcursor\data\RxHandBD-ML\Train_Set\P1438.jpg,P1438.jpg,Maxpro,Esomeprazole,RxHandBD-ML,train,Tab. Maxpro,exact_clean,100.0,47
D:\ediprjcursor\data\datasetHand\Training\training_words\1201.png,1201.png,Fexofast,Fexofenadine Hydrochloride,datasetHand,training,,,,31
D:\ediprjcursor\data\datasetHand\Training\training_words\1883.png,1883.png,Maxpro,Esomeprazole,datasetHand,training,,,,47
D:\ediprjcursor\data\datasetHand\Training\training_words\792.png,792.png,Conaz,Fluconazole,datasetHand,training,,,,19
D:\ediprjcursor\data\datasetHand\Training\training_words\1183.png,1183.png,Fenadin,Fexofenadine Hydrochloride,datasetHand,training,,,,29
D:\ediprjcursor\data\datasetHand\Training\training_words\1471.png,1471.png,Flexilax,Baclofen,datasetHand,training,,,,36
D:\ediprjcursor\data\datasetHand\Training\training_words\2631.png,2631.png,Renova,Paracetamol,datasetHand,training,,,,65
D:\ediprjcursor\data\datasetHand\Training\training_words\2935.png,2935.png,Telfast,Fexofenadine Hydrochloride,datasetHand,training,,,,73
D:\ediprjcursor\data\datasetHand\Training\training_words\2879.png,2879.png,Sergel,Esomeprazole,datasetHand,training,,,,71
D:\ediprjcursor\data\RxHandBD-ML\Train_Set\P3196.jpg,P3196.jpg,Napa Extend,Paracetamol,RxHandBD-ML,train,Napa,exact_clean,100.0,55
D:\ediprjcursor\data\datasetHand\Training\training_words\2360.png,2360.png,Nizoder,Ketoconazole (Cream),datasetHand,training,,,,59
D:\ediprjcursor\data\datasetHand\Training\training_words\2460.png,2460.png,Omastin,Fluconazole,datasetHand,training,,,,61
D:\ediprjcursor\data\datasetHand\Training\training_words\2978.png,2978.png,Tridosil,Azithromycin Dihydrate,datasetHand,training,,,,74
D:\ediprjcursor\data\datasetHand\Training\training_words\1763.png,1763.png,Lumona,Montelukast Sodium,datasetHand,training,,,,44
D:\ediprjcursor\data\datasetHand\Training\training_words\537.png,537.png,Bacmax,Baclofen,datasetHand,training,,,,13
D:\ediprjcursor\data\datasetHand\Training\training_words\2607.png,2607.png,Renova,Paracetamol,datasetHand,training,,,,65
D:\ediprjcursor\data\datasetHand\Training\training_words\163.png,163.png,Atrizin,Cetirizine Hydrochloride,datasetHand,training,,,,4
D:\ediprjcursor\data\datasetHand\Training\training_words\2687.png,2687.png,Ritch,Fexofenadine Hydrochloride,datasetHand,training,,,,67
D:\ediprjcursor\data\datasetHand\Training\training_words\1981.png,1981.png,Metsina,Metronidazole,datasetHand,training,,,,49
D:\ediprjcursor\data\datasetHand\Training\training_words\1310.png,1310.png,Filmet,Metronidazole,datasetHand,training,,,,32
D:\ediprjcursor\data\datasetHand\Training\training_words\1873.png,1873.png,Maxima,Esomeprazole,datasetHand,training,,,,46
D:\ediprjcursor\data\datasetHand\Training\training_words\461.png,461.png,Baclofen,Baclofen,datasetHand,training,,,,11
D:\ediprjcursor\data\datasetHand\Training\training_words\1395.png,1395.png,Flamyd,Metronidazole,datasetHand,training,,,,34
D:\ediprjcursor\data\datasetHand\Training\training_words\2338.png,2338.png,Nidazyl,Metronidazole,datasetHand,training,,,,58
D:\ediprjcursor\data\RxHandBD-ML\Train_Set\P2941.jpg,P2941.jpg,Nexum,Esomeprazole,RxHandBD-ML,train,Nexum,exact_clean,100.0,57
D:\ediprjcursor\data\datasetHand\Training\training_words\1535.png,1535.png,Ketocon,Ketoconazole (Shampoo),datasetHand,training,,,,38
D:\ediprjcursor\data\datasetHand\Training\training_words\2191.png,2191.png,Napa Extend,Paracetamol,datasetHand,training,,,,55
D:\ediprjcursor\data\datasetHand\Training\training_words\216.png,216.png,Axodin,Fexofenadine Hydrochloride,datasetHand,training,,,,5
D:\ediprjcursor\data\datasetHand\Training\training_words\1088.png,1088.png,Etizin,Cetirizine Hydrochloride,datasetHand,training,,,,27
D:\ediprjcursor\data\datasetHand\Training\training_words\1297.png,1297.png,Filmet,Metronidazole,datasetHand,training,,,,32
D:\ediprjcursor\data\datasetHand\Training\training_words\1626.png,1626.png,Ketotab,Ketoconazole (Tablet),datasetHand,training,,,,40
D:\ediprjcursor\data\RxHandBD-ML\Train_Set\P4149.jpg,P4149.jpg,Napa Extend,Paracetamol,RxHandBD-ML,train,Napa,exact_clean,100.0,55
D:\ediprjcursor\data\datasetHand\Training\training_words\504.png,504.png,Baclon,Baclofen,datasetHand,training,,,,12
D:\ediprjcursor\data\datasetHand\Training\training_words\1127.png,1127.png,Exium,Esomeprazole,datasetHand,training,,,,28
D:\ediprjcursor\data\datasetHand\Training\training_words\994.png,994.png,Disopan,Clonazepam,datasetHand,training,,,,24
D:\ediprjcursor\data\datasetHand\Training\training_words\2982.png,2982.png,Tridosil,Azithromycin Dihydrate,datasetHand,training,,,,74
D:\ediprjcursor\data\datasetHand\Training\training_words\642.png,642.png,Canazole,Fluconazole,datasetHand,training,,,,16
D:\ediprjcursor\data\datasetHand\Training\training_words\257.png,257.png,Azithrocin,Azithromycin Dihydrate,datasetHand,training,,,,7
D:\ediprjcursor\data\datasetHand\Training\training_words\358.png,358.png,Az,Azithromycin Dihydrate,datasetHand,training,,,,6
D:\ediprjcursor\data\datasetHand\Training\training_words\2479.png,2479.png,Omastin,Fluconazole,datasetHand,training,,,,61
D:\ediprjcursor\data\datasetHand\Training\training_words\771.png,771.png,Conaz,Fluconazole,datasetHand,training,,,,19
D:\ediprjcursor\data\datasetHand\Training\training_words\2071.png,2071.png,Montair,Montelukast Sodium,datasetHand,training,,,,51
D:\ediprjcursor\data\datasetHand\Training\training_words\169.png,169.png,Atrizin,Cetirizine Hydrochloride,datasetHand,training,,,,4
D:\ediprjcursor\data\datasetHand\Training\training_words\2983.png,2983.png,Tridosil,Azithromycin Dihydrate,datasetHand,training,,,,74
D:\ediprjcursor\data\datasetHand\Training\training_words\2246.png,2246.png,Nexcap,Esomeprazole,datasetHand,training,,,,56
D:\ediprjcursor\data\datasetHand\Training\training_words\1859.png,1859.png,Maxima,Esomeprazole,datasetHand,training,,,,46
D:\ediprjcursor\data\datasetHand\Training\training_words\54.png,54.png,Ace,Paracetamol,datasetHand,training,,,,0
D:\ediprjcursor\data\RxHandBD-ML\Train_Set\P2722.jpg,P2722.jpg,Filmet,Metronidazole,RxHandBD-ML,train,Filmet,exact_clean,100.0,32
D:\ediprjcursor\data\datasetHand\Training\training_words\691.png,691.png,Candinil,Fluconazole,datasetHand,training,,,,17
D:\ediprjcursor\data\datasetHand\Training\training_words\679.png,679.png,Canazole,Fluconazole,datasetHand,training,,,,16
D:\ediprjcursor\data\datasetHand\Training\training_words\133.png,133.png,Amodis,Metronidazole,datasetHand,training,,,,3
D:\ediprjcursor\data\datasetHand\Training\training_words\2579.png,2579.png,Provair,Montelukast Sodium,datasetHand,training,,,,64
D:\ediprjcursor\data\datasetHand\Training\training_words\52.png,52.png,Ace,Paracetamol,datasetHand,training,,,,0
D:\ediprjcursor\data\datasetHand\Training\training_words\29.png,29.png,Aceta,Paracetamol,datasetHand,training,,,,1
D:\ediprjcursor\data\datasetHand\Training\training_words\1529.png,1529.png,Ketocon,Ketoconazole (Shampoo),datasetHand,training,,,,38
D:\ediprjcursor\data\datasetHand\Training\training_words\854.png,854.png,Denixil,Clonazepam,datasetHand,training,,,,21
D:\ediprjcursor\data\datasetHand\Training\training_words\2442.png,2442.png,Omastin,Fluconazole,datasetHand,training,,,,61
D:\ediprjcursor\data\datasetHand\Training\training_words\1458.png,1458.png,Flexilax,Baclofen,datasetHand,training,,,,36
D:\ediprjcursor\data\RxHandBD-ML\Train_Set\P4130.jpg,P4130.jpg,Napa Extend,Paracetamol,RxHandBD-ML,train,Napa,exact_clean,100.0,55
D:\ediprjcursor\data\datasetHand\Training\training_words\297.png,297.png,Azyth,Azithromycin Dihydrate,datasetHand,training,,,,8
D:\ediprjcursor\data\datasetHand\Training\training_words\153.png,153.png,Amodis,Metronidazole,datasetHand,training,,,,3
D:\ediprjcursor\data\datasetHand\Training\training_words\2600.png,2600.png,Renova,Paracetamol,datasetHand,training,,,,65
D:\ediprjcursor\data\datasetHand\Training\training_words\2140.png,2140.png,Montex,Montelukast Sodium,datasetHand,training,,,,53
D:\ediprjcursor\data\datasetHand\Training\training_words\834.png,834.png,Dancel,Ketoconazole (Shampoo),datasetHand,training,,,,20
D:\ediprjcursor\data\datasetHand\Training\training_words\2060.png,2060.png,Montair,Montelukast Sodium,datasetHand,training,,,,51
D:\ediprjcursor\data\datasetHand\Training\training_words\63.png,63.png,Ace,Paracetamol,datasetHand,training,,,,0
D:\ediprjcursor\data\datasetHand\Training\training_words\2825.png,2825.png,Rozith,Azithromycin Dihydrate,datasetHand,training,,,,70
D:\ediprjcursor\data\datasetHand\Training\training_words\1352.png,1352.png,Fixal,Fexofenadine Hydrochloride,datasetHand,training,,,,33
D:\ediprjcursor\data\datasetHand\Training\training_words\2564.png,2564.png,Provair,Montelukast Sodium,datasetHand,training,,,,64
D:\ediprjcursor\data\datasetHand\Training\training_words\2009.png,2009.png,Monas,Montelukast Sodium,datasetHand,training,,,,50
D:\ediprjcursor\data\RxHandBD-ML\Train_Set\P5540.jpg,P5540.jpg,Exium,Esomeprazole,RxHandBD-ML,train,exium,exact_clean,100.0,28
D:\ediprjcursor\data\datasetHand\Training\training_words\1202.png,1202.png,Fexofast,Fexofenadine Hydrochloride,datasetHand,training,,,,31
D:\ediprjcursor\data\datasetHand\Training\training_words\2770.png,2770.png,Romycin,Azithromycin Dihydrate (Ophthalmic),datasetHand,training,,,,69
D:\ediprjcursor\data\datasetHand\Training\training_words\1578.png,1578.png,Ketoral,Ketoconazole (Tablet),datasetHand,training,,,,39
D:\ediprjcursor\data\datasetHand\Training\training_words\3056.png,3056.png,Vifas,Fexofenadine Hydrochloride,datasetHand,training,,,,76
D:\ediprjcursor\data\datasetHand\Training\training_words\1000.png,1000.png,Esonix,Esomeprazole,datasetHand,training,,,,25
D:\ediprjcursor\data\datasetHand\Training\training_words\1093.png,1093.png,Etizin,Cetirizine Hydrochloride,datasetHand,training,,,,27
D:\ediprjcursor\data\datasetHand\Training\training_words\2670.png,2670.png,Rhinil,Cetirizine Hydrochloride,datasetHand,training,,,,66
D:\ediprjcursor\data\datasetHand\Training\training_words\125.png,125.png,Amodis,Metronidazole,datasetHand,training,,,,3
D:\ediprjcursor\data\datasetHand\Training\training_words\2206.png,2206.png,Napa,Paracetamol,datasetHand,training,,,,54
D:\ediprjcursor\data\datasetHand\Training\training_words\2850.png,2850.png,Sergel,Esomeprazole,datasetHand,training,,,,71
D:\ediprjcursor\data\datasetHand\Training\training_words\186.png,186.png,Atrizin,Cetirizine Hydrochloride,datasetHand,training,,,,4
D:\ediprjcursor\data\datasetHand\Training\training_words\3112.png,3112.png,Zithrin,Azithromycin Dihydrate,datasetHand,training,,,,77
D:\ediprjcursor\data\datasetHand\Training\training_words\1107.png,1107.png,Etizin,Cetirizine Hydrochloride,datasetHand,training,,,,27
D:\ediprjcursor\data\datasetHand\Training\training_words\3057.png,3057.png,Vifas,Fexofenadine Hydrochloride,datasetHand,training,,,,76
D:\ediprjcursor\data\datasetHand\Training\training_words\2037.png,2037.png,Monas,Montelukast Sodium,datasetHand,training,,,,50
D:\ediprjcursor\data\datasetHand\Training\training_words\2176.png,2176.png,Napa Extend,Paracetamol,datasetHand,training,,,,55
D:\ediprjcursor\data\datasetHand\Training\training_words\744.png,744.png,Cetisoft,Cetirizine Hydrochloride,datasetHand,training,,,,18
D:\ediprjcursor\data\datasetHand\Training\training_words\107.png,107.png,Alatrol,Cetirizine Hydrochloride,datasetHand,training,,,,2
D:\ediprjcursor\data\RxHandBD-ML\Train_Set\P4905.jpg,P4905.jpg,Napa Extend,Paracetamol,RxHandBD-ML,train,napa,exact_clean,100.0,55
D:\ediprjcursor\data\datasetHand\Training\training_words\2005.png,2005.png,Monas,Montelukast Sodium,datasetHand,training,,,,50
D:\ediprjcursor\data\datasetHand\Training\training_words\2867.png,2867.png,Sergel,Esomeprazole,datasetHand,training,,,,71
D:\ediprjcursor\data\datasetHand\Training\training_words\868.png,868.png,Denixil,Clonazepam,datasetHand,training,,,,21
D:\ediprjcursor\data\datasetHand\Training\training_words\855.png,855.png,Denixil,Clonazepam,datasetHand,training,,,,21
D:\ediprjcursor\data\datasetHand\Training\training_words\2172.png,2172.png,Napa Extend,Paracetamol,datasetHand,training,,,,55
D:\ediprjcursor\data\datasetHand\Training\training_words\486.png,486.png,Baclon,Baclofen,datasetHand,training,,,,12
D:\ediprjcursor\data\datasetHand\Training\training_words\2744.png,2744.png,Rivotril,Clonazepam,datasetHand,training,,,,68
D:\ediprjcursor\data\datasetHand\Training\training_words\1452.png,1452.png,Flexilax,Baclofen,datasetHand,training,,,,36
D:\ediprjcursor\data\RxHandBD-ML\Train_Set\P4258.jpg,P4258.jpg,Maxpro,Esomeprazole,RxHandBD-ML,train,Maxpro,exact_clean,100.0,47
D:\ediprjcursor\data\RxHandBD-ML\Train_Set\P2863.jpg,P2863.jpg,Flugal,Fluconazole,RxHandBD-ML,train,Flugal,exact_clean,100.0,37
D:\ediprjcursor\data\datasetHand\Training\training_words\840.png,840.png,Denixil,Clonazepam,datasetHand,training,,,,21
D:\ediprjcursor\data\datasetHand\Training\training_words\712.png,712.png,Candinil,Fluconazole,datasetHand,training,,,,17
D:\ediprjcursor\data\datasetHand\Training\training_words\1044.png,1044.png,Esoral,Esomeprazole,datasetHand,training,,,,26
D:\ediprjcursor\data\datasetHand\Training\training_words\2046.png,2046.png,Montair,Montelukast Sodium,datasetHand,training,,,,51
D:\ediprjcursor\data\datasetHand\Training\training_words\2966.png,2966.png,Tridosil,Azithromycin Dihydrate,datasetHand,training,,,,74
D:\ediprjcursor\data\datasetHand\Training\training_words\832.png,832.png,Dancel,Ketoconazole (Shampoo),datasetHand,training,,,,20
D:\ediprjcursor\data\datasetHand\Training\training_words\2406.png,2406.png,Odmon,Montelukast Sodium,datasetHand,training,,,,60
D:\ediprjcursor\data\datasetHand\Training\training_words\1096.png,1096.png,Etizin,Cetirizine Hydrochloride,datasetHand,training,,,,27
D:\ediprjcursor\data\datasetHand\Training\training_words\1881.png,1881.png,Maxpro,Esomeprazole,datasetHand,training,,,,47
D:\ediprjcursor\data\datasetHand\Training\training_words\1269.png,1269.png,Fexo,Fexofenadine Hydrochloride,datasetHand,training,,,,30
D:\ediprjcursor\data\datasetHand\Training\training_words\700.png,700.png,Candinil,Fluconazole,datasetHand,training,,,,17
D:\ediprjcursor\data\datasetHand\Training\training_words\2186.png,2186.png,Napa Extend,Paracetamol,datasetHand,training,,,,55
D:\ediprjcursor\data\datasetHand\Training\training_words\1207.png,1207.png,Fexofast,Fexofenadine Hydrochloride,datasetHand,training,,,,31
D:\ediprjcursor\data\datasetHand\Training\training_words\1428.png,1428.png,Flexibac,Baclofen,datasetHand,training,,,,35
D:\ediprjcursor\data\datasetHand\Training\training_words\1184.png,1184.png,Fenadin,Fexofenadine Hydrochloride,datasetHand,training,,,,29
D:\ediprjcursor\data\datasetHand\Training\training_words\599.png,599.png,Beklo,Baclofen,datasetHand,training,,,,14
D:\ediprjcursor\data\datasetHand\Training\training_words\1769.png,1769.png,Lumona,Montelukast Sodium,datasetHand,training,,,,44
D:\ediprjcursor\data\datasetHand\Training\training_words\2755.png,2755.png,Rivotril,Clonazepam,datasetHand,training,,,,68
D:\ediprjcursor\data\datasetHand\Training\training_words\2553.png,2553.png,Progut,Esomeprazole,datasetHand,training,,,,63
D:\ediprjcursor\data\datasetHand\Training\training_words\2039.png,2039.png,Monas,Montelukast Sodium,datasetHand,training,,,,50
D:\ediprjcursor\data\datasetHand\Training\training_words\2152.png,2152.png,Montex,Montelukast Sodium,datasetHand,training,,,,53
D:\ediprjcursor\data\datasetHand\Training\training_words\313.png,313.png,Azyth,Azithromycin Dihydrate,datasetHand,training,,,,8
D:\ediprjcursor\data\RxHandBD-ML\Train_Set\P3428.jpg,P3428.jpg,Napa Extend,Paracetamol,RxHandBD-ML,train,Napa,exact_clean,100.0,55
D:\ediprjcursor\data\datasetHand\Training\training_words\1359.png,1359.png,Fixal,Fexofenadine Hydrochloride,datasetHand,training,,,,33
D:\ediprjcursor\data\datasetHand\Training\training_words\2296.png,2296.png,Nexum,Esomeprazole,datasetHand,training,,,,57
D:\ediprjcursor\data\datasetHand\Training\training_words\2264.png,2264.png,Nexcap,Esomeprazole,datasetHand,training,,,,56
D:\ediprjcursor\data\RxHandBD-ML\Train_Set\P3357.jpg,P3357.jpg,Napa Extend,Paracetamol,RxHandBD-ML,train,Napa,exact_clean,100.0,55
D:\ediprjcursor\data\RxHandBD-ML\Train_Set\P1138.jpg,P1138.jpg,Omastin,Fluconazole,RxHandBD-ML,train,Omastin,exact_clean,100.0,61
D:\ediprjcursor\data\datasetHand\Training\training_words\2972.png,2972.png,Tridosil,Azithromycin Dihydrate,datasetHand,training,,,,74
D:\ediprjcursor\data\datasetHand\Training\training_words\836.png,836.png,Dancel,Ketoconazole (Shampoo),datasetHand,training,,,,20
D:\ediprjcursor\data\datasetHand\Training\training_words\2852.png,2852.png,Sergel,Esomeprazole,datasetHand,training,,,,71
D:\ediprjcursor\data\datasetHand\Training\training_words\1556.png,1556.png,Ketocon,Ketoconazole (Shampoo),datasetHand,training,,,,38
D:\ediprjcursor\data\datasetHand\Training\training_words\2846.png,2846.png,Sergel,Esomeprazole,datasetHand,training,,,,71
D:\ediprjcursor\data\datasetHand\Training\training_words\1252.png,1252.png,Fexo,Fexofenadine Hydrochloride,datasetHand,training,,,,30
D:\ediprjcursor\data\datasetHand\Training\training_words\179.png,179.png,Atrizin,Cetirizine Hydrochloride,datasetHand,training,,,,4
D:\ediprjcursor\data\datasetHand\Training\training_words\2102.png,2102.png,Montene,Montelukast Sodium,datasetHand,training,,,,52
D:\ediprjcursor\data\datasetHand\Training\training_words\1454.png,1454.png,Flexilax,Baclofen,datasetHand,training,,,,36
D:\ediprjcursor\data\datasetHand\Training\training_words\2382.png,2382.png,Nizoder,Ketoconazole (Cream),datasetHand,training,,,,59
D:\ediprjcursor\data\datasetHand\Training\training_words\2577.png,2577.png,Provair,Montelukast Sodium,datasetHand,training,,,,64
D:\ediprjcursor\data\RxHandBD-ML\Train_Set\P4288.jpg,P4288.jpg,Sergel,Esomeprazole,RxHandBD-ML,train,Sergel,exact_clean,100.0,71
D:\ediprjcursor\data\datasetHand\Training\training_words\2784.png,2784.png,Romycin,Azithromycin Dihydrate (Ophthalmic),datasetHand,training,,,,69
D:\ediprjcursor\data\datasetHand\Training\training_words\1254.png,1254.png,Fexo,Fexofenadine Hydrochloride,datasetHand,training,,,,30
D:\ediprjcursor\data\datasetHand\Training\training_words\2404.png,2404.png,Odmon,Montelukast Sodium,datasetHand,training,,,,60
D:\ediprjcursor\data\RxHandBD-ML\Train_Set\P4269.jpg,P4269.jpg,Fixal,Fexofenadine Hydrochloride,RxHandBD-ML,train,Fixal,exact_clean,100.0,33
D:\ediprjcursor\data\datasetHand\Training\training_words\1111.png,1111.png,Etizin,Cetirizine Hydrochloride,datasetHand,training,,,,27
D:\ediprjcursor\data\datasetHand\Training\training_words\2802.png,2802.png,Rozith,Azithromycin Dihydrate,datasetHand,training,,,,70
D:\ediprjcursor\data\datasetHand\Training\training_words\1537.png,1537.png,Ketocon,Ketoconazole (Shampoo),datasetHand,training,,,,38
D:\ediprjcursor\data\RxHandBD-ML\Train_Set\P3831.jpg,P3831.jpg,Napa Extend,Paracetamol,RxHandBD-ML,train,Napa,exact_clean,100.0,55
D:\ediprjcursor\data\datasetHand\Training\training_words\1903.png,1903.png,Maxpro,Esomeprazole,datasetHand,training,,,,47
D:\ediprjcursor\data\datasetHand\Training\training_words\1823.png,1823.png,M-Kast,Montelukast Sodium,datasetHand,training,,,,45
D:\ediprjcursor\data\datasetHand\Training\training_words\1014.png,1014.png,Esonix,Esomeprazole,datasetHand,training,,,,25
D:\ediprjcursor\data\datasetHand\Training\training_words\462.png,462.png,Baclofen,Baclofen,datasetHand,training,,,,11
D:\ediprjcursor\data\datasetHand\Training\training_words\174.png,174.png,Atrizin,Cetirizine Hydrochloride,datasetHand,training,,,,4
D:\ediprjcursor\data\datasetHand\Training\training_words\363.png,363.png,Bacaid,Baclofen,datasetHand,training,,,,9
D:\ediprjcursor\data\datasetHand\Training\training_words\1856.png,1856.png,Maxima,Esomeprazole,datasetHand,training,,,,46
D:\ediprjcursor\data\datasetHand\Training\training_words\1267.png,1267.png,Fexo,Fexofenadine Hydrochloride,datasetHand,training,,,,30
D:\ediprjcursor\data\datasetHand\Training\training_words\441.png,441.png,Baclofen,Baclofen,datasetHand,training,,,,11
D:\ediprjcursor\data\datasetHand\Training\training_words\407.png,407.png,Backtone,Baclofen,datasetHand,training,,,,10
D:\ediprjcursor\data\datasetHand\Training\training_words\932.png,932.png,Dinafex,Fexofenadine Hydrochloride,datasetHand,training,,,,23
D:\ediprjcursor\data\datasetHand\Training\training_words\1705.png,1705.png,Leptic,Clonazepam,datasetHand,training,,,,42
D:\ediprjcursor\data\datasetHand\Training\training_words\1634.png,1634.png,Ketotab,Ketoconazole (Tablet),datasetHand,training,,,,40
D:\ediprjcursor\data\RxHandBD-ML\Train_Set\P3160.jpg,P3160.jpg,Maxima,Esomeprazole,RxHandBD-ML,train,Maxima,exact_clean,100.0,46
D:\ediprjcursor\data\RxHandBD-ML\Train_Set\P3154.jpg,P3154.jpg,Fenadin,Fexofenadine Hydrochloride,RxHandBD-ML,train,Fenadin,exact_clean,100.0,29
D:\ediprjcursor\data\datasetHand\Training\training_words\2674.png,2674.png,Rhinil,Cetirizine Hydrochloride,datasetHand,training,,,,66
D:\ediprjcursor\data\datasetHand\Training\training_words\1652.png,1652.png,Ketozol,Ketoconazole (Shampoo),datasetHand,training,,,,41
D:\ediprjcursor\data\datasetHand\Training\training_words\1013.png,1013.png,Esonix,Esomeprazole,datasetHand,training,,,,25
D:\ediprjcursor\data\datasetHand\Training\training_words\466.png,466.png,Baclofen,Baclofen,datasetHand,training,,,,11
D:\ediprjcursor\data\datasetHand\Training\training_words\3069.png,3069.png,Vifas,Fexofenadine Hydrochloride,datasetHand,training,,,,76
D:\ediprjcursor\data\RxHandBD-ML\Train_Set\P5347.jpg,P5347.jpg,Napa Extend,Paracetamol,RxHandBD-ML,train,napa,exact_clean,100.0,55
D:\ediprjcursor\data\datasetHand\Training\training_words\2612.png,2612.png,Renova,Paracetamol,datasetHand,training,,,,65
